"conflict_type","openalex_id","publication_year","study_country","title","source_container","doi","url","marine_terrestrial","species_common","mitigation_tested","mitigation_outcome_measured","outcome_direction","tier"
"attacks on humans","W7166600224",2025,"multiple North African","Analisi degli attacchi di squali confermati nel Mediterraneo orientale e nel Mar di Marmara (1827-2025)","DiRROS repository (University of Maribor)",,"https://openalex.org/W7166600224","marine",,"not stated","not stated","not stated","B_regional_corroborated"
"attacks on humans","W4404190222",2024,"multiple North African","First Evidence of Individual Sharks Involved in Multiple Predatory Bites on People","Conservation Letters","https://doi.org/10.1111/conl.13067","https://doi.org/10.1111/conl.13067","marine","tiger shark, oceanic whitetip shark","yes","no","not measured","C_asserted_no_evidence"
"attacks on humans","W7167993435",2024,"multiple North African","Ferite inferte all’uomo dal sarago maggiore (Diplodus sargus)","DiRROS repository (University of Maribor)",,"https://openalex.org/W7167993435","marine","not stated","not stated","not stated","not stated","C_asserted_no_evidence"
"attacks on humans","W2992131427",2019,"multiple North African","Snake bites in morocco: Progress and challenges","Advances in Toxicology and Toxic Effects","https://doi.org/10.17352/atte.000004","https://doi.org/10.17352/atte.000004","terrestrial","snake","not stated","not stated","not stated","B_regional_corroborated"
"attacks on humans","W3039198569",2018,"multiple North African","The Human Crocodile Conflicts and the Sustainable Conflict Resolutions Review","International Journal of Environmental Sciences & Natural Resources","https://doi.org/10.19080/ijesnr.2018.13.555856","https://doi.org/10.19080/ijesnr.2018.13.555856","not stated","Nile crocodile","yes","yes","reduced conflict","B_regional_corroborated"
"bycatch","W7162558227",2026,"Tunisia","Elasmobranch bycatch in the cuttlefish trammel net fishery along the Bizerte coast (Northern Tunisia): composition and biological aspects","The European Zoological Journal","https://doi.org/10.1080/24750263.2026.2673641","https://doi.org/10.1080/24750263.2026.2673641","marine","elasmobranchs","no","no","not measured","A_named_country_corroborated"
"bycatch","W7125499556",2026,"multiple North African","A new record of the critically endangered Smoothback angelshark Squatina oculata from Algerian waters (GFCM-GSA 04): biological data and implications for management","University of Zagreb University Computing Centre (SRCE)","https://doi.org/10.20302/nc.2025.35.6","https://doi.org/10.20302/nc.2025.35.6","marine","Smoothback angelshark","not stated","not stated","not stated","B_regional_corroborated"
"bycatch","W7163541962",2026,"Egypt","Catchability Pattern of Cartilaginous Fishes with an Updated Their Diversity and Distribution Along the Egypt’s Mediterranean Coast: Conservation and Bycatch Challenges","Animals","https://doi.org/10.3390/ani16111730","https://doi.org/10.3390/ani16111730","marine","not stated","no","no","not stated","A_named_country_corroborated"
"bycatch","W4416097950",2025,"multiple North African","Fishing shapes cetacean population density patterns in the Mediterranean basin","Ecography","https://doi.org/10.1002/ecog.07919","https://doi.org/10.1002/ecog.07919","marine","cetaceans","no","no","not measured","C_asserted_no_evidence"
"bycatch","W4413766820",2025,"multiple North African","Seabird‐vessel interactions in industrial fisheries of Northwest Africa: Implications for international bycatch management","Journal of Applied Ecology","https://doi.org/10.1111/1365-2664.70139","https://doi.org/10.1111/1365-2664.70139","marine","Cape Verde shearwaters, Cory's shearwaters, Audouin's gulls","not stated","not stated","not stated","C_asserted_no_evidence"
"bycatch","W4416845933",2025,"multiple North African","Fishery Bycatch of Sea Turtles in the Moroccan Western Mediterranean Sea: An Assessment Based on Interviews with Fishermen","Egyptian Journal of Aquatic Biology and Fisheries","https://doi.org/10.21608/ejabf.2025.437909.6913","https://doi.org/10.21608/ejabf.2025.437909.6913","marine","sea turtle","not stated","not stated","not stated","B_regional_corroborated"
"bycatch","W4408717697",2025,"Egypt","Vulnerable Marine Vertebrates along the Egyptian Mediterranean Coast: Challenges to the Anthropogenic, Fisheries Bycatch and Climatic Changes","IntechOpen eBooks","https://doi.org/10.5772/intechopen.1009504","https://doi.org/10.5772/intechopen.1009504","marine","not stated","not stated","not stated","not stated","A_named_country_corroborated"
"bycatch","W7137890517",2025,"multiple North African","Impact of bycatch in tunisian coastal fisheries:Proposed fishing gear and practice modifications to Mitigate the effect on threatened sea turtles","Open MIND","https://doi.org/10.60713/pist-201256","https://doi.org/10.60713/pist-201256","marine","sea turtles","not stated","not stated","not stated","B_regional_corroborated"
"bycatch","W4392665905",2024,"Morocco","The bycatch estimate of threatened marine megavertebrates in Moroccan fleets operating in the Mediterranean Coast","E3S Web of Conferences","https://doi.org/10.1051/e3sconf/202450201001","https://doi.org/10.1051/e3sconf/202450201001","marine","seabirds, sea turtles, seals, marine mammals, sharks and rays, common dolphins","not stated","not stated","not stated","A_named_country_corroborated"
"bycatch","W4399241889",2024,"multiple North African","Preliminary Insights on the Habitat Use and Vertical Movements of Pelagic Stingray (Pteroplatytrygon violacea) in the Western Mediterranean Sea","Preprints.org","https://doi.org/10.20944/preprints202405.2055.v1","https://doi.org/10.20944/preprints202405.2055.v1","marine","Pelagic Stingray","not stated","not stated","not stated","C_asserted_no_evidence"
"bycatch","W4393069821",2024,"Morocco","Impact of interactions between common bottlenose dolphins and purse-seiners in the Moroccan Mediterranean region: case study in the Al Hoceima fishing grounds","African Journal of Marine Science","https://doi.org/10.2989/1814232x.2024.2310528","https://doi.org/10.2989/1814232x.2024.2310528","marine","common bottlenose dolphins","not stated","not stated","not stated","A_named_country_corroborated"
"bycatch","W4402784425",2024,"multiple North African","Assessing the vulnerability of sensitive species in Mediterranean fisheries: insights from productivity-susceptibility analysis","Frontiers in Marine Science","https://doi.org/10.3389/fmars.2024.1411033","https://doi.org/10.3389/fmars.2024.1411033","marine","sea turtles","not stated","not stated","not stated","C_asserted_no_evidence"
"bycatch","W4396218332",2024,"Tunisia","High Loggerhead (Caretta caretta) Bycatch Rate along with Several Endangered Target Species: Two Reasons to Look for Alternative to Traditional Large-Mesh Bottom-Set Gillnets (Garrasia) for More Sustainable Fisheries in the Gulf of Gabès (Tunisia)","Sustainability","https://doi.org/10.3390/su16093713","https://doi.org/10.3390/su16093713","marine","sea turtles","not stated","not stated","not stated","A_named_country_corroborated"
"bycatch","W4413435269",2024,"multiple North African","Assessment of Morphometric Characteristics and Conservation Challenges of Pteroplatytrygon Violacea (Bonaparte, 1832) in Libyan Waters","International Journal For Multidisciplinary Research","https://doi.org/10.36948/ijfmr.2024.v06i06.30931","https://doi.org/10.36948/ijfmr.2024.v06i06.30931","marine","pelagic stingray","not stated","not stated","not stated","B_regional_corroborated"
"bycatch","W4399672673",2024,"multiple North African","Additional records of the little sleeper shark, Somniosus rostratus (Elasmobranchii: Squaliformes: Somniosidae), in Mediterranean Sea","Acta Ichthyologica Et Piscatoria","https://doi.org/10.3897/aiep.54.121813","https://doi.org/10.3897/aiep.54.121813","marine","not stated","not stated","not stated","not stated","B_regional_corroborated"
"bycatch","W7164091231",2024,"multiple North African","Anàlisi del grau de solapament entre l&apos;esforç de pesca aparent i l&apos;hàbitat de la tortuga boba en el Mediterrani occidental","RiuNet (Universitat Politècnica de València)",,"https://openalex.org/W7164091231",,"loggerhead turtles","not stated","not stated","not stated","C_asserted_no_evidence"
"bycatch","W4365151733",2023,"Tunisia","Vulnerability of elasmobranchs caught as bycatch in the grouper longline fishery in the Gulf of Gabès, Tunisia","Mediterranean Marine Science","https://doi.org/10.12681/mms.27483","https://doi.org/10.12681/mms.27483","marine","not stated","no","no","not stated","A_named_country_corroborated"
"bycatch","W4387645544",2023,"multiple North African","National Inventory and status of Chondrichthyes in the South Mediterranean Sea (Libyan Coast)","BIODIVERSITY JOURNAL","https://doi.org/10.31396/biodiv.jour.2023.14.3.459.480","https://doi.org/10.31396/biodiv.jour.2023.14.3.459.480","marine","sharks","not stated","not stated","not stated","B_regional_corroborated"
"bycatch","W4376631244",2023,"Tunisia","Fishermen Interviews: A Cost-Effective Tool for Evaluating the Impact of Fisheries on Vulnerable Sea Turtles in Tunisia and Identifying Levers of Mitigation","Animals","https://doi.org/10.3390/ani13091535","https://doi.org/10.3390/ani13091535","marine","sea turtle","not stated","not stated","not stated","A_named_country_corroborated"
"bycatch","W4388858561",2023,"multiple North African","Quantifying Abundance and Mapping Distribution of Loggerhead Turtles in the Mediterranean Sea Using Aerial Surveys: Implications for Conservation","Diversity","https://doi.org/10.3390/d15121159","https://doi.org/10.3390/d15121159","marine","Loggerhead Turtles","not stated","not stated","not stated","B_regional_corroborated"
"bycatch","W4379795531",2023,"multiple North African","The Red Sea Fisheries - Threats and Proposed Solutions","AIN Journal","https://doi.org/10.59660/45115","https://doi.org/10.59660/45115","marine","sea turtles","yes","not stated","not stated","C_asserted_no_evidence"
"bycatch","W4380050798",2023,"multiple North African","The Red Sea Fisheries - Threats and Proposed Solutions","AIN Journal","https://doi.org/10.59660/45125","https://doi.org/10.59660/45125","marine","sea turtles","yes","not stated","not stated","C_asserted_no_evidence"
"bycatch","292045994",2023,"Tunisia","Vulnerability of elasmobranchs caught as bycatch in the grouper longline fishery in the Gulf of Gabès, Tunisia","National Documentation Centre - EKT journals",,"292045994","marine","not stated","no","no","not stated","A_named_country_corroborated"
"bycatch","W4224103651",2022,"multiple North African","Preliminary data on bycatch and stranding of marine turtles in Al Hoceima, Morocco","Egyptian Journal of Aquatic Biology and Fisheries","https://doi.org/10.21608/ejabf.2022.228714","https://doi.org/10.21608/ejabf.2022.228714","marine","turtles","not stated","not stated","not stated","B_regional_corroborated"
"bycatch","W3215690827",2021,"multiple North African","Strongly structured populations and reproductive habitat fragmentation increase the vulnerability of the Mediterranean starry rayRaja asterias(Elasmobranchii, Rajidae)","Aquatic Conservation Marine and Freshwater Ecosystems","https://doi.org/10.1002/aqc.3739","https://doi.org/10.1002/aqc.3739","marine","Mediterranean starry ray","not stated","not stated","not stated","C_asserted_no_evidence"
"bycatch","W3203855821",2021,"multiple North African","First record of Pteroplatytrygon violacea (Bonaparte, 1832) with annotation of cartilaginous fishes by-catch by gill nets (Egyptian Mediterranean)","The Egyptian Journal of Aquatic Research","https://doi.org/10.1016/j.ejar.2021.09.002","https://doi.org/10.1016/j.ejar.2021.09.002","marine","not stated","not stated","not stated","not stated","B_regional_corroborated"
"bycatch","W4242830021",2021,"multiple North African","Shark Conservation – Analysis and Synthesis","Preprints.org","https://doi.org/10.20944/preprints202102.0145.v3","https://doi.org/10.20944/preprints202102.0145.v3","marine","shark","no","no","not measured","C_asserted_no_evidence"
"bycatch","W4206431590",2021,"multiple North African","Shark Conservation – Analysis and Synthesis","Preprints.org","https://doi.org/10.20944/preprints202102.0145.v4","https://doi.org/10.20944/preprints202102.0145.v4","marine","shark","no","no","not measured","C_asserted_no_evidence"
"bycatch","W3186672508",2021,"multiple North African","Incidental catch of vulnerable species in Mediterranean and Black Sea fisheries - A review","FAO eBooks","https://doi.org/10.4060/cb5405en","https://doi.org/10.4060/cb5405en","marine","seabirds, sea turtles, elasmobranchs, marine mammals, macrobenthic invertebrates","yes","not stated","not stated","B_regional_corroborated"
"bycatch","W3029444820",2020,"Algeria","First study of sea turtle strandings in Algeria (western Mediterranean) and associated threats: 2016–2017","Herpetozoa","https://doi.org/10.3897/herpetozoa.33.e48541","https://doi.org/10.3897/herpetozoa.33.e48541","marine","loggerhead turtle, leatherback turtle, green turtle","yes","yes","not measured","A_named_country_corroborated"
"bycatch","W2981509526",2019,"Algeria","A stranding record of the short‐beaked common dolphin (Delphinus delphis) in Algerian West Coast, during 2008–2012","Aquatic Conservation Marine and Freshwater Ecosystems","https://doi.org/10.1002/aqc.3207","https://doi.org/10.1002/aqc.3207","marine","short‐beaked common dolphin","no","no","not measured","A_named_country_corroborated"
"bycatch","W2931379993",2019,"multiple North African","The thin edge of the wedge: extremely high extinction risk in wedgefishes and giant guitarfishes","bioRxiv (Cold Spring Harbor Laboratory)","https://doi.org/10.1101/595462","https://doi.org/10.1101/595462","marine",,"not stated","not stated","not stated","C_asserted_no_evidence"
"bycatch","W3093465490",2019,"multiple North African","Understanding and reducing the impact of fishing on discarded sharks and rays with innovative new tools for conservation and research","Research Online (University of Wollongong)",,"https://openalex.org/W3093465490","marine","sharks and rays","not stated","not stated","not stated","C_asserted_no_evidence"
"bycatch","304099714",2018,"multiple North African","Vulnerability of elasmobranchs as longline bycatch in the gulf of Gabes (Southern Tunisia, central Mediterranean sea).","AquaDocs",,"304099714","marine","blackchin guitarfish, hound sharks, sandbar shark","not stated","not stated","not stated","B_regional_corroborated"
"bycatch","138701980",2017,"Tunisia","Distribution, abundance and population structure of Hexaplex trunculus and Bolinus brandaris (Gastropoda: Muricidae) in offshore areas of the Gulf of Gabès, southern Tunisia","AJOL - African Journals Online",,"138701980","marine","banded murex, purple dye murex","no","no","not stated","A_named_country_corroborated"
"bycatch","W2411907806",2016,"multiple North African","Flexible Turtle Excluder Device (TED): an effective tool for Mediterranean coastal multispecies bottom trawl fisheries","Aquatic Living Resources","https://doi.org/10.1051/alr/2016016","https://doi.org/10.1051/alr/2016016","marine","turtle","yes","yes","reduced conflict","C_asserted_no_evidence"
"bycatch","W2316595866",2016,"multiple North African","Shelf life: neritic habitat use of a turtle population highly threatened by fisheries","Diversity and Distributions","https://doi.org/10.1111/ddi.12440","https://doi.org/10.1111/ddi.12440","marine","loggerhead turtles","not stated","not stated","not stated","B_regional_corroborated"
"bycatch","W2334098974",2016,"multiple North African","Elasmobranch captures in shrimps trammel net fishery off the Gulf of Gabès (Southern Tunisia, Mediterranean Sea)","Journal of Applied Ichthyology","https://doi.org/10.1111/jai.13061","https://doi.org/10.1111/jai.13061","marine","Mustelus mustelus, Mustelus punctulatus, Dasyatis pastinaca, Dasyatis marmorata, Torpedo torpedo, Carcharhinus plumbeus, Carcharhinus brevipinna","no","no","not measured","B_regional_corroborated"
"bycatch","310900409",2016,"multiple North African","Shelf life: Neritic habitat use of a turtle population highly threatened by fisheries","Open Research Exeter - University of Exeter",,"310900409","marine","loggerhead turtles","no","no","not measured","B_regional_corroborated"
"bycatch","W2016312766",2015,"multiple North African","Migratory corridors and foraging hotspots: critical habitats identified for Mediterranean green turtles","Diversity and Distributions","https://doi.org/10.1111/ddi.12317","https://doi.org/10.1111/ddi.12317","marine","green turtle","not stated","not stated","not stated","B_regional_corroborated"
"bycatch","W2338260637",2015,"multiple North African","How much sea turtle bycatch is too much? A stationary age distribution model for simulating population abundance and potential biological removal in the Mediterranean","Endangered Species Research","https://doi.org/10.3354/esr00714","https://doi.org/10.3354/esr00714","marine",,"no","no","not measured","B_regional_corroborated"
"bycatch","312874712",2015,"multiple North African","Migratory corridors and foraging hotspots: Critical habitats identified for Mediterranean green turtles","Open Research Exeter - University of Exeter",,"312874712","marine","green turtle","not stated","not stated","not stated","B_regional_corroborated"
"bycatch","W1757226906",2014,"multiple North African","Annual survival probabilities of juvenile loggerhead sea turtles indicate high anthropogenic impact on Mediterranean populations","Aquatic Conservation Marine and Freshwater Ecosystems","https://doi.org/10.1002/aqc.2467","https://doi.org/10.1002/aqc.2467","marine","loggerhead sea turtle","not stated","not stated","not stated","B_regional_corroborated"
"bycatch","W3119471733",2013,"Egypt","THE ENCRUSTATION OF THE SPIDER CRAB HYASTENUS HILGENDORFI IN RELATION TO ITS REPRODUCTIVE BIOLOGY IN THE SUEZ CANAL, EGYPT","Delta Journal of Science","https://doi.org/10.21608/djs.2013.139625","https://doi.org/10.21608/djs.2013.139625","marine","spider crab","no","no","not measured","A_named_country_corroborated"
"bycatch","W2020587463",2013,"multiple North African","Mortality rates in by-caught loggerhead turtle Caretta caretta in the Mediterranean Sea and implications for the Atlantic populations","Marine Ecology Progress Series","https://doi.org/10.3354/meps10411","https://doi.org/10.3354/meps10411","marine","loggerhead turtle","no","no","not measured","C_asserted_no_evidence"
"bycatch","W2155616904",2013,"multiple North African","Do Marine Protected Areas in the Red Sea Afford Protection to Dugongs and Sea Turtles?","Journal of Biodiversity & Endangered Species","https://doi.org/10.4172/2332-2543.1000102","https://doi.org/10.4172/2332-2543.1000102","both","dugong, sea turtles, green turtles, hawksbill turtles","not stated","not stated","not stated","B_regional_corroborated"
"bycatch","W930013270",2012,"multiple North African","Evaluating the Potential of Swordfish Buoy Gear as an Alternative to Pelagic Driftnets in the Artisanal Fisheries of Morocco and Turkey","NSUWorks (Nova Southeastern University)",,"https://openalex.org/W930013270","marine","swordfish","yes","yes",,"B_regional_corroborated"
"bycatch","W2022452219",2011,"multiple North African","Interactions of loggerhead turtle with bottom longline fishery in the Gulf of Gabès, Tunisia","Journal of the Marine Biological Association of the United Kingdom","https://doi.org/10.1017/s0025315411000312","https://doi.org/10.1017/s0025315411000312","marine","loggerhead turtle","no","no",,"B_regional_corroborated"
"bycatch","W2105633026",2011,"Egypt","Sea turtle bycatch and consumption in Egypt threatens Mediterranean turtle populations","Oryx","https://doi.org/10.1017/s0030605310001286","https://doi.org/10.1017/s0030605310001286","marine",,"not stated","not stated","not stated","A_named_country_corroborated"
"bycatch","W2018069372",2010,"Tunisia","Effect of type of bait on pelagic longline fishery–loggerhead turtle interactions in the Gulf of Gabes (Tunisia)","Aquatic Conservation Marine and Freshwater Ecosystems","https://doi.org/10.1002/aqc.1120","https://doi.org/10.1002/aqc.1120","marine","loggerhead sea turtles","no","no","not measured","A_named_country_corroborated"
"bycatch","W2479764566",2010,"Tunisia","05. Gillnet fishery – loggerhead turtle interactions in the Gulf of Gabes, Tunisia","Herpetological Journal",,"https://openalex.org/W2479764566","marine","loggerhead sea turtles","no","no","not stated","A_named_country_corroborated"
"bycatch","W2502035066",2007,"multiple North African","07. Impact of trawl fishery on marine turtles in the Gulf of Gabès, Tunisia","Herpetological Journal",,"https://openalex.org/W2502035066","marine","loggerhead","no","no","not measured","B_regional_corroborated"
"bycatch","W2556430982",2006,"multiple North African","EXTENDED ABSTRACT Trionyx triunguis: The brackish water turtle that also lives in the Mediterranean Sea",,,"https://openalex.org/W2556430982","both","Nile soft-shelled turtle","not stated","not stated","not stated","B_regional_corroborated"
"bycatch","W4406692881",2004,"multiple North African","Guidelines for technical measures to minimise cetacean-fishery conflicts in the Mediterranean and Black Seas",,"https://doi.org/10.70978/czwc4257","https://doi.org/10.70978/czwc4257","marine","harbour porpoises","yes","yes","reduced conflict","C_asserted_no_evidence"
"bycatch","W7139743578",2004,"multiple North African","National Oceanic and Atmospheric Administration Report 26","University of North Texas Digital Library (University of North Texas)",,"https://openalex.org/W7139743578","marine","sea turtle","not stated","not stated","not stated","C_asserted_no_evidence"
"bycatch","W2154998326",2004,"multiple North African","ECOSYSTEM EFFECTS OF FISHING IN THE MEDITERREAN: AN ANALYSIS OF THE MAJOR THREATS OF FISHING GEAR AND PRACTICES TO BIODIVERSITY AND MARINE HABITATS",,,"https://openalex.org/W2154998326","marine","sharks, turtles, whales and seals","not stated","not stated","not stated","B_regional_corroborated"
"bycatch","W1543624443",2003,"multiple North African","Seabird mortality from longline fishing in the Mediterranean Sea and Macaronesian waters: a review and a way forward","Scientia Marina","https://doi.org/10.3989/scimar.2003.67s257","https://doi.org/10.3989/scimar.2003.67s257","marine","Cory´s shearwater","not stated","not stated","not stated","B_regional_corroborated"
"bycatch","W4391197122",2000,"multiple North African","Population biology, conservation threats and status of Mediterranean striped dolphins (Stenella coeruleoalba)","The journal of cetacean research and management. Special issue","https://doi.org/10.47536/jcrm.v2i1.485","https://doi.org/10.47536/jcrm.v2i1.485","marine","striped dolphin","not stated","not stated","not stated","B_regional_corroborated"
"bycatch","W2134477843",1998,"multiple North African","Molecular resolution of marine turtle stock composition in fishery bycatch: a case study in the Mediterranean","Molecular Ecology","https://doi.org/10.1046/j.1365-294x.1998.00471.x","https://doi.org/10.1046/j.1365-294x.1998.00471.x","marine","loggerhead sea turtle","not stated","not stated","not stated","B_regional_corroborated"
"competition for resources","W4412419680",2025,"Morocco","A 25-year longitudinal assessment of Macaca sylvanus population dynamics and forest decline in Morocco's Middle Atlas","Biological Conservation","https://doi.org/10.1016/j.biocon.2025.111334","https://doi.org/10.1016/j.biocon.2025.111334","terrestrial","Barbary macaque","yes","yes","reduced conflict","A_named_country_corroborated"
"competition for resources","W4416337265",2025,"Algeria","Context Matters: How Decontextualization Influences Public Perception and Conservation Attitudes Toward Barbary Macaques in Algeria","Animals","https://doi.org/10.3390/ani15223319","https://doi.org/10.3390/ani15223319","terrestrial","Barbary macaques","no","no","not measured","A_named_country_corroborated"
"competition for resources","W4402276370",2024,"multiple North African","Intentional Killings and Culling of Small Cetaceans due to Perceived Competition with Fisheries in the Mediterranean Sea and Northeast Atlantic between the Eighteenth and Twentieth Centuries",,"https://doi.org/10.1201/9781003477518-2","https://doi.org/10.1201/9781003477518-2","marine","dolphins","yes","no","increased conflict","B_regional_corroborated"
"competition for resources","W4382645742",2023,"multiple North African","The occurrence of the Chinese Sinanodonta woodiana (Lea, 1834) (Mollusca Bivalvia Unionidae) in Algerian dams","BIODIVERSITY JOURNAL","https://doi.org/10.31396/biodiv.jour.2023.14.2.385.390","https://doi.org/10.31396/biodiv.jour.2023.14.2.385.390","both","Sinanodonta woodiana","not stated","not stated","not stated","B_regional_corroborated"
"competition for resources","W4319032897",2022,"multiple North African","The major threats to the Endangered Barbary macaque Macaca sylvanus in North Africa","European Journal of Ecology","https://doi.org/10.17161/eurojecol.v8i2.16246","https://doi.org/10.17161/eurojecol.v8i2.16246","terrestrial","Barbary macaque","not stated","not stated","not stated","B_regional_corroborated"
"competition for resources","W3108985652",2020,"multiple North African","Impact of Nile Crocodiles on Fish Production in Lake Nasser","Aswan University Journal of Environmental Studies","https://doi.org/10.21608/aujes.2020.124535","https://doi.org/10.21608/aujes.2020.124535",,,"no",,"not stated","B_regional_corroborated"
"competition for resources","W2981571986",2018,"multiple North African","SURVEYS OF WILD VERTEBRATES IN THE KHARGA AND DAKHLA OASIS AND THEIR IMPACT ON THE NEW RECLAMATION AREAS IN EGYPT","Egyptian Journal of Desert Research","https://doi.org/10.21608/ejdr.2019.12939.1028","https://doi.org/10.21608/ejdr.2019.12939.1028","terrestrial",,"no","no","not measured","B_regional_corroborated"
"competition for resources","W2788326307",2017,"Tunisia","Fish and fishing monitoring methods and indicators in Marine Protected Areas in Tunisia",,,"https://openalex.org/W2788326307","marine","not stated","no","no","not measured","A_named_country_corroborated"
"competition for resources","W2562670914",2016,"multiple North African","Biosocial Conservation: Integrating Biological and Ethnographic Methods to Study Human–Primate Interactions","International Journal of Primatology","https://doi.org/10.1007/s10764-016-9938-5","https://doi.org/10.1007/s10764-016-9938-5","terrestrial","gorilla","not stated","not stated","not stated","B_regional_corroborated"
"competition for resources","W2201706815",2015,"multiple North African","Roles of tourism in the local people’s opinion regarding human-macaque conflict in the central High Atlas, Morocco","Revue de primatologie","https://doi.org/10.4000/primatologie.2324","https://doi.org/10.4000/primatologie.2324","terrestrial","Barbary macaque","no","no","not measured","B_regional_corroborated"
"competition for resources","W2159155195",2010,"multiple North African","Ecosystem models clarify the trophic role of whales off Northwest Africa","Marine Ecology Progress Series","https://doi.org/10.3354/meps08443","https://doi.org/10.3354/meps08443","marine",,"no","no","not measured","C_asserted_no_evidence"
"competition for resources","W3042821301",1996,"Morocco","Fishing co-operation between the Kingdom of Morocco and the European Union : towards integrated and sustainable fisheries management","Maritime Commons The Digital Repository of World Maritime University (World Maritime University)",,"https://openalex.org/W3042821301","marine","fish","not stated","not stated","not stated","A_named_country_corroborated"
"crop damage","W7164761189",2026,"multiple North African","The Eurasian wild boar (Sus scrofa L., 1758): Recent advances in ecology, forest management, and human−wildlife interactions","Polskie Towarzystwo Leśne","https://doi.org/10.26202/sylwan.2026025","https://doi.org/10.26202/sylwan.2026025","terrestrial","Eurasian wild boar","not stated","not stated","not stated","B_regional_corroborated"
"crop damage","W7125912476",2025,"multiple North African","A REVIEW ON BIOLOGY AND MANAGEMENT OF GIANT AFRICAN SNAILS","Science Heritage Journal","https://doi.org/10.26480/gws.02.2025.53.57","https://doi.org/10.26480/gws.02.2025.53.57","terrestrial",,"yes","not stated","not stated","C_asserted_no_evidence"
"crop damage","W4411744005",2025,"multiple North African","Spatiotemporal dynamics of wild boar-induced crop damage in Southern Tunisian agroecosystems and the role of oasis characteristics","JOURNAL OF OASIS AGRICULTURE AND SUSTAINABLE DEVELOPMENT","https://doi.org/10.56027/joasd.192025","https://doi.org/10.56027/joasd.192025","terrestrial","wild boar","not stated","not stated","not stated","B_regional_corroborated"
"crop damage","W4395694977",2024,"Libya","The Most Effective Methods Used to Control Mole Rats, Spalax ehrenbergi, on Benghazi Plain Project in Libya","Egyptian Academic Journal of Biological Sciences F Toxicology & Pest Control","https://doi.org/10.21608/eajbsf.2024.351179","https://doi.org/10.21608/eajbsf.2024.351179","terrestrial","mole rats","yes","yes","reduced conflict","A_named_country_corroborated"
"crop damage","W4407867762",2024,"Egypt","Estimating the Damage of Birds to Wheat, Gurma Melon and Cowpea Crops During the Ripening Period at Sharkia Governorate, Egypt","Arab Journal Of Plant Protection","https://doi.org/10.22268/ajpp-001281","https://doi.org/10.22268/ajpp-001281","terrestrial","house sparrow","not stated","not stated","not stated","A_named_country_corroborated"
"crop damage","W4406218147",2024,"Morocco","Toxicity, antifeedant and repellent activities of five essential oils on adult Cassida vittata Vill. (Coleoptera: Chrysomelidae)","Journal of Plant Protection Research","https://doi.org/10.24425/jppr.2024.151820","https://doi.org/10.24425/jppr.2024.151820","terrestrial","Cassida vittata","yes","yes","reduced conflict","A_named_country_corroborated"
"crop damage","W4404061647",2024,"multiple North African","Barn Owls as a Nature-Based Solution for Pest Control: A Multinational Initiative Around the Mediterranean and Other Regions","Conservation","https://doi.org/10.3390/conservation4040039","https://doi.org/10.3390/conservation4040039","terrestrial","Barn Owls","yes","yes","reduced conflict","B_regional_corroborated"
"crop damage","W4390354179",2023,"Algeria","What does the diet of the Common Starling (Sturnus vulgaris Linnaeus, 1758) in the Ziban Oasis (Algeria) indicate: pest or useful in agriculture?","Zoology and Ecology","https://doi.org/10.35513/21658005.2023.2.10","https://doi.org/10.35513/21658005.2023.2.10","terrestrial","Common Starlings","not stated","not stated","not stated","A_named_country_corroborated"
"crop damage","W4312158089",2022,"multiple North African","Disclosing the determinants, drivers and predictors of bird depredation on date palm (Phoenix dactylifera L.) production","Journal of the Saudi Society of Agricultural Sciences","https://doi.org/10.1016/j.jssas.2022.12.003","https://doi.org/10.1016/j.jssas.2022.12.003","terrestrial","sparrows","no","no","not measured","C_asserted_no_evidence"
"crop damage","W4307710763",2022,"Egypt","Damage of the Egyptian Fruit Bat (Rousettus aegyptiacus) at El-Dakhla Oasis, New-Valley Governorate, Egypt","Indian Journal of Agricultural Research","https://doi.org/10.18805/ijare.af-743","https://doi.org/10.18805/ijare.af-743","terrestrial","Egyptian fruit bat","not stated","not stated","not stated","A_named_country_corroborated"
"crop damage","W4294096698",2022,"multiple North African","Losses of tomato crop by wild birds in El-Beheira and Matrouh governorates, Egypt","Al-Azhar Journal of Agricultural Research","https://doi.org/10.21608/ajar.2022.255498","https://doi.org/10.21608/ajar.2022.255498","terrestrial","hooded crow, house sparrow","no","no","not measured","B_regional_corroborated"
"crop damage","W3196770489",2021,"Egypt","Economic Losses Caused By Rodents in Some Cultivars of Rodents in Maize Fields","Research and Analysis Journal","https://doi.org/10.18535/raj/v4i09.02","https://doi.org/10.18535/raj/v4i09.02","terrestrial","rodents","not stated","not stated","reduced conflict","A_named_country_corroborated"
"crop damage","W3183573263",2021,"Egypt","Assessment of damage caused by rodents in some maize varieties in Farshut area, Qena governorate, Egypt","Archives of Agriculture Sciences Journal/Archives of Agriculture Sciences Journal ","https://doi.org/10.21608/aasj.2021.65638.1057","https://doi.org/10.21608/aasj.2021.65638.1057","terrestrial","rodents","no","no","not measured","A_named_country_corroborated"
"crop damage","W3200123832",2021,"multiple North African","Ecological and Human Diet Value of Locusts in a Changing World","Agronomy","https://doi.org/10.3390/agronomy11091856","https://doi.org/10.3390/agronomy11091856","terrestrial",,"not stated","not stated","not stated","C_asserted_no_evidence"
"crop damage","W3183479500",2021,"Egypt","Economic losses caused by rodents in some types of maize fields at Farshout District, Qena Governorate, Egypt",,"https://doi.org/10.36811/ijpsh.2021.110031","https://doi.org/10.36811/ijpsh.2021.110031","terrestrial","rodents","no","no","not measured","A_named_country_corroborated"
"crop damage","W3134709212",2020,"multiple North African","Scaring Birds: The concept of the Scarecrow in Ancient Egypt","International Journal of Heritage, Tourism, and Hospitality","https://doi.org/10.21608/ijhth.2020.154143","https://doi.org/10.21608/ijhth.2020.154143","terrestrial","birds","yes","not stated","not stated","B_regional_corroborated"
"crop damage","W3003427061",2019,"Egypt","RODENT DAMAGE AND CONTROL IN WHEAT GROWING STAGES, SOHAG GOVERNORATE, EGYPT","Egyptian Journal of Agricultural Research","https://doi.org/10.21608/ejar.2019.68569","https://doi.org/10.21608/ejar.2019.68569",,"Norway rat","yes","yes","reduced conflict","A_named_country_corroborated"
"crop damage","W2976496276",2018,"Egypt","AN ESTIMATION OF BIRD DAMAGES ON SOME FIELD, VEGETABLE AND FRUIT CROPS AT SHARKIA GOVERNORATE, EGYPT","Zagazig Journal of Agricultural Research","https://doi.org/10.21608/zjar.2018.48571","https://doi.org/10.21608/zjar.2018.48571","terrestrial","hooded crow, house sparrow","no","no","not stated","A_named_country_corroborated"
"crop damage","W3024115241",2014,"multiple North African","PESTS ATTACKING POST-HARVEST SUGAR BEET ROOTS, AND THEIR ADVERSE EFFECTS ON SUGAR CONTENT","Journal of Plant Protection and Pathology /Journal of Plant Protection and Pathology","https://doi.org/10.21608/jppp.2014.87978","https://doi.org/10.21608/jppp.2014.87978","terrestrial","sugar beet","no","no","not stated","C_asserted_no_evidence"
"crop damage","W4411617346",2000,"multiple North African","10.51847/g9duHRt","Time to knit","https://doi.org/10.51847/g9duhrt","https://doi.org/10.51847/g9duhrt","terrestrial","roof Rat","not stated","not stated","not stated","B_regional_corroborated"
"disease transmission","W2808697371",2018,"Morocco","Geographical distribution of health indicators related to snake bites and envenomation in Morocco between 1999 and 2013","Epidemiology and Health","https://doi.org/10.4178/epih.e2018024","https://doi.org/10.4178/epih.e2018024",,"snake","not stated","not stated","not stated","A_named_country_corroborated"
"disease transmission","W2620939781",2017,"Morocco","A Century Spent Combating Rabies in Morocco (1911–2015): How Much Longer?","Frontiers in Veterinary Science","https://doi.org/10.3389/fvets.2017.00078","https://doi.org/10.3389/fvets.2017.00078","terrestrial","dog","yes","yes","mixed","A_named_country_corroborated"
"disease transmission","W2131901272",2015,"multiple North African","African Bats: Conservation in the time of Ebola","Therya","https://doi.org/10.12933/therya-15-244","https://doi.org/10.12933/therya-15-244","terrestrial","not stated","yes","yes","increased conflict","B_regional_corroborated"
"livestock depredation","W2899931711",2018,"Morocco","Communicating for conservation: circumventing conflict with communities over domestic dog ownership in north Morocco","European Journal of Wildlife Research","https://doi.org/10.1007/s10344-018-1230-x","https://doi.org/10.1007/s10344-018-1230-x","terrestrial","Barbary macaque","yes",,,"A_named_country_corroborated"
"not stated","309650787",2028,"multiple North African","Distribution of sea turtles and their anthropogenic threats: innovative approaches to improve conservation actions","Electronic Thesis and Dissertation Archive - Università di Pisa",,"309650787",,"sea turtles","not stated","not stated","not stated","B_regional_corroborated"
"not stated","W7167666335",2026,"Tunisia","Assessing the Vulnerability and the Stock Status of the Bluntnose Sixgill Shark,  Hexanchus griseus  , in North‐Eastern Tunisia (Central Mediterranean) Using Data‐Limited Models","Aquatic Conservation Marine and Freshwater Ecosystems","https://doi.org/10.1002/aqc.70416","https://doi.org/10.1002/aqc.70416","marine","Bluntnose Sixgill Shark","not stated","not stated","not stated","A_named_country_corroborated"
"not stated","W7172483144",2026,"multiple North African","Historical climatic and human settlement patterns leading up to the extinction of the Arabian leopard in the Sinai Peninsula","Scientific Reports","https://doi.org/10.1038/s41598-026-59368-z","https://doi.org/10.1038/s41598-026-59368-z","both","Arabian leopard","not stated","not stated","not stated","B_regional_corroborated"
"not stated","W7154112871",2026,"multiple North African","Solving Ariadne’s thread in the blue crab invasion to turn it to a true paradigm of circular economy: eco-biological traits and valorization of by-products to enhance fisheries value, a scoping review","Frontiers in Marine Science","https://doi.org/10.3389/fmars.2026.1748819","https://doi.org/10.3389/fmars.2026.1748819","both","blue crab","not stated","not stated","not stated","C_asserted_no_evidence"
"not stated","W7163334447",2026,"Egypt","Bayesian Growth Modeling and Length-Based Indicators: Stock Assessment of Nile Tilapia (Oreochromis niloticus) in Lake Nasser, Egypt","Biology","https://doi.org/10.3390/biology15110868","https://doi.org/10.3390/biology15110868","not stated","Nile Tilapia","no","no","not measured","A_named_country_corroborated"
"not stated","W4413922878",2025,"Egypt","Nile Crocodiles in Lake Nasser, Egypt, Are Found Close to Fishermen's Camps, Indicating Potential Conflicts","Ecology and Evolution","https://doi.org/10.1002/ece3.71970","https://doi.org/10.1002/ece3.71970","both","Nile crocodile","not stated","not stated","not stated","A_named_country_corroborated"
"not stated","W4409958323",2025,"multiple North African","Socio-economic impacts and responses of the fishing industry and fishery managers to changes in small pelagic fish distribution and abundance","Reviews in Fish Biology and Fisheries","https://doi.org/10.1007/s11160-025-09949-4","https://doi.org/10.1007/s11160-025-09949-4","marine","not stated","not stated","not stated","not stated","C_asserted_no_evidence"
"not stated","W4408273783",2025,"Egypt","Sustainability and avian biodiversity tensions in wastewater management in arid zones","Biological Conservation","https://doi.org/10.1016/j.biocon.2025.111046","https://doi.org/10.1016/j.biocon.2025.111046","terrestrial","Northern shoveler, barn swallow","not stated","not stated","not stated","A_named_country_corroborated"
"not stated","W4414163724",2025,"multiple North African","Marine biotoxins in Mediterranean seafood: Environmental occurrence and food safety concerns","Ecotoxicology and Environmental Safety","https://doi.org/10.1016/j.ecoenv.2025.119032","https://doi.org/10.1016/j.ecoenv.2025.119032",,"not stated","not stated","not stated","not stated","C_asserted_no_evidence"
"not stated","W4409624720",2025,"multiple North African","Mahi-mahi metacouplings: quantifying human–nature interactions in dolphinfish (Coryphaena hippurus) fisheries","Global Sustainability","https://doi.org/10.1017/sus.2025.3","https://doi.org/10.1017/sus.2025.3","marine","dolphinfish","not stated","not stated","not stated","C_asserted_no_evidence"
"not stated","W4406918266",2025,"Algeria","Impact of long-term cyanotoxin exposure on cattle: Biochemical, histological, and oxidative stress assessment","Veterinary World","https://doi.org/10.14202/vetworld.2025.189-201","https://doi.org/10.14202/vetworld.2025.189-201","not stated","not stated","not stated","not stated","not stated","A_named_country_corroborated"
"not stated","W4407107407",2025,"Algeria","ASSESSING THE POPULATION PARAMETERS OF EUROPEAN ANCHOVY, ENGRAULIS ENCRASICOLUS (LINNAEUS, 1758) IN ALGERIAN EAST COAST (SOUTHWESTERN MEDITERRANEAN SEA)","Applied Ecology and Environmental Research","https://doi.org/10.15666/aeer/2301_13471363","https://doi.org/10.15666/aeer/2301_13471363","marine","Anchovies","not stated","not stated","not stated","A_named_country_corroborated"
"not stated","W4414777589",2025,"multiple North African","GLOBAL AND LOCAL DRIVERS OF CORAL REEF DEGRADATION: KEY STRATEGIES FOR MITIGATING DAMAGE AND FOSTERING RESILIENCE","International Journal of Biological Innovations","https://doi.org/10.46505/ijbi.2025.7215","https://doi.org/10.46505/ijbi.2025.7215","marine","not stated","not stated","not stated","not stated","C_asserted_no_evidence"
"not stated","W4412637076",2025,"multiple North African","Myths about Wildlife use for Medicinal Purposes",,"https://doi.org/10.47278/book.hh/2025.32","https://doi.org/10.47278/book.hh/2025.32","not stated","not stated","not stated","not stated","not stated","C_asserted_no_evidence"
"not stated","W4415743148",2025,"Tunisia","&lt;b&gt;Impact of light pollution on the success of loggerhead turtle nesting in Chebba, Tunisia&lt;/b&gt;","Open Veterinary Journal","https://doi.org/10.5455/ovj.2025.v15.i10.51","https://doi.org/10.5455/ovj.2025.v15.i10.51","both","loggerhead turtle","no","no","not measured","A_named_country_corroborated"
"not stated","W4411035654",2025,"Libya","&lt;b&gt;Artisanal fisher ecological knowledge with morphometric measurements of Angel Sharks form Libya, Central Mediterranean&lt;/b&gt;","Open Veterinary Journal","https://doi.org/10.5455/ovj.2025.v15.i5.23","https://doi.org/10.5455/ovj.2025.v15.i5.23","marine","Angel Sharks","not stated","not stated","not stated","A_named_country_corroborated"
"not stated","W4390771181",2024,"multiple North African","Identifying the foraging grounds of the new loggerhead turtle nesters in the western Mediterranean","Aquatic Conservation Marine and Freshwater Ecosystems","https://doi.org/10.1002/aqc.4059","https://doi.org/10.1002/aqc.4059",,"sea turtle","not stated","not stated","not stated","B_regional_corroborated"
"not stated","W4400337172",2024,"multiple North African","Conservation and management of chondrichthyans in the Mediterranean Sea: gaps, overlaps, inconsistencies, and the way forward","Reviews in Fish Biology and Fisheries","https://doi.org/10.1007/s11160-024-09857-z","https://doi.org/10.1007/s11160-024-09857-z","marine","not stated","not stated","not stated","not stated","C_asserted_no_evidence"
"not stated","W4402397723",2024,"multiple North African","Raising the awareness of fishing professionals about the conservation of species caught incidentally in the Moroccan Mediterranean Sea","Discover Conservation","https://doi.org/10.1007/s44353-024-00009-9","https://doi.org/10.1007/s44353-024-00009-9","marine","not stated","not stated","not stated","not stated","B_regional_corroborated"
"not stated","W4393971019",2024,"multiple North African","Tracking data highlight the importance of human-induced mortality for large migratory birds at a flyway scale","Biological Conservation","https://doi.org/10.1016/j.biocon.2024.110525","https://doi.org/10.1016/j.biocon.2024.110525","not stated","not stated","not stated","not stated","not stated","C_asserted_no_evidence"
"not stated","W4401129331",2024,"Tunisia","Ghost Gear in the Gulf of Gabès (Tunisia): An Urgent Need for a Conservation Code of Conduct","Preprints.org","https://doi.org/10.20944/preprints202407.2113.v1","https://doi.org/10.20944/preprints202407.2113.v1","marine","not stated","yes","not stated","reduced conflict","A_named_country_corroborated"
"not stated","W4405163001",2024,"Egypt","Crucial Conservation of Birds and Bats: Providing Ecosystem Services in Egypt","Journal of Plant and Food Sciences","https://doi.org/10.21608/jpfs.2024.280949.1015","https://doi.org/10.21608/jpfs.2024.280949.1015","terrestrial",,"not stated","not stated","not stated","A_named_country_corroborated"
"not stated","W4391690017",2024,"multiple North African","On the genetic diversity of Chimaera monstrosa Linnaeus, 1758 (Chordata, Chondrichthyes, Holocephali) in the Mediterranean Sea","Frontiers in Fish Science","https://doi.org/10.3389/frish.2024.1354791","https://doi.org/10.3389/frish.2024.1354791","both","not stated","not stated","not stated","not stated","C_asserted_no_evidence"
"not stated","W4399809350",2024,"multiple North African","Preliminary Insights on the Habitat Use and Vertical Movements of the Pelagic Stingray (Pteroplatytrygon violacea) in the Western Mediterranean Sea","Fishes","https://doi.org/10.3390/fishes9060238","https://doi.org/10.3390/fishes9060238","marine","pelagic stingray","no","not stated","not stated","C_asserted_no_evidence"
"not stated","W4402750361",2024,"multiple North African","Climate Warming and Mismanagement Drive the Shift of Fish Communities in the Wadi El-Rayan Arid Lakes","Water","https://doi.org/10.3390/w16182685","https://doi.org/10.3390/w16182685",,"Nile tilapia, mullet, and grass carp","no","no","not measured","B_regional_corroborated"
"not stated","W4414984302",2024,"multiple North African","Blue Carbon and Food Security: A Systematic Review of Mangrove Ecosystem Services for SDG 13 (Climate Action) and SDG 2 (Zero Hunger)","Assyfa Journal of Farming and Agriculture","https://doi.org/10.61650/ajfa.v2i1.871","https://doi.org/10.61650/ajfa.v2i1.871","both","not stated","not stated","not stated","not stated","C_asserted_no_evidence"
"not stated","W4388510764",2023,"multiple North African","African Buffalo and Colonial Cattle: Is ‘Systems Change’ the Best Future for Farming and Nature in Africa?","Cambridge University Press eBooks","https://doi.org/10.1017/9781009006828.017","https://doi.org/10.1017/9781009006828.017","not stated","not stated","not stated","not stated","not stated","C_asserted_no_evidence"
"not stated","W4385290138",2023,"multiple North African","The natural history of lions in North Africa and the relevance of their depiction in the “Lions Attacking a Dromedary” diorama","Curator The Museum Journal","https://doi.org/10.1111/cura.12564","https://doi.org/10.1111/cura.12564","terrestrial",,"not stated","not stated","not stated","B_regional_corroborated"
"not stated","W4384820034",2023,"Morocco","Snakes and Souks: Zoonotic pathogens associated to reptiles in the Marrakech markets, Morocco","PLoS neglected tropical diseases","https://doi.org/10.1371/journal.pntd.0011431","https://doi.org/10.1371/journal.pntd.0011431","terrestrial",,"not stated","not stated","not stated","A_named_country_corroborated"
"not stated","W4367042407",2023,"multiple North African","Social perception of mesocarnivores within hunting areas differs from actual species abundance","PLoS ONE","https://doi.org/10.1371/journal.pone.0283882","https://doi.org/10.1371/journal.pone.0283882","terrestrial","red fox, stone marten, Eurasian badger, common genet, Egyptian mongoose, European rabbit, Iberian hare, red-legged partridge","not stated","not stated","not stated","C_asserted_no_evidence"
"not stated","W4391378766",2023,"Algeria","Is there an effect of electromagnetic waves from base stations on the breeding success of Ciconia ciconia ciconia in Algeria?","Biosystems Diversity","https://doi.org/10.15421/012358","https://doi.org/10.15421/012358",,"white stork","no","no","not stated","A_named_country_corroborated"
"not stated","W4361010327",2023,"Egypt","Age and Growth of the Freshwater Pufferfish Tetraodon lineatus Linnaeus 1758 from Lake Nasser, Egypt","Egyptian Journal of Aquatic Biology and Fisheries","https://doi.org/10.21608/ejabf.2023.292280","https://doi.org/10.21608/ejabf.2023.292280","not stated","freshwater puffer fish","not stated","not stated","not stated","A_named_country_corroborated"
"not stated","W4362683912",2023,"multiple North African","Propolis, bee venom and Beauveria bassiana toxicity with field application; Controlling the terrestrial gastropod Monacha cartusiana","Journal of Entomology and Zoology Studies","https://doi.org/10.22271/j.ento.2023.v11.i1a.9147","https://doi.org/10.22271/j.ento.2023.v11.i1a.9147","terrestrial","brown land snail","no","no","not stated","C_asserted_no_evidence"
"not stated","W4379411076",2023,"multiple North African","Drivers of Small-Scale Fishers’ Acceptability across Mediterranean Marine Protected Areas at Different Stages of Establishment","Sustainability","https://doi.org/10.3390/su15119138","https://doi.org/10.3390/su15119138","marine","not stated","not stated","not stated","not stated","C_asserted_no_evidence"
"not stated","W4390757936",2023,"multiple North African","Threats and Mitigation","Vulture News","https://doi.org/10.4314/vulnew.v83a1.6","https://doi.org/10.4314/vulnew.v83a1.6","not stated","not stated","yes","yes","not measured","C_asserted_no_evidence"
"not stated","W4382585571",2023,"multiple North African","First data about movements and threats of Rüppell's Vultures (Gyps rueppellii) tagged in Morocco: an international and multi-institutional study.","Vulture News","https://doi.org/10.4314/vulnew.v83i.6","https://doi.org/10.4314/vulnew.v83i.6","both","Rüppell's Vultures","no","not stated","not measured","B_regional_corroborated"
"not stated","W4387024935",2023,"multiple North African","Injuries in cetaceans in the Strait of Gibraltar: an update for the period 2016-2020","The journal of cetacean research and management. Special issue","https://doi.org/10.47536/jcrm.v24i1.397","https://doi.org/10.47536/jcrm.v24i1.397","not stated","not stated","not stated","not stated","not stated","B_regional_corroborated"
"not stated","W4386830300",2023,"multiple North African","Rethinking Marine Resource Management and the Livelihoods of Artisanal Fishers","Tanzania Journal of Sociology","https://doi.org/10.56279/tajoso.v9i1.123","https://doi.org/10.56279/tajoso.v9i1.123","marine","not stated","not stated","not stated","not stated","C_asserted_no_evidence"
"not stated","W4220771849",2022,"multiple North African","Human pressures constrain Eurasian otter occurrence in semiarid Northern Africa","Biodiversity and Conservation","https://doi.org/10.1007/s10531-022-02405-w","https://doi.org/10.1007/s10531-022-02405-w","both","otter","not stated","not stated","not stated","B_regional_corroborated"
"not stated","W4283067969",2022,"multiple North African","Assessing the use of marine protected areas by loggerhead sea turtles (Caretta caretta) tracked from the western Mediterranean","Global Ecology and Conservation","https://doi.org/10.1016/j.gecco.2022.e02196","https://doi.org/10.1016/j.gecco.2022.e02196","marine","loggerhead sea turtles","no","no","not measured","B_regional_corroborated"
"not stated","W4290786637",2022,"multiple North African","Small-scale fisheries catch more threatened elasmobranchs inside partially protected areas than in unprotected areas","Nature Communications","https://doi.org/10.1038/s41467-022-32035-3","https://doi.org/10.1038/s41467-022-32035-3","marine","not stated","not stated","not stated","not stated","C_asserted_no_evidence"
"not stated","W4306702031",2022,"Morocco","A Framework Payment for ecosystem services to reconstitute forest areas closed to grazing in the Ifrane National Park (Morocco).","IOP Conference Series Earth and Environmental Science","https://doi.org/10.1088/1755-1315/1090/1/012006","https://doi.org/10.1088/1755-1315/1090/1/012006","terrestrial","not stated","not stated","not stated","not stated","A_named_country_corroborated"
"not stated","W4223523542",2022,"multiple North African","Hotspots in the grid: Avian sensitivity and vulnerability to collision risk from energy infrastructure interactions in Europe and North Africa","Journal of Applied Ecology","https://doi.org/10.1111/1365-2664.14160","https://doi.org/10.1111/1365-2664.14160","not stated","Lesser Black-backed Gull","not stated","not stated","not stated","B_regional_corroborated"
"not stated","W4303646489",2022,"Egypt","Age, Growth and mortality of the rabbit fish Siganus rivulatus (Forsskål 1775) from the Egyptian Mediterranean coast off Alexandria, Egypt","Egyptian Journal of Aquatic Biology and Fisheries","https://doi.org/10.21608/ejabf.2022.264477","https://doi.org/10.21608/ejabf.2022.264477","marine","rabbit fish","not stated","not stated","not stated","A_named_country_corroborated"
"not stated","W4303646466",2022,"Egypt","Herbivorous Reef Fishes of South Sinai Marine Protected Areas (Gulf of Aqaba, Egypt): Influence of Fisheries Management and Protection Status","Egyptian Journal of Aquatic Biology and Fisheries","https://doi.org/10.21608/ejabf.2022.264541","https://doi.org/10.21608/ejabf.2022.264541","marine","not stated","yes","yes","reduced conflict","A_named_country_corroborated"
"not stated","W4281756481",2022,"multiple North African","Using Fishermen’s Knowledge and GIS to Identify Fishing Grounds, Gears and Species in the Projected Marine Protected Area ‘Jabal Moussa’","Journal of sustainability and environmental management","https://doi.org/10.3126/josem.v1i2.45346","https://doi.org/10.3126/josem.v1i2.45346","marine","not stated","not stated","not stated","not stated","C_asserted_no_evidence"
"not stated","W4303021564",2022,"Morocco","Monitoring dryland trees with remote sensing. Part B: Combining tree cover and plant architecture data to assess degradation and recovery of Argania spinosa woodlands of South Morocco","Frontiers in Environmental Science","https://doi.org/10.3389/fenvs.2022.896703","https://doi.org/10.3389/fenvs.2022.896703","both","Argania spinosa","not stated","not stated","not stated","A_named_country_corroborated"
"not stated","W4303685494",2022,"multiple North African","The Blue Swimming Crab Portunus segnis in the Mediterranean Sea: Invasion Paths, Impacts and Management Measures","Biology","https://doi.org/10.3390/biology11101473","https://doi.org/10.3390/biology11101473",,"Blue Swimming Crab","not stated","not stated","not stated","B_regional_corroborated"
"not stated","W4303457477",2022,"multiple North African","IPBES Sustainable Use of Wild Species Assessment - Chapter 3. Status of and trends in the use of wild species and its implications for wild species, the environment and people","Zenodo (CERN European Organization for Nuclear Research)","https://doi.org/10.5281/zenodo.7157829","https://doi.org/10.5281/zenodo.7157829","not stated","not stated","not stated","not stated","not stated","C_asserted_no_evidence"
"not stated","W4309601661",2022,"multiple North African","IPBES Sustainable Use of Wild Species Assessment - Chapter 4. The drivers of the sustainable use of wild species","Zenodo (CERN European Organization for Nuclear Research)","https://doi.org/10.5281/zenodo.7346780","https://doi.org/10.5281/zenodo.7346780","not stated","not stated","not stated","not stated","not stated","C_asserted_no_evidence"
"not stated","W4323066251",2022,"multiple North African","IPBES Sustainable Use of Wild Species Assessment - Chapter 4. The drivers of the sustainable use of wild species","Zenodo (CERN European Organization for Nuclear Research)","https://doi.org/10.5281/zenodo.7695770","https://doi.org/10.5281/zenodo.7695770","not stated","not stated","not stated","not stated","not stated","C_asserted_no_evidence"
"not stated","W4406349403",2022,"multiple North African","Guidelines for the management of cetacean watching activities in the ACCOBAMS area",,"https://doi.org/10.70978/cggi7445","https://doi.org/10.70978/cggi7445","marine","whale","not stated","not stated","not stated","C_asserted_no_evidence"
"not stated","W3185015889",2021,"multiple North African","Decolonizing Primate Conservation Practice: A Case Study from North Morocco","International Journal of Primatology","https://doi.org/10.1007/s10764-021-00228-0","https://doi.org/10.1007/s10764-021-00228-0","terrestrial","Barbary macaque","not stated","not stated","not stated","B_regional_corroborated"
"not stated","W3200894589",2021,"multiple North African","Herbivorous fish of Sinai marine protected areas (Gulf of Aqaba): Structure baseline for potential thermal stress impact management","bioRxiv (Cold Spring Harbor Laboratory)","https://doi.org/10.1101/2021.09.17.460804","https://doi.org/10.1101/2021.09.17.460804","marine","not stated","not stated","not stated","not stated","B_regional_corroborated"
"not stated","W3172003661",2021,"Morocco","A management plan for a declining population of the Souss valley tortoise in an arid steppe-land of west-central Morocco","Basic and Applied Herpetology","https://doi.org/10.11160/bah.183","https://doi.org/10.11160/bah.183","terrestrial","tortoises","yes","yes","reduced conflict","A_named_country_corroborated"
"not stated","W3129957199",2021,"multiple North African","Don't kill your allies : The impact of chemical and biological locust and grasshopper control on birds",,"https://doi.org/10.18174/535131","https://doi.org/10.18174/535131","not stated","not stated","not stated","not stated","not stated","C_asserted_no_evidence"
"not stated","W4205402711",2021,"multiple North African","Traditional fishery of Dolphinfish (Coryphaena hippurus) in the Gulf of Hammamet, Tunisia: implications for management of the entire Mediterranean fishery","Journal of Chemical Biological and Physical Sciences","https://doi.org/10.24214/jcbps.b.11.1.13751","https://doi.org/10.24214/jcbps.b.11.1.13751","marine","dolphinfish","not stated","not stated","not stated","B_regional_corroborated"
"not stated","W3196772912",2021,"Morocco","The Last-Surviving Moroccan Dorcas Gazelle (Gazella dorcas massaesyla) Viability Analysis [M’Sabih Talaa Reserve, Morocco]","International Journal of Zoological Investigations","https://doi.org/10.33745/ijzi.2021.v07i01.017","https://doi.org/10.33745/ijzi.2021.v07i01.017","terrestrial","MT gazelle","yes","yes","reduced conflict","A_named_country_corroborated"
"not stated","W3210000181",2021,"Tunisia","Status of Chinese Carp Fisheries in Tunisian Freshwater Reservoirs: Threats and Opportunities","Journal of Biomedical Research & Environmental Sciences","https://doi.org/10.37871/jbres1336","https://doi.org/10.37871/jbres1336","both","Chinese carp","not stated","not stated","not stated","A_named_country_corroborated"
"not stated","W3188375666",2021,"multiple North African","Economic costs of invasive alien species in the Mediterranean basin","NeoBiota","https://doi.org/10.3897/neobiota.67.58926","https://doi.org/10.3897/neobiota.67.58926","not stated","not stated","not stated","not stated","not stated","B_regional_corroborated"
"not stated","W4286380219",2021,"multiple North African","D7.9 Review of species-specific collision risks for sea birds","Zenodo (CERN European Organization for Nuclear Research)","https://doi.org/10.5281/zenodo.6867543","https://doi.org/10.5281/zenodo.6867543","marine","not stated","not stated","not stated","not stated","C_asserted_no_evidence"
"not stated","W3108367984",2020,"multiple North African","The northern bald ibis Geronticus eremita: history, current status and future perspectives","Oryx","https://doi.org/10.1017/s0030605320000198","https://doi.org/10.1017/s0030605320000198","not stated","northern bald ibis","not stated","not stated","not stated","B_regional_corroborated"
"not stated","W3047050104",2020,"multiple North African","Conservation Amid COVID-19 Pandemic: Ecotourism Collapse Threatens Communities and Wildlife in Morocco","E3S Web of Conferences","https://doi.org/10.1051/e3sconf/202018301003","https://doi.org/10.1051/e3sconf/202018301003","not stated","not stated","not stated","not stated","not stated","B_regional_corroborated"
"not stated","W3108294470",2020,"multiple North African","How human intervention and climate change shaped the fate of the Northern Bald Ibis from ancient Egypt to the presence: an interdisciplinary approach to extinction and recovery of an iconic bird species","bioRxiv (Cold Spring Harbor Laboratory)","https://doi.org/10.1101/2020.11.25.397570","https://doi.org/10.1101/2020.11.25.397570","not stated","Northern Bald Ibis","not stated","not stated","not stated","B_regional_corroborated"
"not stated","W3090749294",2020,"multiple North African","Status of Sepia officinalis and 19 Main Fisheries Species Caught from Southeast Mediterranean Sea, North Sinai, Egypt.","Egyptian Journal of Aquatic Biology and Fisheries","https://doi.org/10.21608/ejabf.2020.116577","https://doi.org/10.21608/ejabf.2020.116577","marine","common cuttlefish","not stated","not stated","not stated","B_regional_corroborated"
"not stated","W3017956184",2020,"multiple North African","Social-Environmental Analysis for the Management of Coastal Lagoons in North Africa","Frontiers in Environmental Science","https://doi.org/10.3389/fenvs.2020.00037","https://doi.org/10.3389/fenvs.2020.00037","both","not stated","not stated","not stated","not stated","B_regional_corroborated"
"not stated","W3081500063",2020,"multiple North African","A Landscape without Nonhuman Primates? The Case of the Barbary Macaque, Macaca sylvanus, (Linnaeus, 1758) and Its Interaction with Humans throughout Recorded Time","Humanities","https://doi.org/10.3390/h9030092","https://doi.org/10.3390/h9030092","not stated","Barbary Macaque","not stated","not stated","not stated","C_asserted_no_evidence"
"not stated","W2991073745",2019,"multiple North African","Effects of fishing practice changes on pelagic shark longline captures in the Gulf of Gabes, Tunisia","Aquatic Conservation Marine and Freshwater Ecosystems","https://doi.org/10.1002/aqc.3226","https://doi.org/10.1002/aqc.3226","marine","sandbar shark","yes","no","not measured","B_regional_corroborated"
"not stated","W2908415939",2019,"multiple North African","History of Ecological Sciences, Part 61C: Marine Biogeography, 1690s–1940s","Bulletin of the Ecological Society of America","https://doi.org/10.1002/bes2.1486","https://doi.org/10.1002/bes2.1486","both","oceanic birds, seal family, sea turtles, iguana, crabs, marine snakes","not stated","not stated","not stated","C_asserted_no_evidence"
"not stated","W2969873458",2019,"Egypt","Population ecology and the management of whale watching operations on a data‐deficient dolphin population","Ecology and Evolution","https://doi.org/10.1002/ece3.5565","https://doi.org/10.1002/ece3.5565","marine","spinner dolphins","no","no","not measured","A_named_country_corroborated"
"not stated","W2943305201",2019,"Morocco","Interpreting People’s Behavior Toward Primates Using Qualitative Data: a Case Study from North Morocco","International Journal of Primatology","https://doi.org/10.1007/s10764-019-00087-w","https://doi.org/10.1007/s10764-019-00087-w","terrestrial","Barbary macaque","not stated","not stated","not stated","A_named_country_corroborated"
"not stated","W2969783162",2019,"multiple North African","Shark pelagic longline fishery in the Gulf of Gabes: Inter-decadal inspection reveals management needs","Mediterranean Marine Science","https://doi.org/10.12681/mms.18862","https://doi.org/10.12681/mms.18862","marine","not stated","not stated","not stated","not stated","B_regional_corroborated"
"not stated","W4288349131",2019,"multiple North African","The shifting distribution of Mediterranean fishes: a spatio-temporal assessment based on Local Ecological Knowledge.","Zenodo (CERN European Organization for Nuclear Research)","https://doi.org/10.5281/zenodo.3142266","https://doi.org/10.5281/zenodo.3142266","marine","not stated","not stated","not stated","not stated","C_asserted_no_evidence"
"not stated","W4245410401",2019,"multiple North African","Ecology of Caracals and Their Distribution in Africa: A Review Paper","Journal of Biology Agriculture and Healthcare","https://doi.org/10.7176/jbah/9-13-05","https://doi.org/10.7176/jbah/9-13-05","not stated","caracal","not stated","not stated","not stated","B_regional_corroborated"
"not stated","W2954627580",2019,"multiple North African","Water Hyacinth (Eichhornia crassipes) Biology and Its Impacts on Ecosystem, Biodiversity, Economy and Human Well-being",,"https://doi.org/10.7176/jnsr/9-12-04","https://doi.org/10.7176/jnsr/9-12-04","not stated","Water Hyacinth","not stated","not stated","not stated","B_regional_corroborated"
"not stated","W2796022831",2018,"multiple North African","Race, then and now: 1918 revisited","American Journal of Physical Anthropology","https://doi.org/10.1002/ajpa.23417","https://doi.org/10.1002/ajpa.23417","not stated","not stated","not stated","not stated","not stated","C_asserted_no_evidence"
"not stated","W2801429878",2018,"multiple North African","Assessing the applicability of stable isotope analysis to determine the contribution of landfills to vultures’ diet","PLoS ONE","https://doi.org/10.1371/journal.pone.0196044","https://doi.org/10.1371/journal.pone.0196044","terrestrial","Egyptian Vulture","no","no","not stated","B_regional_corroborated"
"not stated","W2785533475",2018,"multiple North African","Home Range and Habitat Use of Crop-Raiding Barbary Macaques in the Upper Ourika Valley, Western High Atlas Mountains, Morocco","International Journal of Avian & Wildlife Biology","https://doi.org/10.15406/ijawb.2018.03.00049","https://doi.org/10.15406/ijawb.2018.03.00049","terrestrial","macaques","not stated","not stated","not stated","B_regional_corroborated"
"not stated","W4289548230",2018,"Morocco","Analysis Of Fish Community At The First Artificial Reef In Morocco (Martil, Mediterranean).","Zenodo (CERN European Organization for Nuclear Research)","https://doi.org/10.5281/zenodo.1466431","https://doi.org/10.5281/zenodo.1466431","marine","not stated","yes","yes","not stated","A_named_country_corroborated"
"not stated","14327335",2018,"multiple North African","Important areas at sea for adult loggerhead sea turtles in the Mediterranean Sea: satellite tracking corroborates findings from potentially biased sources","RERO DOC Digital Library",,"14327335","marine","turtles","no","not stated","not stated","B_regional_corroborated"
"not stated","W2919734443",2018,"multiple North African","","City Research Online (City University London)",,"https://openalex.org/W2919734443","both","not stated","not stated","not stated","not stated","C_asserted_no_evidence"
"not stated","W2594633798",2017,"multiple North African","Best Practice Framework and Principles for Monitoring the Effect of Coastal Development on Marine Mammals","Frontiers in Marine Science","https://doi.org/10.3389/fmars.2017.00059","https://doi.org/10.3389/fmars.2017.00059","marine","not stated","not stated","not stated","not stated","C_asserted_no_evidence"
"not stated","W2289557866",2016,"multiple North African","Preliminary assessment of the scope and scale of illegal killing and taking of birds in the Mediterranean","Bird Conservation International","https://doi.org/10.1017/s0959270915000416","https://doi.org/10.1017/s0959270915000416","not stated","not stated","not stated","not stated","not stated","B_regional_corroborated"
"not stated","W2528835440",2016,"Egypt","Conservation of the spinner dolphin in the Egyptian Red Sea","Otago University Research Archive (University of Otago)","https://doi.org/10.13140/rg.2.2.28830.15685","https://doi.org/10.13140/rg.2.2.28830.15685","marine","spinner dolphin","no","no","not measured","A_named_country_corroborated"
"not stated","W2568954900",2016,"multiple North African","A Cultural Herpetology of Nile Crocodiles in Africa","Conservation and Society","https://doi.org/10.4103/0972-4923.197609","https://doi.org/10.4103/0972-4923.197609","both","Nile crocodile","not stated","not stated","not stated","B_regional_corroborated"
"not stated","W2513225841",2016,"Egypt","Liposomal Microencapsulation of Rodent-repelling Agents onto Jute Burlaps: Assessment of Cytotoxicity and Rat Behavioral Test","Journal of Applied Pharmaceutical Science","https://doi.org/10.7324/japs.2016.60822","https://doi.org/10.7324/japs.2016.60822","not stated","not stated","not stated","not stated","not stated","A_named_country_corroborated"
"not stated","W2193249342",2015,"multiple North African","The Conflict Between Pteropodid Bats and Fruit Growers: Species, Legislation and Mitigation",,"https://doi.org/10.1007/978-3-319-25220-9_13","https://doi.org/10.1007/978-3-319-25220-9_13","not stated","not stated","yes","yes","reduced conflict","C_asserted_no_evidence"
"not stated","W2290921243",2015,"Egypt","Hunting of migratory birds in North Sinai, Egypt","Bird Conservation International","https://doi.org/10.1017/s0959270915000180","https://doi.org/10.1017/s0959270915000180","both","quail","not stated","not stated","not stated","A_named_country_corroborated"
"not stated","W2341723205",2015,"Egypt","The impact of Bedouin agricultural gardens on biodiversity in South Sinai, Egypt","Nottingham ePrints (University of Nottingham)",,"https://openalex.org/W2341723205","terrestrial","almond","no","no","not measured","A_named_country_corroborated"
"not stated","9052239",2015,"multiple North African","Trawling and creeling for nephrops: impacts on biodiversity and populations structure","Universidade do Algarve; Sapientia (Univ. do Algarve)",,"9052239","marine","Norway Lobster","yes","yes","not stated","B_regional_corroborated"
"not stated","W280442085",2014,"Morocco","Including People in Primate Conservation: A Case Study of Shepherds and Barbary Macaques in Bouhachem forest, Northern Morocco","Durham e-Theses (Durham University)",,"https://openalex.org/W280442085","terrestrial","Barbary macaques","not stated","not stated","not stated","A_named_country_corroborated"
"not stated","W2157223050",2013,"Tunisia","Elasmobranchs longline fisheries in the Gulf of Gabès (southern Tunisia)","Journal of the Marine Biological Association of the United Kingdom","https://doi.org/10.1017/s0025315413000726","https://doi.org/10.1017/s0025315413000726","marine","sandbar shark","no","no","not stated","A_named_country_corroborated"
"not stated","W1972887459",2013,"multiple North African","Fiddling in biodiversity hotspots while deserts burn? Collapse of the Sahara's megafauna","Diversity and Distributions","https://doi.org/10.1111/ddi.12157","https://doi.org/10.1111/ddi.12157","terrestrial","scimitar-horned oryx","not stated","not stated","not stated","C_asserted_no_evidence"
"not stated","W2088965171",2013,"multiple North African","Examining the Extinction of the Barbary Lion and Its Implications for Felid Conservation","PLoS ONE","https://doi.org/10.1371/journal.pone.0060174","https://doi.org/10.1371/journal.pone.0060174","terrestrial","Barbary lion","not stated","not stated","not stated","B_regional_corroborated"
"not stated","W2600438549",2013,"multiple North African","Fighting Over Fish: How Climate Change Could Influence Violent Conflict","ResearchWorks at the University of Washington (University of Washington)",,"https://openalex.org/W2600438549","marine","fish","not stated","not stated","not stated","C_asserted_no_evidence"
"not stated","W1965440783",2012,"multiple North African","Factors affecting reproduction of WoodpigeonsColumba palumbusin North African forests: 1. Nest habitat selection","Bird Study","https://doi.org/10.1080/00063657.2012.724050","https://doi.org/10.1080/00063657.2012.724050","terrestrial","Woodpigeon","no","no","not stated","B_regional_corroborated"
"not stated","W1503887661",2012,"multiple North African","Biological and Ecological Studies on Land Snails and Their Control","InTech eBooks","https://doi.org/10.5772/29701","https://doi.org/10.5772/29701","terrestrial",,"yes","yes","not stated","B_regional_corroborated"
"not stated","W2132561879",2010,"multiple North African","The Links Between Resource Dependency and Attitude of Commercial Fishers to Coral Reef Conservation in the Red Sea","AMBIO","https://doi.org/10.1007/s13280-010-0065-9","https://doi.org/10.1007/s13280-010-0065-9",,"not stated","no","no","not stated","B_regional_corroborated"
"not stated","W2299960256",2010,"Algeria","Valorisation des eaux de surface de la réserve de Mergueb (M’sila, Algérie) au profit de la faune sauvage protégée dont la Gazelle de Cuvier, espèce emblématique de la région","Revue d Écologie (La Terre et La Vie)","https://doi.org/10.3406/revec.2010.1529","https://doi.org/10.3406/revec.2010.1529","terrestrial","Cuvier’s Gazelle","yes","yes","reduced conflict","A_named_country_corroborated"
"not stated","W3124911220",2010,"multiple North African","Managing Bluefin Tuna in the Mediterranean Sea","RePEc: Research Papers in Economics",,"https://openalex.org/W3124911220","marine","Atlantic Bluefin Tuna","not stated","not stated","not stated","C_asserted_no_evidence"
"not stated","W2161217137",2009,"multiple North African","Buying Years to Extinction: Is Compensatory Mitigation for Marine Bycatch a Sufficient Conservation Measure for Long-Lived Seabirds?","PLoS ONE","https://doi.org/10.1371/journal.pone.0004826","https://doi.org/10.1371/journal.pone.0004826","both","rat, Cory's shearwater","not stated","not stated","not stated","C_asserted_no_evidence"
"not stated","W2105413109",2008,"multiple North African","Contribution of research to conservation action for the Northern Bald Ibis Geronticus eremita in Morocco","Bird Conservation International","https://doi.org/10.1017/s0959270908000403","https://doi.org/10.1017/s0959270908000403","terrestrial","Northern Bald Ibis","not stated","not stated","not stated","B_regional_corroborated"
"not stated","W1863567874",2008,"multiple North African","Incidental capture of sea turtles by longlines in the Gulf of Gabès (South Tunisia): A comparative study between bottom and surface longlines","Scientia Marina","https://doi.org/10.3989/scimar.2008.72n2337","https://doi.org/10.3989/scimar.2008.72n2337","marine","sea turtles","not stated","not stated","not stated","B_regional_corroborated"
"not stated","W13500458",2008,"multiple North African","Mitochondrial DNA reveals regional and interregional importance of the central Mediterranean African shelf for loggerhead sea turtles (Caretta caretta)","Scientia Marina","https://doi.org/10.3989/scimar.2008.72n3541","https://doi.org/10.3989/scimar.2008.72n3541",,"sea turtle","not stated","not stated","not stated","B_regional_corroborated"
"not stated","W1993434971",2006,"multiple North African","Alien Marine Species in the Mediterranean - the 100 ‘Worst Invasives’ and their Impact","Mediterranean Marine Science","https://doi.org/10.12681/mms.180","https://doi.org/10.12681/mms.180","not stated","not stated","not stated","not stated","not stated","C_asserted_no_evidence"
"not stated","W3131003730",1998,"multiple North African","Studies on the Ecology and Conservation of Marine Turtles: With Particular Reference to the Mediterranean","Enlighten: Theses (The University of Glasgow)",,"https://openalex.org/W3131003730",,"loggerhead turtle, green turtle, leatherback turtle","not stated","not stated","not stated","C_asserted_no_evidence"
"other","W4412190053",2025,"multiple North African","Out of Sight, out of Mind? Evidence of Human‐Induced Threats in the Elusive  Ziphius cavirostris  of the Mediterranean Sea","Ecology and Evolution","https://doi.org/10.1002/ece3.71790","https://doi.org/10.1002/ece3.71790",,"beaked whale","not stated","not stated","not stated","B_regional_corroborated"
"other","W4412364748",2025,"Tunisia","Distribution, threats, population trends, and ecology of the Saharan Striped Polecat ( Poecilictis libyca ) in Tunisia: a questionnaire and field-based survey","Journal of Mammalogy","https://doi.org/10.1093/jmammal/gyaf043","https://doi.org/10.1093/jmammal/gyaf043","terrestrial","Saharan Striped Polecat","no","no","not stated","A_named_country_corroborated"
"other","W4412859634",2025,"Morocco","Analysis of Cetacean Strandings Along the Moroccan Mediterranean Coast: Spatial and Temporal Patterns","Egyptian Journal of Aquatic Biology and Fisheries","https://doi.org/10.21608/ejabf.2025.443737","https://doi.org/10.21608/ejabf.2025.443737","marine","striped dolphin, common dolphin","not stated","not stated","not stated","A_named_country_corroborated"
"other","W4407427266",2025,"multiple North African","Sea Turtles in Tunisia: An Overview on their Status and Conservation Effort","IntechOpen eBooks","https://doi.org/10.5772/intechopen.1008239","https://doi.org/10.5772/intechopen.1008239","both","sea turtles","yes","yes","not stated","B_regional_corroborated"
"other","W4401165658",2024,"multiple North African","From fangs to antidotes: A scoping review on snakebite burden, species, and antivenoms in the Eastern Mediterranean Region","PLoS neglected tropical diseases","https://doi.org/10.1371/journal.pntd.0012200","https://doi.org/10.1371/journal.pntd.0012200","not stated","not stated","not stated","not stated","not stated","B_regional_corroborated"
"other","W4402524969",2024,"multiple North African","Ghost Gear in the Gulf of Gabès (Tunisia): An Urgent Need for a Conservation Code of Conduct","Sustainability","https://doi.org/10.3390/su16188003","https://doi.org/10.3390/su16188003","marine","not stated","not stated","not stated","not stated","B_regional_corroborated"
"other","W4386046441",2023,"Morocco","Behavioral adjustments of endangered Barbary macaques (Macaca sylvanus) living at the edge of an agricultural landscape in Morocco","American Journal of Primatology","https://doi.org/10.1002/ajp.23545","https://doi.org/10.1002/ajp.23545","not stated","macaques","not stated","not stated","not stated","A_named_country_corroborated"
"other","W4378554658",2023,"Egypt","The Impact of Airports Bird Hazard Management on Climate Changes and Bird-watching Tourism: Applying to Sharm El-Sheikh International Airport","Journal of Association of Arab Universities for Tourism and Hospitality","https://doi.org/10.21608/jaauth.2023.197185.1429","https://doi.org/10.21608/jaauth.2023.197185.1429","not stated","pigeons and white storks","yes","yes","reduced conflict","A_named_country_corroborated"
"other","W4292236166",2022,"Egypt","Impact of a Wind Energy Projects on Bird Migration Gabel Al-Zeit - Eastern Desert, Egypt","Catrina The International Journal of Environmental Sciences","https://doi.org/10.21608/cat.2022.147050.1134","https://doi.org/10.21608/cat.2022.147050.1134","terrestrial","migratory soaring birds","no","no","not measured","A_named_country_corroborated"
"other","W4310824678",2022,"Morocco","Impact of the Bottlenose Dolphins (Tursiops truncatus) Depredation on Purse-Seine Fishery in the Region of M’diq (Northwestern Morocco)","Egyptian Journal of Aquatic Biology and Fisheries","https://doi.org/10.21608/ejabf.2022.271078","https://doi.org/10.21608/ejabf.2022.271078","marine","Bottlenose Dolphins","no","no","not measured","A_named_country_corroborated"
"other","W3162789037",2021,"multiple North African","Cultural heritage and environmental ethical values in governance models: Conflicts between recreational fisheries and other maritime activities in Mediterranean marine protected areas","Marine Policy","https://doi.org/10.1016/j.marpol.2021.104529","https://doi.org/10.1016/j.marpol.2021.104529","marine","not stated","not stated","not stated","not stated","C_asserted_no_evidence"
"other","W3213140225",2021,"Morocco","Ophidian envenomation in Morocco: Analysis of specific hospitalization records (2012-2015)","E3S Web of Conferences","https://doi.org/10.1051/e3sconf/202131901071","https://doi.org/10.1051/e3sconf/202131901071","terrestrial","Snake","not stated","not stated","not stated","A_named_country_corroborated"
"other","W3126146416",2021,"multiple North African","Mediterranean sharks and rays need action","Science","https://doi.org/10.1126/science.abg1943","https://doi.org/10.1126/science.abg1943","marine","sharks and rays","no","not stated","not stated","B_regional_corroborated"
"other","W3165463768",2021,"multiple North African","Sinai: Tourism, Colonialism, and Sea","Journal of Embodied Research","https://doi.org/10.16995/jer.85","https://doi.org/10.16995/jer.85",,"whales, sea turtles, dolphins, sharks","no","not stated","not stated","B_regional_corroborated"
"other","W4235674053",2021,"Morocco","ENVENIMATIONS VIPERINES","International Journal of Advanced Research","https://doi.org/10.21474/ijar01/13428","https://doi.org/10.21474/ijar01/13428",,"viper","no","no","not stated","A_named_country_corroborated"
"other","W3164722733",2021,"multiple North African","Linking Territorial and Coastal Planning: Conservation Status and Management of Mangrove Ecosystem at the Egyptian - African Red Sea Coast","Aswan University Journal of Environmental Studies","https://doi.org/10.21608/aujes.2021.65951.1013","https://doi.org/10.21608/aujes.2021.65951.1013","both","mangrove","not stated","not stated","not stated","B_regional_corroborated"
"other","W3134637697",2021,"Egypt","Status of Indo-Pacific Bottlenose Dolphin, Tursiops aduncus (Family Delphinidae: Order Cetacea) in the Northern Protected Islands, Hurghada, Red Sea, Egypt","Egyptian Journal of Aquatic Biology and Fisheries","https://doi.org/10.21608/ejabf.2021.149307","https://doi.org/10.21608/ejabf.2021.149307","marine","Indo-Pacific Bottlenose Dolphin","no","no","not stated","A_named_country_corroborated"
"other","W4301525508",2021,"multiple North African","Review of species-specific collision risks for seabirds","Zenodo (CERN European Organization for Nuclear Research)","https://doi.org/10.5281/zenodo.6974012","https://doi.org/10.5281/zenodo.6974012","marine","seabirds","no","no","not measured","C_asserted_no_evidence"
"other","W3048716714",2020,"multiple North African","A Review of Freshwater Crayfish Introductions in Africa","Reviews in Fisheries Science & Aquaculture","https://doi.org/10.1080/23308249.2020.1802405","https://doi.org/10.1080/23308249.2020.1802405","both","freshwater crayfish","no","no","not stated","B_regional_corroborated"
"other","W3016553572",2020,"multiple North African","Wildlife trafficking and criminogenic asymmetries in a globalised world",,"https://doi.org/10.4324/9781315207094-30","https://doi.org/10.4324/9781315207094-30","both","rhino, tiger, Barbary macaques, sturgeon","not stated","not stated","not stated","B_regional_corroborated"
"other","W2905336371",2018,"multiple North African","Conserving wildlife facing mass‐tourism calls for effective management","Animal Conservation","https://doi.org/10.1111/acv.12474","https://doi.org/10.1111/acv.12474","marine","Osprey","no","not stated","not stated","B_regional_corroborated"
"other","W2185312405",2015,"multiple North African","Seismic surveys and marine turtles: An underestimated global threat?","Biological Conservation","https://doi.org/10.1016/j.biocon.2015.10.020","https://doi.org/10.1016/j.biocon.2015.10.020","marine","marine turtles","no","no","not measured","C_asserted_no_evidence"
"other","W1998876562",2015,"multiple North African","Is Diet Flexibility an Adaptive Life Trait for Relictual and Peri-Urban Populations of the Endangered Primate Macaca sylvanus?","PLoS ONE","https://doi.org/10.1371/journal.pone.0118596","https://doi.org/10.1371/journal.pone.0118596","both","macaque","not stated","not stated","not stated","B_regional_corroborated"
"other","W2206652945",2015,"multiple North African","Spanish Imperial Eagles and other eagles found electrocuted in Morocco and proposition of correction measures","INDIGO (University of Illinois at Chicago)","https://doi.org/10.6084/m9.figshare.1613292.v2","https://doi.org/10.6084/m9.figshare.1613292.v2","terrestrial","Spanish Imperial Eagles, Bonelli’s Eagles, Golden Eagle","not stated","not stated","not stated","B_regional_corroborated"
"other","W2134692257",2013,"multiple North African","Setback Distances as a Conservation Tool in Wildlife-Human Interactions: Testing Their Efficacy for Birds Affected by Vehicles on Open-Coast Sandy Beaches","PLoS ONE","https://doi.org/10.1371/journal.pone.0071200","https://doi.org/10.1371/journal.pone.0071200","both","not stated","not stated","not stated","not stated","C_asserted_no_evidence"
"other","W2017504858",2007,"Egypt","Mortality, Recruitment and Change of Desert Tree Populations in a Hyper-Arid Environment","PLoS ONE","https://doi.org/10.1371/journal.pone.0000208","https://doi.org/10.1371/journal.pone.0000208","terrestrial","Acacia tortilis","not stated","not stated","not stated","A_named_country_corroborated"
"persecution or retaliatory killing","W7138888116",2026,"multiple North African","Latest sightings of the striped hyena in North Africa: major threats and conservation actions","TURKISH JOURNAL OF ZOOLOGY","https://doi.org/10.55730/1300-0179.3256","https://doi.org/10.55730/1300-0179.3256","terrestrial","striped hyena","no","no","not measured","B_regional_corroborated"
"persecution or retaliatory killing","W7114772952",2025,"Algeria","Nesting Biology of the Aquatic Mallards Anas platyrhynchos Linnaeus, 1758 in Lake Tonga, El Kala National Park, Algeria","Egyptian Journal of Aquatic Biology and Fisheries","https://doi.org/10.21608/ejabf.2025.356503.5314","https://doi.org/10.21608/ejabf.2025.356503.5314","both","Mallards","no","no","not stated","A_named_country_corroborated"
"persecution or retaliatory killing","W4405400421",2024,"Algeria","The future of the barbary sheep and the dorcas gazelle populations in Algerian Sahara: On the brink of extinction?","Animal Conservation","https://doi.org/10.1111/acv.13010","https://doi.org/10.1111/acv.13010","terrestrial","barbary sheep, dorcas gazelle","no","no","not stated","A_named_country_corroborated"
"persecution or retaliatory killing","W3175439491",2021,"multiple North African","Disentangling drivers of power line use by vultures: Potential to reduce electrocutions","The Science of The Total Environment","https://doi.org/10.1016/j.scitotenv.2021.148534","https://doi.org/10.1016/j.scitotenv.2021.148534","terrestrial","Egyptian Vulture","yes","yes","reduced conflict","B_regional_corroborated"
"persecution or retaliatory killing","W3169892409",2021,"multiple North African","Eastern imperial eagle Aquila heliaca",,"https://doi.org/10.1201/9781351023627-12","https://doi.org/10.1201/9781351023627-12","not stated","Eastern imperial eagle","not stated","not stated","not stated","B_regional_corroborated"
"persecution or retaliatory killing","W4237097071",2021,"multiple North African","Sentinel animals : Enriching artificial intelligence with wildlife ecology to guard rhinos",,"https://doi.org/10.18174/544693","https://doi.org/10.18174/544693","terrestrial","rhino","not stated","not stated","not stated","C_asserted_no_evidence"
"persecution or retaliatory killing","W3110888851",2020,"multiple North African","Major threats to a migratory raptor vary geographically along the eastern Mediterranean flyway","bioRxiv (Cold Spring Harbor Laboratory)","https://doi.org/10.1101/2020.12.16.422983","https://doi.org/10.1101/2020.12.16.422983",,"Egyptian Vulture","no","no","not measured","B_regional_corroborated"
"persecution or retaliatory killing","W2144503057",2015,"multiple North African","Another Continental Vulture Crisis: Africa's Vultures Collapsing toward Extinction","Conservation Letters","https://doi.org/10.1111/conl.12182","https://doi.org/10.1111/conl.12182","terrestrial",,"not stated","not stated","not stated","C_asserted_no_evidence"
"persecution or retaliatory killing","W2286354200",1990,"Morocco","L’évolution récente de l’avifaune du Nord-Est marocain : pertes et gains depuis 35 ans","Revue d Écologie (La Terre et La Vie)","https://doi.org/10.3406/revec.1990.1999","https://doi.org/10.3406/revec.1990.1999","both",,"no","no","not measured","A_named_country_corroborated"
"property damage","W7165652291",2026,"Egypt","What do fishermen think? Local perspectives on human–crocodile coexistence in Lake Nasser","Frontiers in Conservation Science","https://doi.org/10.3389/fcosc.2026.1854789","https://doi.org/10.3389/fcosc.2026.1854789","both","crocodile","not stated","not stated","not stated","A_named_country_corroborated"
"property damage","W4392545263",2024,"multiple North African","Another One Bites the Net: Assessing the Economic Impacts of Lagocephalus sceleratus on Small-Scale Fisheries in Greece","Fishes","https://doi.org/10.3390/fishes9030104","https://doi.org/10.3390/fishes9030104","marine","silver-cheeked toadfish","no","no","not measured","B_regional_corroborated"
"property damage","W1540840170",2008,"multiple North African","The politics of flood insecurity : framing contested river management projects",,"https://doi.org/10.18174/16352","https://doi.org/10.18174/16352",,"not stated","not stated","not stated","not stated","C_asserted_no_evidence"
