"openalex_id","title","publication_year","doi","url","source_container","type","conflict_type","country"
"W7125499556","A new record of the critically endangered Smoothback angelshark Squatina oculata from Algerian waters (GFCM-GSA 04): biological data and implications for management",2026,"https://doi.org/10.20302/nc.2025.35.6","https://doi.org/10.20302/nc.2025.35.6","University of Zagreb University Computing Centre (SRCE)","article","bycatch","Algeria"
"W7138888116","Latest sightings of the striped hyena in North Africa: major threats and conservation actions",2026,"https://doi.org/10.55730/1300-0179.3256","https://doi.org/10.55730/1300-0179.3256","TURKISH JOURNAL OF ZOOLOGY","article","persecution or retaliatory killing","Algeria"
"W4416097950","Fishing shapes cetacean population density patterns in the Mediterranean basin",2025,"https://doi.org/10.1002/ecog.07919","https://doi.org/10.1002/ecog.07919","Ecography","article","bycatch","Algeria"
"W4414163724","Marine biotoxins in Mediterranean seafood: Environmental occurrence and food safety concerns",2025,"https://doi.org/10.1016/j.ecoenv.2025.119032","https://doi.org/10.1016/j.ecoenv.2025.119032","Ecotoxicology and Environmental Safety","article","not stated","Algeria"
"W4413766820","Seabird‐vessel interactions in industrial fisheries of Northwest Africa: Implications for international bycatch management",2025,"https://doi.org/10.1111/1365-2664.70139","https://doi.org/10.1111/1365-2664.70139","Journal of Applied Ecology","article","bycatch","Algeria"
"W4406918266","Impact of long-term cyanotoxin exposure on cattle: Biochemical, histological, and oxidative stress assessment",2025,"https://doi.org/10.14202/vetworld.2025.189-201","https://doi.org/10.14202/vetworld.2025.189-201","Veterinary World","article","not stated","Algeria"
"W4407107407","ASSESSING THE POPULATION PARAMETERS OF EUROPEAN ANCHOVY, ENGRAULIS ENCRASICOLUS (LINNAEUS, 1758) IN ALGERIAN EAST COAST (SOUTHWESTERN MEDITERRANEAN SEA)",2025,"https://doi.org/10.15666/aeer/2301_13471363","https://doi.org/10.15666/aeer/2301_13471363","Applied Ecology and Environmental Research","article","not stated","Algeria"
"W7114772952","Nesting Biology of the Aquatic Mallards Anas platyrhynchos Linnaeus, 1758 in Lake Tonga, El Kala National Park, Algeria",2025,"https://doi.org/10.21608/ejabf.2025.356503.5314","https://doi.org/10.21608/ejabf.2025.356503.5314","Egyptian Journal of Aquatic Biology and Fisheries","article","persecution or retaliatory killing","Algeria"
"W4416337265","Context Matters: How Decontextualization Influences Public Perception and Conservation Attitudes Toward Barbary Macaques in Algeria",2025,"https://doi.org/10.3390/ani15223319","https://doi.org/10.3390/ani15223319","Animals","article","competition for resources","Algeria"
"W4390771181","Identifying the foraging grounds of the new loggerhead turtle nesters in the western Mediterranean",2024,"https://doi.org/10.1002/aqc.4059","https://doi.org/10.1002/aqc.4059","Aquatic Conservation Marine and Freshwater Ecosystems","article","not stated","Algeria"
"W4393971019","Tracking data highlight the importance of human-induced mortality for large migratory birds at a flyway scale",2024,"https://doi.org/10.1016/j.biocon.2024.110525","https://doi.org/10.1016/j.biocon.2024.110525","Biological Conservation","article","not stated","Algeria"
"W4405400421","The future of the barbary sheep and the dorcas gazelle populations in Algerian Sahara: On the brink of extinction?",2024,"https://doi.org/10.1111/acv.13010","https://doi.org/10.1111/acv.13010","Animal Conservation","article","persecution or retaliatory killing","Algeria"
"W4402276370","Intentional Killings and Culling of Small Cetaceans due to Perceived Competition with Fisheries in the Mediterranean Sea and Northeast Atlantic between the Eighteenth and Twentieth Centuries",2024,"https://doi.org/10.1201/9781003477518-2","https://doi.org/10.1201/9781003477518-2",,"book-chapter","competition for resources","Algeria"
"W4402750361","Climate Warming and Mismanagement Drive the Shift of Fish Communities in the Wadi El-Rayan Arid Lakes",2024,"https://doi.org/10.3390/w16182685","https://doi.org/10.3390/w16182685","Water","article","not stated","Algeria"
"W7164091231","Anàlisi del grau de solapament entre l&apos;esforç de pesca aparent i l&apos;hàbitat de la tortuga boba en el Mediterrani occidental",2024,,"https://openalex.org/W7164091231","RiuNet (Universitat Politècnica de València)","dissertation","bycatch","Algeria"
"W4388510764","African Buffalo and Colonial Cattle: Is ‘Systems Change’ the Best Future for Farming and Nature in Africa?",2023,"https://doi.org/10.1017/9781009006828.017","https://doi.org/10.1017/9781009006828.017","Cambridge University Press eBooks","book-chapter","not stated","Algeria"
"W4385290138","The natural history of lions in North Africa and the relevance of their depiction in the “Lions Attacking a Dromedary” diorama",2023,"https://doi.org/10.1111/cura.12564","https://doi.org/10.1111/cura.12564","Curator The Museum Journal","article","not stated","Algeria"
"W4391378766","Is there an effect of electromagnetic waves from base stations on the breeding success of Ciconia ciconia ciconia in Algeria?",2023,"https://doi.org/10.15421/012358","https://doi.org/10.15421/012358","Biosystems Diversity","article","not stated","Algeria"
"W4382645742","The occurrence of the Chinese Sinanodonta woodiana (Lea, 1834) (Mollusca Bivalvia Unionidae) in Algerian dams",2023,"https://doi.org/10.31396/biodiv.jour.2023.14.2.385.390","https://doi.org/10.31396/biodiv.jour.2023.14.2.385.390","BIODIVERSITY JOURNAL","article","competition for resources","Algeria"
"W4390354179","What does the diet of the Common Starling (Sturnus vulgaris Linnaeus, 1758) in the Ziban Oasis (Algeria) indicate: pest or useful in agriculture?",2023,"https://doi.org/10.35513/21658005.2023.2.10","https://doi.org/10.35513/21658005.2023.2.10","Zoology and Ecology","article","crop damage","Algeria"
"W4390757936","Threats and Mitigation",2023,"https://doi.org/10.4314/vulnew.v83a1.6","https://doi.org/10.4314/vulnew.v83a1.6","Vulture News","article","not stated","Algeria"
"W4283067969","Assessing the use of marine protected areas by loggerhead sea turtles (Caretta caretta) tracked from the western Mediterranean",2022,"https://doi.org/10.1016/j.gecco.2022.e02196","https://doi.org/10.1016/j.gecco.2022.e02196","Global Ecology and Conservation","article","not stated","Algeria"
"W4290786637","Small-scale fisheries catch more threatened elasmobranchs inside partially protected areas than in unprotected areas",2022,"https://doi.org/10.1038/s41467-022-32035-3","https://doi.org/10.1038/s41467-022-32035-3","Nature Communications","article","not stated","Algeria"
"W4223523542","Hotspots in the grid: Avian sensitivity and vulnerability to collision risk from energy infrastructure interactions in Europe and North Africa",2022,"https://doi.org/10.1111/1365-2664.14160","https://doi.org/10.1111/1365-2664.14160","Journal of Applied Ecology","article","not stated","Algeria"
"W4319032897","The major threats to the Endangered Barbary macaque Macaca sylvanus in North Africa",2022,"https://doi.org/10.17161/eurojecol.v8i2.16246","https://doi.org/10.17161/eurojecol.v8i2.16246","European Journal of Ecology","article","competition for resources","Algeria"
"W3133867487","The conservation of the endangered Mediterranean common dolphin (Delphinus delphis): Current knowledge and research priorities",2021,"https://doi.org/10.1002/aqc.3538","https://doi.org/10.1002/aqc.3538","Aquatic Conservation Marine and Freshwater Ecosystems","article",,"Algeria"
"W3108367984","The northern bald ibis Geronticus eremita: history, current status and future perspectives",2020,"https://doi.org/10.1017/s0030605320000198","https://doi.org/10.1017/s0030605320000198","Oryx","article","not stated","Algeria"
"W3017956184","Social-Environmental Analysis for the Management of Coastal Lagoons in North Africa",2020,"https://doi.org/10.3389/fenvs.2020.00037","https://doi.org/10.3389/fenvs.2020.00037","Frontiers in Environmental Science","article","not stated","Algeria"
"W3081500063","A Landscape without Nonhuman Primates? The Case of the Barbary Macaque, Macaca sylvanus, (Linnaeus, 1758) and Its Interaction with Humans throughout Recorded Time",2020,"https://doi.org/10.3390/h9030092","https://doi.org/10.3390/h9030092","Humanities","article","not stated","Algeria"
"W3029444820","First study of sea turtle strandings in Algeria (western Mediterranean) and associated threats: 2016–2017",2020,"https://doi.org/10.3897/herpetozoa.33.e48541","https://doi.org/10.3897/herpetozoa.33.e48541","Herpetozoa","article","bycatch","Algeria"
"W3016553572","Wildlife trafficking and criminogenic asymmetries in a globalised world",2020,"https://doi.org/10.4324/9781315207094-30","https://doi.org/10.4324/9781315207094-30",,"book-chapter","other","Algeria"
"W2981509526","A stranding record of the short‐beaked common dolphin (Delphinus delphis) in Algerian West Coast, during 2008–2012",2019,"https://doi.org/10.1002/aqc.3207","https://doi.org/10.1002/aqc.3207","Aquatic Conservation Marine and Freshwater Ecosystems","article","bycatch","Algeria"
"W4288349131","The shifting distribution of Mediterranean fishes: a spatio-temporal assessment based on Local Ecological Knowledge.",2019,"https://doi.org/10.5281/zenodo.3142266","https://doi.org/10.5281/zenodo.3142266","Zenodo (CERN European Organization for Nuclear Research)","article","not stated","Algeria"
"W4245410401","Ecology of Caracals and Their Distribution in Africa: A Review Paper",2019,"https://doi.org/10.7176/jbah/9-13-05","https://doi.org/10.7176/jbah/9-13-05","Journal of Biology Agriculture and Healthcare","article","not stated","Algeria"
"W2919734443","",2018,,"https://openalex.org/W2919734443","City Research Online (City University London)","book","not stated","Algeria"
"W2605447613","Unravelling the drastic range retraction of an emblematic songbird of North Africa: potential threats to Afro-Palearctic migratory birds",2017,"https://doi.org/10.1038/s41598-017-01103-w","https://doi.org/10.1038/s41598-017-01103-w","Scientific Reports","article",,"Algeria"
"W2411907806","Flexible Turtle Excluder Device (TED): an effective tool for Mediterranean coastal multispecies bottom trawl fisheries",2016,"https://doi.org/10.1051/alr/2016016","https://doi.org/10.1051/alr/2016016","Aquatic Living Resources","article","bycatch","Algeria"
"W2144503057","Another Continental Vulture Crisis: Africa's Vultures Collapsing toward Extinction",2015,"https://doi.org/10.1111/conl.12182","https://doi.org/10.1111/conl.12182","Conservation Letters","article","persecution or retaliatory killing","Algeria"
"W1998876562","Is Diet Flexibility an Adaptive Life Trait for Relictual and Peri-Urban Populations of the Endangered Primate Macaca sylvanus?",2015,"https://doi.org/10.1371/journal.pone.0118596","https://doi.org/10.1371/journal.pone.0118596","PLoS ONE","article","other","Algeria"
"W1972887459","Fiddling in biodiversity hotspots while deserts burn? Collapse of the Sahara's megafauna",2013,"https://doi.org/10.1111/ddi.12157","https://doi.org/10.1111/ddi.12157","Diversity and Distributions","article","not stated","Algeria"
"W2088965171","Examining the Extinction of the Barbary Lion and Its Implications for Felid Conservation",2013,"https://doi.org/10.1371/journal.pone.0060174","https://doi.org/10.1371/journal.pone.0060174","PLoS ONE","article","not stated","Algeria"
"W2159155195","Ecosystem models clarify the trophic role of whales off Northwest Africa",2010,"https://doi.org/10.3354/meps08443","https://doi.org/10.3354/meps08443","Marine Ecology Progress Series","article","competition for resources","Algeria"
"W2299960256","Valorisation des eaux de surface de la réserve de Mergueb (M’sila, Algérie) au profit de la faune sauvage protégée dont la Gazelle de Cuvier, espèce emblématique de la région",2010,"https://doi.org/10.3406/revec.2010.1529","https://doi.org/10.3406/revec.2010.1529","Revue d Écologie (La Terre et La Vie)","article","not stated","Algeria"
"W7139462097","Fisheries Centre research reports. Volume 17, number 2",2009,,"https://openalex.org/W7139462097","cIRcle (University of British Columbia)","report",,"Algeria"
"W13500458","Mitochondrial DNA reveals regional and interregional importance of the central Mediterranean African shelf for loggerhead sea turtles (Caretta caretta)",2008,"https://doi.org/10.3989/scimar.2008.72n3541","https://doi.org/10.3989/scimar.2008.72n3541","Scientia Marina","article","not stated","Algeria"
"W1993434971","Alien Marine Species in the Mediterranean - the 100 ‘Worst Invasives’ and their Impact",2006,"https://doi.org/10.12681/mms.180","https://doi.org/10.12681/mms.180","Mediterranean Marine Science","article","not stated","Algeria"
"W4411617346","10.51847/g9duHRt",2000,"https://doi.org/10.51847/g9duhrt","https://doi.org/10.51847/g9duhrt","Time to knit","article","crop damage","Algeria"
"W7172483144","Historical climatic and human settlement patterns leading up to the extinction of the Arabian leopard in the Sinai Peninsula",2026,"https://doi.org/10.1038/s41598-026-59368-z","https://doi.org/10.1038/s41598-026-59368-z","Scientific Reports","article","not stated","Egypt"
"W7165652291","What do fishermen think? Local perspectives on human–crocodile coexistence in Lake Nasser",2026,"https://doi.org/10.3389/fcosc.2026.1854789","https://doi.org/10.3389/fcosc.2026.1854789","Frontiers in Conservation Science","article","property damage","Egypt"
"W7163541962","Catchability Pattern of Cartilaginous Fishes with an Updated Their Diversity and Distribution Along the Egypt’s Mediterranean Coast: Conservation and Bycatch Challenges",2026,"https://doi.org/10.3390/ani16111730","https://doi.org/10.3390/ani16111730","Animals","article","bycatch","Egypt"
"W7163334447","Bayesian Growth Modeling and Length-Based Indicators: Stock Assessment of Nile Tilapia (Oreochromis niloticus) in Lake Nasser, Egypt",2026,"https://doi.org/10.3390/biology15110868","https://doi.org/10.3390/biology15110868","Biology","article","not stated","Egypt"
"W7138888116","Latest sightings of the striped hyena in North Africa: major threats and conservation actions",2026,"https://doi.org/10.55730/1300-0179.3256","https://doi.org/10.55730/1300-0179.3256","TURKISH JOURNAL OF ZOOLOGY","article","persecution or retaliatory killing","Egypt"
"W4413922878","Nile Crocodiles in Lake Nasser, Egypt, Are Found Close to Fishermen's Camps, Indicating Potential Conflicts",2025,"https://doi.org/10.1002/ece3.71970","https://doi.org/10.1002/ece3.71970","Ecology and Evolution","article","not stated","Egypt"
"W4416097950","Fishing shapes cetacean population density patterns in the Mediterranean basin",2025,"https://doi.org/10.1002/ecog.07919","https://doi.org/10.1002/ecog.07919","Ecography","article","bycatch","Egypt"
"W4408273783","Sustainability and avian biodiversity tensions in wastewater management in arid zones",2025,"https://doi.org/10.1016/j.biocon.2025.111046","https://doi.org/10.1016/j.biocon.2025.111046","Biological Conservation","article","not stated","Egypt"
"W4414163724","Marine biotoxins in Mediterranean seafood: Environmental occurrence and food safety concerns",2025,"https://doi.org/10.1016/j.ecoenv.2025.119032","https://doi.org/10.1016/j.ecoenv.2025.119032","Ecotoxicology and Environmental Safety","article","not stated","Egypt"
"W4408717697","Vulnerable Marine Vertebrates along the Egyptian Mediterranean Coast: Challenges to the Anthropogenic, Fisheries Bycatch and Climatic Changes",2025,"https://doi.org/10.5772/intechopen.1009504","https://doi.org/10.5772/intechopen.1009504","IntechOpen eBooks","book-chapter","bycatch","Egypt"
"W7166600224","Analisi degli attacchi di squali confermati nel Mediterraneo orientale e nel Mar di Marmara (1827-2025)",2025,,"https://openalex.org/W7166600224","DiRROS repository (University of Maribor)","article","attacks on humans","Egypt"
"W4393971019","Tracking data highlight the importance of human-induced mortality for large migratory birds at a flyway scale",2024,"https://doi.org/10.1016/j.biocon.2024.110525","https://doi.org/10.1016/j.biocon.2024.110525","Biological Conservation","article","not stated","Egypt"
"W4392625107","A mini-review on fish mass kills within the Egyptian fisheries and aquaculture sectors: Impacts and proposed solutions",2024,"https://doi.org/10.21608/javs.2024.262508.1308","https://doi.org/10.21608/javs.2024.262508.1308","Journal of Applied Veterinary Sciences/Journal of Applied Veterinary Sciences ","review",,"Egypt"
"W4405163001","Crucial Conservation of Birds and Bats: Providing Ecosystem Services in Egypt",2024,"https://doi.org/10.21608/jpfs.2024.280949.1015","https://doi.org/10.21608/jpfs.2024.280949.1015","Journal of Plant and Food Sciences","article","not stated","Egypt"
"W4407867762","Estimating the Damage of Birds to Wheat, Gurma Melon and Cowpea Crops During the Ripening Period at Sharkia Governorate, Egypt",2024,"https://doi.org/10.22268/ajpp-001281","https://doi.org/10.22268/ajpp-001281","Arab Journal Of Plant Protection","article","crop damage","Egypt"
"W4361010327","Age and Growth of the Freshwater Pufferfish Tetraodon lineatus Linnaeus 1758 from Lake Nasser, Egypt",2023,"https://doi.org/10.21608/ejabf.2023.292280","https://doi.org/10.21608/ejabf.2023.292280","Egyptian Journal of Aquatic Biology and Fisheries","article","not stated","Egypt"
"W4378554658","The Impact of Airports Bird Hazard Management on Climate Changes and Bird-watching Tourism: Applying to Sharm El-Sheikh International Airport",2023,"https://doi.org/10.21608/jaauth.2023.197185.1429","https://doi.org/10.21608/jaauth.2023.197185.1429","Journal of Association of Arab Universities for Tourism and Hospitality","article","other","Egypt"
"W4379795531","The Red Sea Fisheries - Threats and Proposed Solutions",2023,"https://doi.org/10.59660/45115","https://doi.org/10.59660/45115","AIN Journal","article","bycatch","Egypt"
"W4380050798","The Red Sea Fisheries - Threats and Proposed Solutions",2023,"https://doi.org/10.59660/45125","https://doi.org/10.59660/45125","AIN Journal","article","bycatch","Egypt"
"W4290786637","Small-scale fisheries catch more threatened elasmobranchs inside partially protected areas than in unprotected areas",2022,"https://doi.org/10.1038/s41467-022-32035-3","https://doi.org/10.1038/s41467-022-32035-3","Nature Communications","article","not stated","Egypt"
"W4223523542","Hotspots in the grid: Avian sensitivity and vulnerability to collision risk from energy infrastructure interactions in Europe and North Africa",2022,"https://doi.org/10.1111/1365-2664.14160","https://doi.org/10.1111/1365-2664.14160","Journal of Applied Ecology","article","not stated","Egypt"
"W4307710763","Damage of the Egyptian Fruit Bat (Rousettus aegyptiacus) at El-Dakhla Oasis, New-Valley Governorate, Egypt",2022,"https://doi.org/10.18805/ijare.af-743","https://doi.org/10.18805/ijare.af-743","Indian Journal of Agricultural Research","article","crop damage","Egypt"
"W4294096698","Losses of tomato crop by wild birds in El-Beheira and Matrouh governorates, Egypt",2022,"https://doi.org/10.21608/ajar.2022.255498","https://doi.org/10.21608/ajar.2022.255498","Al-Azhar Journal of Agricultural Research","article","crop damage","Egypt"
"W4292236166","Impact of a Wind Energy Projects on Bird Migration Gabel Al-Zeit - Eastern Desert, Egypt",2022,"https://doi.org/10.21608/cat.2022.147050.1134","https://doi.org/10.21608/cat.2022.147050.1134","Catrina The International Journal of Environmental Sciences","article","other","Egypt"
"W4303646489","Age, Growth and mortality of the rabbit fish Siganus rivulatus (Forsskål 1775) from the Egyptian Mediterranean coast off Alexandria, Egypt",2022,"https://doi.org/10.21608/ejabf.2022.264477","https://doi.org/10.21608/ejabf.2022.264477","Egyptian Journal of Aquatic Biology and Fisheries","article","not stated","Egypt"
"W4303646466","Herbivorous Reef Fishes of South Sinai Marine Protected Areas (Gulf of Aqaba, Egypt): Influence of Fisheries Management and Protection Status",2022,"https://doi.org/10.21608/ejabf.2022.264541","https://doi.org/10.21608/ejabf.2022.264541","Egyptian Journal of Aquatic Biology and Fisheries","article","not stated","Egypt"
"W4303685494","The Blue Swimming Crab Portunus segnis in the Mediterranean Sea: Invasion Paths, Impacts and Management Measures",2022,"https://doi.org/10.3390/biology11101473","https://doi.org/10.3390/biology11101473","Biology","article","not stated","Egypt"
"W4393365762","Human - Waterbird interactions : Uses of waterbird populations by local communities in major Sahelo-Saharan wetlands : towards sustainable management?",2022,,"https://openalex.org/W4393365762","theses.fr (ABES)","dissertation",,"Egypt"
"W3133867487","The conservation of the endangered Mediterranean common dolphin (Delphinus delphis): Current knowledge and research priorities",2021,"https://doi.org/10.1002/aqc.3538","https://doi.org/10.1002/aqc.3538","Aquatic Conservation Marine and Freshwater Ecosystems","article",,"Egypt"
"W3203855821","First record of Pteroplatytrygon violacea (Bonaparte, 1832) with annotation of cartilaginous fishes by-catch by gill nets (Egyptian Mediterranean)",2021,"https://doi.org/10.1016/j.ejar.2021.09.002","https://doi.org/10.1016/j.ejar.2021.09.002","The Egyptian Journal of Aquatic Research","article","bycatch","Egypt"
"W3200894589","Herbivorous fish of Sinai marine protected areas (Gulf of Aqaba): Structure baseline for potential thermal stress impact management",2021,"https://doi.org/10.1101/2021.09.17.460804","https://doi.org/10.1101/2021.09.17.460804","bioRxiv (Cold Spring Harbor Laboratory)","preprint","not stated","Egypt"
"W3165463768","Sinai: Tourism, Colonialism, and Sea",2021,"https://doi.org/10.16995/jer.85","https://doi.org/10.16995/jer.85","Journal of Embodied Research","article","other","Egypt"
"W3196770489","Economic Losses Caused By Rodents in Some Cultivars of Rodents in Maize Fields",2021,"https://doi.org/10.18535/raj/v4i09.02","https://doi.org/10.18535/raj/v4i09.02","Research and Analysis Journal","article","crop damage","Egypt"
"W3183573263","Assessment of damage caused by rodents in some maize varieties in Farshut area, Qena governorate, Egypt",2021,"https://doi.org/10.21608/aasj.2021.65638.1057","https://doi.org/10.21608/aasj.2021.65638.1057","Archives of Agriculture Sciences Journal/Archives of Agriculture Sciences Journal ","article","crop damage","Egypt"
"W3164722733","Linking Territorial and Coastal Planning: Conservation Status and Management of Mangrove Ecosystem at the Egyptian - African Red Sea Coast",2021,"https://doi.org/10.21608/aujes.2021.65951.1013","https://doi.org/10.21608/aujes.2021.65951.1013","Aswan University Journal of Environmental Studies","article","other","Egypt"
"W3134637697","Status of Indo-Pacific Bottlenose Dolphin, Tursiops aduncus (Family Delphinidae: Order Cetacea) in the Northern Protected Islands, Hurghada, Red Sea, Egypt",2021,"https://doi.org/10.21608/ejabf.2021.149307","https://doi.org/10.21608/ejabf.2021.149307","Egyptian Journal of Aquatic Biology and Fisheries","article","other","Egypt"
"W3183479500","Economic losses caused by rodents in some types of maize fields at Farshout District, Qena Governorate, Egypt",2021,"https://doi.org/10.36811/ijpsh.2021.110031","https://doi.org/10.36811/ijpsh.2021.110031",,"article","crop damage","Egypt"
"W3186672508","Incidental catch of vulnerable species in Mediterranean and Black Sea fisheries - A review",2021,"https://doi.org/10.4060/cb5405en","https://doi.org/10.4060/cb5405en","FAO eBooks","book","bycatch","Egypt"
"W3108294470","How human intervention and climate change shaped the fate of the Northern Bald Ibis from ancient Egypt to the presence: an interdisciplinary approach to extinction and recovery of an iconic bird species",2020,"https://doi.org/10.1101/2020.11.25.397570","https://doi.org/10.1101/2020.11.25.397570","bioRxiv (Cold Spring Harbor Laboratory)","preprint","not stated","Egypt"
"W3110888851","Major threats to a migratory raptor vary geographically along the eastern Mediterranean flyway",2020,"https://doi.org/10.1101/2020.12.16.422983","https://doi.org/10.1101/2020.12.16.422983","bioRxiv (Cold Spring Harbor Laboratory)","preprint","persecution or retaliatory killing","Egypt"
"W3108985652","Impact of Nile Crocodiles on Fish Production in Lake Nasser",2020,"https://doi.org/10.21608/aujes.2020.124535","https://doi.org/10.21608/aujes.2020.124535","Aswan University Journal of Environmental Studies","article","competition for resources","Egypt"
"W3090749294","Status of Sepia officinalis and 19 Main Fisheries Species Caught from Southeast Mediterranean Sea, North Sinai, Egypt.",2020,"https://doi.org/10.21608/ejabf.2020.116577","https://doi.org/10.21608/ejabf.2020.116577","Egyptian Journal of Aquatic Biology and Fisheries","article","not stated","Egypt"
"W3134709212","Scaring Birds: The concept of the Scarecrow in Ancient Egypt",2020,"https://doi.org/10.21608/ijhth.2020.154143","https://doi.org/10.21608/ijhth.2020.154143","International Journal of Heritage, Tourism, and Hospitality","article","crop damage","Egypt"
"W3017956184","Social-Environmental Analysis for the Management of Coastal Lagoons in North Africa",2020,"https://doi.org/10.3389/fenvs.2020.00037","https://doi.org/10.3389/fenvs.2020.00037","Frontiers in Environmental Science","article","not stated","Egypt"
"W2969873458","Population ecology and the management of whale watching operations on a data‐deficient dolphin population",2019,"https://doi.org/10.1002/ece3.5565","https://doi.org/10.1002/ece3.5565","Ecology and Evolution","article","not stated","Egypt"
"W3003427061","RODENT DAMAGE AND CONTROL IN WHEAT GROWING STAGES, SOHAG GOVERNORATE, EGYPT",2019,"https://doi.org/10.21608/ejar.2019.68569","https://doi.org/10.21608/ejar.2019.68569","Egyptian Journal of Agricultural Research","article","crop damage","Egypt"
"W4288349131","The shifting distribution of Mediterranean fishes: a spatio-temporal assessment based on Local Ecological Knowledge.",2019,"https://doi.org/10.5281/zenodo.3142266","https://doi.org/10.5281/zenodo.3142266","Zenodo (CERN European Organization for Nuclear Research)","article","not stated","Egypt"
"W4245410401","Ecology of Caracals and Their Distribution in Africa: A Review Paper",2019,"https://doi.org/10.7176/jbah/9-13-05","https://doi.org/10.7176/jbah/9-13-05","Journal of Biology Agriculture and Healthcare","article","not stated","Egypt"
"W2954627580","Water Hyacinth (Eichhornia crassipes) Biology and Its Impacts on Ecosystem, Biodiversity, Economy and Human Well-being",2019,"https://doi.org/10.7176/jnsr/9-12-04","https://doi.org/10.7176/jnsr/9-12-04",,"article","not stated","Egypt"
"W2801429878","Assessing the applicability of stable isotope analysis to determine the contribution of landfills to vultures’ diet",2018,"https://doi.org/10.1371/journal.pone.0196044","https://doi.org/10.1371/journal.pone.0196044","PLoS ONE","article","not stated","Egypt"
"W3121622394","DETERMINATION OF HOODED CROW (CORVUS CORONE L.) POPULATION AND METHODS OF CONTROL IN SHEEP FARM AT RAS SEDR, SOUTH SINAI, EGYPT",2018,"https://doi.org/10.21608/ejar.2018.142667","https://doi.org/10.21608/ejar.2018.142667","Egyptian Journal of Agricultural Research","article",,"Egypt"
"W2981571986","SURVEYS OF WILD VERTEBRATES IN THE KHARGA AND DAKHLA OASIS AND THEIR IMPACT ON THE NEW RECLAMATION AREAS IN EGYPT",2018,"https://doi.org/10.21608/ejdr.2019.12939.1028","https://doi.org/10.21608/ejdr.2019.12939.1028","Egyptian Journal of Desert Research","article","competition for resources","Egypt"
"W2976496276","AN ESTIMATION OF BIRD DAMAGES ON SOME FIELD, VEGETABLE AND FRUIT CROPS AT SHARKIA GOVERNORATE, EGYPT",2018,"https://doi.org/10.21608/zjar.2018.48571","https://doi.org/10.21608/zjar.2018.48571","Zagazig Journal of Agricultural Research","article","crop damage","Egypt"
"W2289557866","Preliminary assessment of the scope and scale of illegal killing and taking of birds in the Mediterranean",2016,"https://doi.org/10.1017/s0959270915000416","https://doi.org/10.1017/s0959270915000416","Bird Conservation International","article","not stated","Egypt"
"W2411907806","Flexible Turtle Excluder Device (TED): an effective tool for Mediterranean coastal multispecies bottom trawl fisheries",2016,"https://doi.org/10.1051/alr/2016016","https://doi.org/10.1051/alr/2016016","Aquatic Living Resources","article","bycatch","Egypt"
"W2316595866","Shelf life: neritic habitat use of a turtle population highly threatened by fisheries",2016,"https://doi.org/10.1111/ddi.12440","https://doi.org/10.1111/ddi.12440","Diversity and Distributions","article","bycatch","Egypt"
"W2528835440","Conservation of the spinner dolphin in the Egyptian Red Sea",2016,"https://doi.org/10.13140/rg.2.2.28830.15685","https://doi.org/10.13140/rg.2.2.28830.15685","Otago University Research Archive (University of Otago)","dissertation","not stated","Egypt"
"W2568954900","A Cultural Herpetology of Nile Crocodiles in Africa",2016,"https://doi.org/10.4103/0972-4923.197609","https://doi.org/10.4103/0972-4923.197609","Conservation and Society","article","not stated","Egypt"
"W2513225841","Liposomal Microencapsulation of Rodent-repelling Agents onto Jute Burlaps: Assessment of Cytotoxicity and Rat Behavioral Test",2016,"https://doi.org/10.7324/japs.2016.60822","https://doi.org/10.7324/japs.2016.60822","Journal of Applied Pharmaceutical Science","article","not stated","Egypt"
"310900409","Shelf life: Neritic habitat use of a turtle population highly threatened by fisheries",2016,,"310900409","Open Research Exeter - University of Exeter",,"bycatch","Egypt"
"W2290921243","Hunting of migratory birds in North Sinai, Egypt",2015,"https://doi.org/10.1017/s0959270915000180","https://doi.org/10.1017/s0959270915000180","Bird Conservation International","article","not stated","Egypt"
"W2144503057","Another Continental Vulture Crisis: Africa's Vultures Collapsing toward Extinction",2015,"https://doi.org/10.1111/conl.12182","https://doi.org/10.1111/conl.12182","Conservation Letters","article","persecution or retaliatory killing","Egypt"
"W2016312766","Migratory corridors and foraging hotspots: critical habitats identified for Mediterranean green turtles",2015,"https://doi.org/10.1111/ddi.12317","https://doi.org/10.1111/ddi.12317","Diversity and Distributions","article","bycatch","Egypt"
"W2341723205","The impact of Bedouin agricultural gardens on biodiversity in South Sinai, Egypt",2015,,"https://openalex.org/W2341723205","Nottingham ePrints (University of Nottingham)","dissertation","not stated","Egypt"
"312874712","Migratory corridors and foraging hotspots: Critical habitats identified for Mediterranean green turtles",2015,,"312874712","Open Research Exeter - University of Exeter",,"bycatch","Egypt"
"W1972887459","Fiddling in biodiversity hotspots while deserts burn? Collapse of the Sahara's megafauna",2013,"https://doi.org/10.1111/ddi.12157","https://doi.org/10.1111/ddi.12157","Diversity and Distributions","article","not stated","Egypt"
"W3119471733","THE ENCRUSTATION OF THE SPIDER CRAB HYASTENUS HILGENDORFI IN RELATION TO ITS REPRODUCTIVE BIOLOGY IN THE SUEZ CANAL, EGYPT",2013,"https://doi.org/10.21608/djs.2013.139625","https://doi.org/10.21608/djs.2013.139625","Delta Journal of Science","article","bycatch","Egypt"
"W2155616904","Do Marine Protected Areas in the Red Sea Afford Protection to Dugongs and Sea Turtles?",2013,"https://doi.org/10.4172/2332-2543.1000102","https://doi.org/10.4172/2332-2543.1000102","Journal of Biodiversity & Endangered Species","article","bycatch","Egypt"
"W1503887661","Biological and Ecological Studies on Land Snails and Their Control",2012,"https://doi.org/10.5772/29701","https://doi.org/10.5772/29701","InTech eBooks","book-chapter","not stated","Egypt"
"W2105633026","Sea turtle bycatch and consumption in Egypt threatens Mediterranean turtle populations",2011,"https://doi.org/10.1017/s0030605310001286","https://doi.org/10.1017/s0030605310001286","Oryx","article","bycatch","Egypt"
"W2132561879","The Links Between Resource Dependency and Attitude of Commercial Fishers to Coral Reef Conservation in the Red Sea",2010,"https://doi.org/10.1007/s13280-010-0065-9","https://doi.org/10.1007/s13280-010-0065-9","AMBIO","article","not stated","Egypt"
"W2017504858","Mortality, Recruitment and Change of Desert Tree Populations in a Hyper-Arid Environment",2007,"https://doi.org/10.1371/journal.pone.0000208","https://doi.org/10.1371/journal.pone.0000208","PLoS ONE","article","other","Egypt"
"W1993434971","Alien Marine Species in the Mediterranean - the 100 ‘Worst Invasives’ and their Impact",2006,"https://doi.org/10.12681/mms.180","https://doi.org/10.12681/mms.180","Mediterranean Marine Science","article","not stated","Egypt"
"W2556430982","EXTENDED ABSTRACT Trionyx triunguis: The brackish water turtle that also lives in the Mediterranean Sea",2006,,"https://openalex.org/W2556430982",,"article","bycatch","Egypt"
"W2134477843","Molecular resolution of marine turtle stock composition in fishery bycatch: a case study in the Mediterranean",1998,"https://doi.org/10.1046/j.1365-294x.1998.00471.x","https://doi.org/10.1046/j.1365-294x.1998.00471.x","Molecular Ecology","article","bycatch","Egypt"
"W7138888116","Latest sightings of the striped hyena in North Africa: major threats and conservation actions",2026,"https://doi.org/10.55730/1300-0179.3256","https://doi.org/10.55730/1300-0179.3256","TURKISH JOURNAL OF ZOOLOGY","article","persecution or retaliatory killing","Libya"
"W4416097950","Fishing shapes cetacean population density patterns in the Mediterranean basin",2025,"https://doi.org/10.1002/ecog.07919","https://doi.org/10.1002/ecog.07919","Ecography","article","bycatch","Libya"
"W4414163724","Marine biotoxins in Mediterranean seafood: Environmental occurrence and food safety concerns",2025,"https://doi.org/10.1016/j.ecoenv.2025.119032","https://doi.org/10.1016/j.ecoenv.2025.119032","Ecotoxicology and Environmental Safety","article","not stated","Libya"
"W4413766820","Seabird‐vessel interactions in industrial fisheries of Northwest Africa: Implications for international bycatch management",2025,"https://doi.org/10.1111/1365-2664.70139","https://doi.org/10.1111/1365-2664.70139","Journal of Applied Ecology","article","bycatch","Libya"
"W4411035654","&lt;b&gt;Artisanal fisher ecological knowledge with morphometric measurements of Angel Sharks form Libya, Central Mediterranean&lt;/b&gt;",2025,"https://doi.org/10.5455/ovj.2025.v15.i5.23","https://doi.org/10.5455/ovj.2025.v15.i5.23","Open Veterinary Journal","article","not stated","Libya"
"W4393971019","Tracking data highlight the importance of human-induced mortality for large migratory birds at a flyway scale",2024,"https://doi.org/10.1016/j.biocon.2024.110525","https://doi.org/10.1016/j.biocon.2024.110525","Biological Conservation","article","not stated","Libya"
"W4395694977","The Most Effective Methods Used to Control Mole Rats, Spalax ehrenbergi, on Benghazi Plain Project in Libya",2024,"https://doi.org/10.21608/eajbsf.2024.351179","https://doi.org/10.21608/eajbsf.2024.351179","Egyptian Academic Journal of Biological Sciences F Toxicology & Pest Control","article","crop damage","Libya"
"W4392545263","Another One Bites the Net: Assessing the Economic Impacts of Lagocephalus sceleratus on Small-Scale Fisheries in Greece",2024,"https://doi.org/10.3390/fishes9030104","https://doi.org/10.3390/fishes9030104","Fishes","article","property damage","Libya"
"W4402750361","Climate Warming and Mismanagement Drive the Shift of Fish Communities in the Wadi El-Rayan Arid Lakes",2024,"https://doi.org/10.3390/w16182685","https://doi.org/10.3390/w16182685","Water","article","not stated","Libya"
"W4413435269","Assessment of Morphometric Characteristics and Conservation Challenges of Pteroplatytrygon Violacea (Bonaparte, 1832) in Libyan Waters",2024,"https://doi.org/10.36948/ijfmr.2024.v06i06.30931","https://doi.org/10.36948/ijfmr.2024.v06i06.30931","International Journal For Multidisciplinary Research","article","bycatch","Libya"
"W4399672673","Additional records of the little sleeper shark, Somniosus rostratus (Elasmobranchii: Squaliformes: Somniosidae), in Mediterranean Sea",2024,"https://doi.org/10.3897/aiep.54.121813","https://doi.org/10.3897/aiep.54.121813","Acta Ichthyologica Et Piscatoria","article","bycatch","Libya"
"W7164091231","Anàlisi del grau de solapament entre l&apos;esforç de pesca aparent i l&apos;hàbitat de la tortuga boba en el Mediterrani occidental",2024,,"https://openalex.org/W7164091231","RiuNet (Universitat Politècnica de València)","dissertation","bycatch","Libya"
"W4387645544","National Inventory and status of Chondrichthyes in the South Mediterranean Sea (Libyan Coast)",2023,"https://doi.org/10.31396/biodiv.jour.2023.14.3.459.480","https://doi.org/10.31396/biodiv.jour.2023.14.3.459.480","BIODIVERSITY JOURNAL","article","bycatch","Libya"
"W4290786637","Small-scale fisheries catch more threatened elasmobranchs inside partially protected areas than in unprotected areas",2022,"https://doi.org/10.1038/s41467-022-32035-3","https://doi.org/10.1038/s41467-022-32035-3","Nature Communications","article","not stated","Libya"
"W4223523542","Hotspots in the grid: Avian sensitivity and vulnerability to collision risk from energy infrastructure interactions in Europe and North Africa",2022,"https://doi.org/10.1111/1365-2664.14160","https://doi.org/10.1111/1365-2664.14160","Journal of Applied Ecology","article","not stated","Libya"
"W3133867487","The conservation of the endangered Mediterranean common dolphin (Delphinus delphis): Current knowledge and research priorities",2021,"https://doi.org/10.1002/aqc.3538","https://doi.org/10.1002/aqc.3538","Aquatic Conservation Marine and Freshwater Ecosystems","article",,"Libya"
"W3188375666","Economic costs of invasive alien species in the Mediterranean basin",2021,"https://doi.org/10.3897/neobiota.67.58926","https://doi.org/10.3897/neobiota.67.58926","NeoBiota","article","not stated","Libya"
"W3017956184","Social-Environmental Analysis for the Management of Coastal Lagoons in North Africa",2020,"https://doi.org/10.3389/fenvs.2020.00037","https://doi.org/10.3389/fenvs.2020.00037","Frontiers in Environmental Science","article","not stated","Libya"
"W4288349131","The shifting distribution of Mediterranean fishes: a spatio-temporal assessment based on Local Ecological Knowledge.",2019,"https://doi.org/10.5281/zenodo.3142266","https://doi.org/10.5281/zenodo.3142266","Zenodo (CERN European Organization for Nuclear Research)","article","not stated","Libya"
"W4245410401","Ecology of Caracals and Their Distribution in Africa: A Review Paper",2019,"https://doi.org/10.7176/jbah/9-13-05","https://doi.org/10.7176/jbah/9-13-05","Journal of Biology Agriculture and Healthcare","article","not stated","Libya"
"W2411907806","Flexible Turtle Excluder Device (TED): an effective tool for Mediterranean coastal multispecies bottom trawl fisheries",2016,"https://doi.org/10.1051/alr/2016016","https://doi.org/10.1051/alr/2016016","Aquatic Living Resources","article","bycatch","Libya"
"W2316595866","Shelf life: neritic habitat use of a turtle population highly threatened by fisheries",2016,"https://doi.org/10.1111/ddi.12440","https://doi.org/10.1111/ddi.12440","Diversity and Distributions","article","bycatch","Libya"
"310900409","Shelf life: Neritic habitat use of a turtle population highly threatened by fisheries",2016,,"310900409","Open Research Exeter - University of Exeter",,"bycatch","Libya"
"W2144503057","Another Continental Vulture Crisis: Africa's Vultures Collapsing toward Extinction",2015,"https://doi.org/10.1111/conl.12182","https://doi.org/10.1111/conl.12182","Conservation Letters","article","persecution or retaliatory killing","Libya"
"W2016312766","Migratory corridors and foraging hotspots: critical habitats identified for Mediterranean green turtles",2015,"https://doi.org/10.1111/ddi.12317","https://doi.org/10.1111/ddi.12317","Diversity and Distributions","article","bycatch","Libya"
"312874712","Migratory corridors and foraging hotspots: Critical habitats identified for Mediterranean green turtles",2015,,"312874712","Open Research Exeter - University of Exeter",,"bycatch","Libya"
"W1972887459","Fiddling in biodiversity hotspots while deserts burn? Collapse of the Sahara's megafauna",2013,"https://doi.org/10.1111/ddi.12157","https://doi.org/10.1111/ddi.12157","Diversity and Distributions","article","not stated","Libya"
"W2159155195","Ecosystem models clarify the trophic role of whales off Northwest Africa",2010,"https://doi.org/10.3354/meps08443","https://doi.org/10.3354/meps08443","Marine Ecology Progress Series","article","competition for resources","Libya"
"W13500458","Mitochondrial DNA reveals regional and interregional importance of the central Mediterranean African shelf for loggerhead sea turtles (Caretta caretta)",2008,"https://doi.org/10.3989/scimar.2008.72n3541","https://doi.org/10.3989/scimar.2008.72n3541","Scientia Marina","article","not stated","Libya"
"W1993434971","Alien Marine Species in the Mediterranean - the 100 ‘Worst Invasives’ and their Impact",2006,"https://doi.org/10.12681/mms.180","https://doi.org/10.12681/mms.180","Mediterranean Marine Science","article","not stated","Libya"
"W2134477843","Molecular resolution of marine turtle stock composition in fishery bycatch: a case study in the Mediterranean",1998,"https://doi.org/10.1046/j.1365-294x.1998.00471.x","https://doi.org/10.1046/j.1365-294x.1998.00471.x","Molecular Ecology","article","bycatch","Libya"
"W7138888116","Latest sightings of the striped hyena in North Africa: major threats and conservation actions",2026,"https://doi.org/10.55730/1300-0179.3256","https://doi.org/10.55730/1300-0179.3256","TURKISH JOURNAL OF ZOOLOGY","article","persecution or retaliatory killing","Morocco"
"W4416097950","Fishing shapes cetacean population density patterns in the Mediterranean basin",2025,"https://doi.org/10.1002/ecog.07919","https://doi.org/10.1002/ecog.07919","Ecography","article","bycatch","Morocco"
"W4412419680","A 25-year longitudinal assessment of Macaca sylvanus population dynamics and forest decline in Morocco's Middle Atlas",2025,"https://doi.org/10.1016/j.biocon.2025.111334","https://doi.org/10.1016/j.biocon.2025.111334","Biological Conservation","article","competition for resources","Morocco"
"W4414163724","Marine biotoxins in Mediterranean seafood: Environmental occurrence and food safety concerns",2025,"https://doi.org/10.1016/j.ecoenv.2025.119032","https://doi.org/10.1016/j.ecoenv.2025.119032","Ecotoxicology and Environmental Safety","article","not stated","Morocco"
"W4413766820","Seabird‐vessel interactions in industrial fisheries of Northwest Africa: Implications for international bycatch management",2025,"https://doi.org/10.1111/1365-2664.70139","https://doi.org/10.1111/1365-2664.70139","Journal of Applied Ecology","article","bycatch","Morocco"
"W4416845933","Fishery Bycatch of Sea Turtles in the Moroccan Western Mediterranean Sea: An Assessment Based on Interviews with Fishermen",2025,"https://doi.org/10.21608/ejabf.2025.437909.6913","https://doi.org/10.21608/ejabf.2025.437909.6913","Egyptian Journal of Aquatic Biology and Fisheries","article","bycatch","Morocco"
"W4412859634","Analysis of Cetacean Strandings Along the Moroccan Mediterranean Coast: Spatial and Temporal Patterns",2025,"https://doi.org/10.21608/ejabf.2025.443737","https://doi.org/10.21608/ejabf.2025.443737","Egyptian Journal of Aquatic Biology and Fisheries","article","other","Morocco"
"W4408823380","Mitigating dolphin depredation in Mediterranean fisheries: results and insights from collaborative efforts for cetacean conservation and sustainable fisheries",2025,"https://doi.org/10.5194/oos2025-1359","https://doi.org/10.5194/oos2025-1359",,"conference-abstract",,"Morocco"
"W4402397723","Raising the awareness of fishing professionals about the conservation of species caught incidentally in the Moroccan Mediterranean Sea",2024,"https://doi.org/10.1007/s44353-024-00009-9","https://doi.org/10.1007/s44353-024-00009-9","Discover Conservation","article","not stated","Morocco"
"W4393971019","Tracking data highlight the importance of human-induced mortality for large migratory birds at a flyway scale",2024,"https://doi.org/10.1016/j.biocon.2024.110525","https://doi.org/10.1016/j.biocon.2024.110525","Biological Conservation","article","not stated","Morocco"
"W4392665905","The bycatch estimate of threatened marine megavertebrates in Moroccan fleets operating in the Mediterranean Coast",2024,"https://doi.org/10.1051/e3sconf/202450201001","https://doi.org/10.1051/e3sconf/202450201001","E3S Web of Conferences","conference-paper","bycatch","Morocco"
"W4401165658","From fangs to antidotes: A scoping review on snakebite burden, species, and antivenoms in the Eastern Mediterranean Region",2024,"https://doi.org/10.1371/journal.pntd.0012200","https://doi.org/10.1371/journal.pntd.0012200","PLoS neglected tropical diseases","article","other","Morocco"
"W4406218147","Toxicity, antifeedant and repellent activities of five essential oils on adult Cassida vittata Vill. (Coleoptera: Chrysomelidae)",2024,"https://doi.org/10.24425/jppr.2024.151820","https://doi.org/10.24425/jppr.2024.151820","Journal of Plant Protection Research","article","crop damage","Morocco"
"W4393069821","Impact of interactions between common bottlenose dolphins and purse-seiners in the Moroccan Mediterranean region: case study in the Al Hoceima fishing grounds",2024,"https://doi.org/10.2989/1814232x.2024.2310528","https://doi.org/10.2989/1814232x.2024.2310528","African Journal of Marine Science","article","bycatch","Morocco"
"W4404061647","Barn Owls as a Nature-Based Solution for Pest Control: A Multinational Initiative Around the Mediterranean and Other Regions",2024,"https://doi.org/10.3390/conservation4040039","https://doi.org/10.3390/conservation4040039","Conservation","article","crop damage","Morocco"
"W4402750361","Climate Warming and Mismanagement Drive the Shift of Fish Communities in the Wadi El-Rayan Arid Lakes",2024,"https://doi.org/10.3390/w16182685","https://doi.org/10.3390/w16182685","Water","article","not stated","Morocco"
"W7164091231","Anàlisi del grau de solapament entre l&apos;esforç de pesca aparent i l&apos;hàbitat de la tortuga boba en el Mediterrani occidental",2024,,"https://openalex.org/W7164091231","RiuNet (Universitat Politècnica de València)","dissertation","bycatch","Morocco"
"W4386046441","Behavioral adjustments of endangered Barbary macaques (Macaca sylvanus) living at the edge of an agricultural landscape in Morocco",2023,"https://doi.org/10.1002/ajp.23545","https://doi.org/10.1002/ajp.23545","American Journal of Primatology","article","other","Morocco"
"W4388510764","African Buffalo and Colonial Cattle: Is ‘Systems Change’ the Best Future for Farming and Nature in Africa?",2023,"https://doi.org/10.1017/9781009006828.017","https://doi.org/10.1017/9781009006828.017","Cambridge University Press eBooks","book-chapter","not stated","Morocco"
"W4385290138","The natural history of lions in North Africa and the relevance of their depiction in the “Lions Attacking a Dromedary” diorama",2023,"https://doi.org/10.1111/cura.12564","https://doi.org/10.1111/cura.12564","Curator The Museum Journal","article","not stated","Morocco"
"W4384820034","Snakes and Souks: Zoonotic pathogens associated to reptiles in the Marrakech markets, Morocco",2023,"https://doi.org/10.1371/journal.pntd.0011431","https://doi.org/10.1371/journal.pntd.0011431","PLoS neglected tropical diseases","article","not stated","Morocco"
"W4382049684","Elasmobranch Bycatch in a bottom trawl fishery at Al Hoceima Port in Morocco (Mediterranean Sea)",2023,"https://doi.org/10.21203/rs.3.rs-3063601/v1","https://doi.org/10.21203/rs.3.rs-3063601/v1","Research Square","preprint",,"Morocco"
"W4390757936","Threats and Mitigation",2023,"https://doi.org/10.4314/vulnew.v83a1.6","https://doi.org/10.4314/vulnew.v83a1.6","Vulture News","article","not stated","Morocco"
"W4382585571","First data about movements and threats of Rüppell's Vultures (Gyps rueppellii) tagged in Morocco: an international and multi-institutional study.",2023,"https://doi.org/10.4314/vulnew.v83i.6","https://doi.org/10.4314/vulnew.v83i.6","Vulture News","article","not stated","Morocco"
"W4387024935","Injuries in cetaceans in the Strait of Gibraltar: an update for the period 2016-2020",2023,"https://doi.org/10.47536/jcrm.v24i1.397","https://doi.org/10.47536/jcrm.v24i1.397","The journal of cetacean research and management. Special issue","article","not stated","Morocco"
"W4220771849","Human pressures constrain Eurasian otter occurrence in semiarid Northern Africa",2022,"https://doi.org/10.1007/s10531-022-02405-w","https://doi.org/10.1007/s10531-022-02405-w","Biodiversity and Conservation","article","not stated","Morocco"
"W4290786637","Small-scale fisheries catch more threatened elasmobranchs inside partially protected areas than in unprotected areas",2022,"https://doi.org/10.1038/s41467-022-32035-3","https://doi.org/10.1038/s41467-022-32035-3","Nature Communications","article","not stated","Morocco"
"W4306702031","A Framework Payment for ecosystem services to reconstitute forest areas closed to grazing in the Ifrane National Park (Morocco).",2022,"https://doi.org/10.1088/1755-1315/1090/1/012006","https://doi.org/10.1088/1755-1315/1090/1/012006","IOP Conference Series Earth and Environmental Science","conference-paper","not stated","Morocco"
"W4223523542","Hotspots in the grid: Avian sensitivity and vulnerability to collision risk from energy infrastructure interactions in Europe and North Africa",2022,"https://doi.org/10.1111/1365-2664.14160","https://doi.org/10.1111/1365-2664.14160","Journal of Applied Ecology","article","not stated","Morocco"
"W4319032897","The major threats to the Endangered Barbary macaque Macaca sylvanus in North Africa",2022,"https://doi.org/10.17161/eurojecol.v8i2.16246","https://doi.org/10.17161/eurojecol.v8i2.16246","European Journal of Ecology","article","competition for resources","Morocco"
"W4224103651","Preliminary data on bycatch and stranding of marine turtles in Al Hoceima, Morocco",2022,"https://doi.org/10.21608/ejabf.2022.228714","https://doi.org/10.21608/ejabf.2022.228714","Egyptian Journal of Aquatic Biology and Fisheries","article","bycatch","Morocco"
"W4310824678","Impact of the Bottlenose Dolphins (Tursiops truncatus) Depredation on Purse-Seine Fishery in the Region of M’diq (Northwestern Morocco)",2022,"https://doi.org/10.21608/ejabf.2022.271078","https://doi.org/10.21608/ejabf.2022.271078","Egyptian Journal of Aquatic Biology and Fisheries","article","other","Morocco"
"W4303021564","Monitoring dryland trees with remote sensing. Part B: Combining tree cover and plant architecture data to assess degradation and recovery of Argania spinosa woodlands of South Morocco",2022,"https://doi.org/10.3389/fenvs.2022.896703","https://doi.org/10.3389/fenvs.2022.896703","Frontiers in Environmental Science","article","not stated","Morocco"
"W3133867487","The conservation of the endangered Mediterranean common dolphin (Delphinus delphis): Current knowledge and research priorities",2021,"https://doi.org/10.1002/aqc.3538","https://doi.org/10.1002/aqc.3538","Aquatic Conservation Marine and Freshwater Ecosystems","article",,"Morocco"
"W3185015889","Decolonizing Primate Conservation Practice: A Case Study from North Morocco",2021,"https://doi.org/10.1007/s10764-021-00228-0","https://doi.org/10.1007/s10764-021-00228-0","International Journal of Primatology","article","not stated","Morocco"
"W3213140225","Ophidian envenomation in Morocco: Analysis of specific hospitalization records (2012-2015)",2021,"https://doi.org/10.1051/e3sconf/202131901071","https://doi.org/10.1051/e3sconf/202131901071","E3S Web of Conferences","conference-paper","other","Morocco"
"W3172003661","A management plan for a declining population of the Souss valley tortoise in an arid steppe-land of west-central Morocco",2021,"https://doi.org/10.11160/bah.183","https://doi.org/10.11160/bah.183","Basic and Applied Herpetology","article","not stated","Morocco"
"W4235674053","ENVENIMATIONS VIPERINES",2021,"https://doi.org/10.21474/ijar01/13428","https://doi.org/10.21474/ijar01/13428","International Journal of Advanced Research","article","other","Morocco"
"W3196772912","The Last-Surviving Moroccan Dorcas Gazelle (Gazella dorcas massaesyla) Viability Analysis [M’Sabih Talaa Reserve, Morocco]",2021,"https://doi.org/10.33745/ijzi.2021.v07i01.017","https://doi.org/10.33745/ijzi.2021.v07i01.017","International Journal of Zoological Investigations","article","not stated","Morocco"
"W3108367984","The northern bald ibis Geronticus eremita: history, current status and future perspectives",2020,"https://doi.org/10.1017/s0030605320000198","https://doi.org/10.1017/s0030605320000198","Oryx","article","not stated","Morocco"
"W3047050104","Conservation Amid COVID-19 Pandemic: Ecotourism Collapse Threatens Communities and Wildlife in Morocco",2020,"https://doi.org/10.1051/e3sconf/202018301003","https://doi.org/10.1051/e3sconf/202018301003","E3S Web of Conferences","conference-paper","not stated","Morocco"
"W3048716714","A Review of Freshwater Crayfish Introductions in Africa",2020,"https://doi.org/10.1080/23308249.2020.1802405","https://doi.org/10.1080/23308249.2020.1802405","Reviews in Fisheries Science & Aquaculture","article","other","Morocco"
"W3017956184","Social-Environmental Analysis for the Management of Coastal Lagoons in North Africa",2020,"https://doi.org/10.3389/fenvs.2020.00037","https://doi.org/10.3389/fenvs.2020.00037","Frontiers in Environmental Science","article","not stated","Morocco"
"W3081500063","A Landscape without Nonhuman Primates? The Case of the Barbary Macaque, Macaca sylvanus, (Linnaeus, 1758) and Its Interaction with Humans throughout Recorded Time",2020,"https://doi.org/10.3390/h9030092","https://doi.org/10.3390/h9030092","Humanities","article","not stated","Morocco"
"W3016553572","Wildlife trafficking and criminogenic asymmetries in a globalised world",2020,"https://doi.org/10.4324/9781315207094-30","https://doi.org/10.4324/9781315207094-30",,"book-chapter","other","Morocco"
"W2943305201","Interpreting People’s Behavior Toward Primates Using Qualitative Data: a Case Study from North Morocco",2019,"https://doi.org/10.1007/s10764-019-00087-w","https://doi.org/10.1007/s10764-019-00087-w","International Journal of Primatology","article","not stated","Morocco"
"W2992131427","Snake bites in morocco: Progress and challenges",2019,"https://doi.org/10.17352/atte.000004","https://doi.org/10.17352/atte.000004","Advances in Toxicology and Toxic Effects","article","attacks on humans","Morocco"
"W4288349131","The shifting distribution of Mediterranean fishes: a spatio-temporal assessment based on Local Ecological Knowledge.",2019,"https://doi.org/10.5281/zenodo.3142266","https://doi.org/10.5281/zenodo.3142266","Zenodo (CERN European Organization for Nuclear Research)","article","not stated","Morocco"
"W4245410401","Ecology of Caracals and Their Distribution in Africa: A Review Paper",2019,"https://doi.org/10.7176/jbah/9-13-05","https://doi.org/10.7176/jbah/9-13-05","Journal of Biology Agriculture and Healthcare","article","not stated","Morocco"
"W2899931711","Communicating for conservation: circumventing conflict with communities over domestic dog ownership in north Morocco",2018,"https://doi.org/10.1007/s10344-018-1230-x","https://doi.org/10.1007/s10344-018-1230-x","European Journal of Wildlife Research","article","livestock depredation","Morocco"
"W2785533475","Home Range and Habitat Use of Crop-Raiding Barbary Macaques in the Upper Ourika Valley, Western High Atlas Mountains, Morocco",2018,"https://doi.org/10.15406/ijawb.2018.03.00049","https://doi.org/10.15406/ijawb.2018.03.00049","International Journal of Avian & Wildlife Biology","article","not stated","Morocco"
"W2808697371","Geographical distribution of health indicators related to snake bites and envenomation in Morocco between 1999 and 2013",2018,"https://doi.org/10.4178/epih.e2018024","https://doi.org/10.4178/epih.e2018024","Epidemiology and Health","article","disease transmission","Morocco"
"W4289548230","Analysis Of Fish Community At The First Artificial Reef In Morocco (Martil, Mediterranean).",2018,"https://doi.org/10.5281/zenodo.1466431","https://doi.org/10.5281/zenodo.1466431","Zenodo (CERN European Organization for Nuclear Research)","article","not stated","Morocco"
"W2919734443","",2018,,"https://openalex.org/W2919734443","City Research Online (City University London)","book","not stated","Morocco"
"W2605447613","Unravelling the drastic range retraction of an emblematic songbird of North Africa: potential threats to Afro-Palearctic migratory birds",2017,"https://doi.org/10.1038/s41598-017-01103-w","https://doi.org/10.1038/s41598-017-01103-w","Scientific Reports","article",,"Morocco"
"W2620939781","A Century Spent Combating Rabies in Morocco (1911–2015): How Much Longer?",2017,"https://doi.org/10.3389/fvets.2017.00078","https://doi.org/10.3389/fvets.2017.00078","Frontiers in Veterinary Science","article","disease transmission","Morocco"
"W2562670914","Biosocial Conservation: Integrating Biological and Ethnographic Methods to Study Human–Primate Interactions",2016,"https://doi.org/10.1007/s10764-016-9938-5","https://doi.org/10.1007/s10764-016-9938-5","International Journal of Primatology","article","competition for resources","Morocco"
"W2411907806","Flexible Turtle Excluder Device (TED): an effective tool for Mediterranean coastal multispecies bottom trawl fisheries",2016,"https://doi.org/10.1051/alr/2016016","https://doi.org/10.1051/alr/2016016","Aquatic Living Resources","article","bycatch","Morocco"
"W2301751969","Snakebites notified to the poison control center of Morocco between 2009 and 2013",2016,"https://doi.org/10.1186/s40409-016-0065-8","https://doi.org/10.1186/s40409-016-0065-8","The Journal of venomous animals and toxins including tropical diseases","article",,"Morocco"
"W2144503057","Another Continental Vulture Crisis: Africa's Vultures Collapsing toward Extinction",2015,"https://doi.org/10.1111/conl.12182","https://doi.org/10.1111/conl.12182","Conservation Letters","article","persecution or retaliatory killing","Morocco"
"W2201706815","Roles of tourism in the local people’s opinion regarding human-macaque conflict in the central High Atlas, Morocco",2015,"https://doi.org/10.4000/primatologie.2324","https://doi.org/10.4000/primatologie.2324","Revue de primatologie","article","competition for resources","Morocco"
"W2206652945","Spanish Imperial Eagles and other eagles found electrocuted in Morocco and proposition of correction measures",2015,"https://doi.org/10.6084/m9.figshare.1613292.v2","https://doi.org/10.6084/m9.figshare.1613292.v2","INDIGO (University of Illinois at Chicago)","article","other","Morocco"
"9052239","Trawling and creeling for nephrops: impacts on biodiversity and populations structure",2015,,"9052239","Universidade do Algarve; Sapientia (Univ. do Algarve)",,"not stated","Morocco"
"W280442085","Including People in Primate Conservation: A Case Study of Shepherds and Barbary Macaques in Bouhachem forest, Northern Morocco",2014,,"https://openalex.org/W280442085","Durham e-Theses (Durham University)","dissertation","not stated","Morocco"
"W1972887459","Fiddling in biodiversity hotspots while deserts burn? Collapse of the Sahara's megafauna",2013,"https://doi.org/10.1111/ddi.12157","https://doi.org/10.1111/ddi.12157","Diversity and Distributions","article","not stated","Morocco"
"W2088965171","Examining the Extinction of the Barbary Lion and Its Implications for Felid Conservation",2013,"https://doi.org/10.1371/journal.pone.0060174","https://doi.org/10.1371/journal.pone.0060174","PLoS ONE","article","not stated","Morocco"
"W1965440783","Factors affecting reproduction of WoodpigeonsColumba palumbusin North African forests: 1. Nest habitat selection",2012,"https://doi.org/10.1080/00063657.2012.724050","https://doi.org/10.1080/00063657.2012.724050","Bird Study","article","not stated","Morocco"
"W930013270","Evaluating the Potential of Swordfish Buoy Gear as an Alternative to Pelagic Driftnets in the Artisanal Fisheries of Morocco and Turkey",2012,,"https://openalex.org/W930013270","NSUWorks (Nova Southeastern University)","conference-abstract","bycatch","Morocco"
"W2159155195","Ecosystem models clarify the trophic role of whales off Northwest Africa",2010,"https://doi.org/10.3354/meps08443","https://doi.org/10.3354/meps08443","Marine Ecology Progress Series","article","competition for resources","Morocco"
"W7139462097","Fisheries Centre research reports. Volume 17, number 2",2009,,"https://openalex.org/W7139462097","cIRcle (University of British Columbia)","report",,"Morocco"
"W2105413109","Contribution of research to conservation action for the Northern Bald Ibis Geronticus eremita in Morocco",2008,"https://doi.org/10.1017/s0959270908000403","https://doi.org/10.1017/s0959270908000403","Bird Conservation International","article","not stated","Morocco"
"W13500458","Mitochondrial DNA reveals regional and interregional importance of the central Mediterranean African shelf for loggerhead sea turtles (Caretta caretta)",2008,"https://doi.org/10.3989/scimar.2008.72n3541","https://doi.org/10.3989/scimar.2008.72n3541","Scientia Marina","article","not stated","Morocco"
"W1993434971","Alien Marine Species in the Mediterranean - the 100 ‘Worst Invasives’ and their Impact",2006,"https://doi.org/10.12681/mms.180","https://doi.org/10.12681/mms.180","Mediterranean Marine Science","article","not stated","Morocco"
"W4391197122","Population biology, conservation threats and status of Mediterranean striped dolphins (Stenella coeruleoalba)",2000,"https://doi.org/10.47536/jcrm.v2i1.485","https://doi.org/10.47536/jcrm.v2i1.485","The journal of cetacean research and management. Special issue","article","bycatch","Morocco"
"W3042821301","Fishing co-operation between the Kingdom of Morocco and the European Union : towards integrated and sustainable fisheries management",1996,,"https://openalex.org/W3042821301","Maritime Commons The Digital Repository of World Maritime University (World Maritime University)","dissertation","competition for resources","Morocco"
"W2286354200","L’évolution récente de l’avifaune du Nord-Est marocain : pertes et gains depuis 35 ans",1990,"https://doi.org/10.3406/revec.1990.1999","https://doi.org/10.3406/revec.1990.1999","Revue d Écologie (La Terre et La Vie)","article","persecution or retaliatory killing","Morocco"
"309650787","Distribution of sea turtles and their anthropogenic threats: innovative approaches to improve conservation actions",2028,,"309650787","Electronic Thesis and Dissertation Archive - Università di Pisa",,"not stated","Tunisia"
"W7167666335","Assessing the Vulnerability and the Stock Status of the Bluntnose Sixgill Shark,  Hexanchus griseus  , in North‐Eastern Tunisia (Central Mediterranean) Using Data‐Limited Models",2026,"https://doi.org/10.1002/aqc.70416","https://doi.org/10.1002/aqc.70416","Aquatic Conservation Marine and Freshwater Ecosystems","article","not stated","Tunisia"
"W7162558227","Elasmobranch bycatch in the cuttlefish trammel net fishery along the Bizerte coast (Northern Tunisia): composition and biological aspects",2026,"https://doi.org/10.1080/24750263.2026.2673641","https://doi.org/10.1080/24750263.2026.2673641","The European Zoological Journal","article","bycatch","Tunisia"
"W7125499556","A new record of the critically endangered Smoothback angelshark Squatina oculata from Algerian waters (GFCM-GSA 04): biological data and implications for management",2026,"https://doi.org/10.20302/nc.2025.35.6","https://doi.org/10.20302/nc.2025.35.6","University of Zagreb University Computing Centre (SRCE)","article","bycatch","Tunisia"
"W7138888116","Latest sightings of the striped hyena in North Africa: major threats and conservation actions",2026,"https://doi.org/10.55730/1300-0179.3256","https://doi.org/10.55730/1300-0179.3256","TURKISH JOURNAL OF ZOOLOGY","article","persecution or retaliatory killing","Tunisia"
"W4416097950","Fishing shapes cetacean population density patterns in the Mediterranean basin",2025,"https://doi.org/10.1002/ecog.07919","https://doi.org/10.1002/ecog.07919","Ecography","article","bycatch","Tunisia"
"W4414163724","Marine biotoxins in Mediterranean seafood: Environmental occurrence and food safety concerns",2025,"https://doi.org/10.1016/j.ecoenv.2025.119032","https://doi.org/10.1016/j.ecoenv.2025.119032","Ecotoxicology and Environmental Safety","article","not stated","Tunisia"
"W4413915988","Elasmobranch fisheries in Tunisia: Characterization, fishermen’s insights and conservation options",2025,"https://doi.org/10.1016/j.rsma.2025.104465","https://doi.org/10.1016/j.rsma.2025.104465","Regional Studies in Marine Science","article",,"Tunisia"
"W4412364748","Distribution, threats, population trends, and ecology of the Saharan Striped Polecat ( Poecilictis libyca ) in Tunisia: a questionnaire and field-based survey",2025,"https://doi.org/10.1093/jmammal/gyaf043","https://doi.org/10.1093/jmammal/gyaf043","Journal of Mammalogy","article","other","Tunisia"
"W4413766820","Seabird‐vessel interactions in industrial fisheries of Northwest Africa: Implications for international bycatch management",2025,"https://doi.org/10.1111/1365-2664.70139","https://doi.org/10.1111/1365-2664.70139","Journal of Applied Ecology","article","bycatch","Tunisia"
"W4408823380","Mitigating dolphin depredation in Mediterranean fisheries: results and insights from collaborative efforts for cetacean conservation and sustainable fisheries",2025,"https://doi.org/10.5194/oos2025-1359","https://doi.org/10.5194/oos2025-1359",,"conference-abstract",,"Tunisia"
"W4415743148","&lt;b&gt;Impact of light pollution on the success of loggerhead turtle nesting in Chebba, Tunisia&lt;/b&gt;",2025,"https://doi.org/10.5455/ovj.2025.v15.i10.51","https://doi.org/10.5455/ovj.2025.v15.i10.51","Open Veterinary Journal","article","not stated","Tunisia"
"W4411744005","Spatiotemporal dynamics of wild boar-induced crop damage in Southern Tunisian agroecosystems and the role of oasis characteristics",2025,"https://doi.org/10.56027/joasd.192025","https://doi.org/10.56027/joasd.192025","JOURNAL OF OASIS AGRICULTURE AND SUSTAINABLE DEVELOPMENT","article","crop damage","Tunisia"
"W4407427266","Sea Turtles in Tunisia: An Overview on their Status and Conservation Effort",2025,"https://doi.org/10.5772/intechopen.1008239","https://doi.org/10.5772/intechopen.1008239","IntechOpen eBooks","book-chapter","other","Tunisia"
"W7137890517","Impact of bycatch in tunisian coastal fisheries:Proposed fishing gear and practice modifications to Mitigate the effect on threatened sea turtles",2025,"https://doi.org/10.60713/pist-201256","https://doi.org/10.60713/pist-201256","Open MIND","dissertation","bycatch","Tunisia"
"W4400337172","Conservation and management of chondrichthyans in the Mediterranean Sea: gaps, overlaps, inconsistencies, and the way forward",2024,"https://doi.org/10.1007/s11160-024-09857-z","https://doi.org/10.1007/s11160-024-09857-z","Reviews in Fish Biology and Fisheries","article","not stated","Tunisia"
"W4393971019","Tracking data highlight the importance of human-induced mortality for large migratory birds at a flyway scale",2024,"https://doi.org/10.1016/j.biocon.2024.110525","https://doi.org/10.1016/j.biocon.2024.110525","Biological Conservation","article","not stated","Tunisia"
"W4405400421","The future of the barbary sheep and the dorcas gazelle populations in Algerian Sahara: On the brink of extinction?",2024,"https://doi.org/10.1111/acv.13010","https://doi.org/10.1111/acv.13010","Animal Conservation","article","persecution or retaliatory killing","Tunisia"
"W4399241889","Preliminary Insights on the Habitat Use and Vertical Movements of Pelagic Stingray (Pteroplatytrygon violacea) in the Western Mediterranean Sea",2024,"https://doi.org/10.20944/preprints202405.2055.v1","https://doi.org/10.20944/preprints202405.2055.v1","Preprints.org","preprint","bycatch","Tunisia"
"W4401129331","Ghost Gear in the Gulf of Gabès (Tunisia): An Urgent Need for a Conservation Code of Conduct",2024,"https://doi.org/10.20944/preprints202407.2113.v1","https://doi.org/10.20944/preprints202407.2113.v1","Preprints.org","preprint","not stated","Tunisia"
"W4396218332","High Loggerhead (Caretta caretta) Bycatch Rate along with Several Endangered Target Species: Two Reasons to Look for Alternative to Traditional Large-Mesh Bottom-Set Gillnets (Garrasia) for More Sustainable Fisheries in the Gulf of Gabès (Tunisia)",2024,"https://doi.org/10.3390/su16093713","https://doi.org/10.3390/su16093713","Sustainability","article","bycatch","Tunisia"
"W4402524969","Ghost Gear in the Gulf of Gabès (Tunisia): An Urgent Need for a Conservation Code of Conduct",2024,"https://doi.org/10.3390/su16188003","https://doi.org/10.3390/su16188003","Sustainability","article","other","Tunisia"
"W4402750361","Climate Warming and Mismanagement Drive the Shift of Fish Communities in the Wadi El-Rayan Arid Lakes",2024,"https://doi.org/10.3390/w16182685","https://doi.org/10.3390/w16182685","Water","article","not stated","Tunisia"
"W4399672673","Additional records of the little sleeper shark, Somniosus rostratus (Elasmobranchii: Squaliformes: Somniosidae), in Mediterranean Sea",2024,"https://doi.org/10.3897/aiep.54.121813","https://doi.org/10.3897/aiep.54.121813","Acta Ichthyologica Et Piscatoria","article","bycatch","Tunisia"
"W7164091231","Anàlisi del grau de solapament entre l&apos;esforç de pesca aparent i l&apos;hàbitat de la tortuga boba en el Mediterrani occidental",2024,,"https://openalex.org/W7164091231","RiuNet (Universitat Politècnica de València)","dissertation","bycatch","Tunisia"
"W4321435198","When non-target wildlife species and alien species both affect negatively to an artisanal fishery: the case of trammel net in the Alboran Sea",2023,"https://doi.org/10.1007/s11160-023-09759-6","https://doi.org/10.1007/s11160-023-09759-6","Reviews in Fish Biology and Fisheries","article",,"Tunisia"
"W4388510764","African Buffalo and Colonial Cattle: Is ‘Systems Change’ the Best Future for Farming and Nature in Africa?",2023,"https://doi.org/10.1017/9781009006828.017","https://doi.org/10.1017/9781009006828.017","Cambridge University Press eBooks","book-chapter","not stated","Tunisia"
"W4385290138","The natural history of lions in North Africa and the relevance of their depiction in the “Lions Attacking a Dromedary” diorama",2023,"https://doi.org/10.1111/cura.12564","https://doi.org/10.1111/cura.12564","Curator The Museum Journal","article","not stated","Tunisia"
"W4365151733","Vulnerability of elasmobranchs caught as bycatch in the grouper longline fishery in the Gulf of Gabès, Tunisia",2023,"https://doi.org/10.12681/mms.27483","https://doi.org/10.12681/mms.27483","Mediterranean Marine Science","article","bycatch","Tunisia"
"W4376631244","Fishermen Interviews: A Cost-Effective Tool for Evaluating the Impact of Fisheries on Vulnerable Sea Turtles in Tunisia and Identifying Levers of Mitigation",2023,"https://doi.org/10.3390/ani13091535","https://doi.org/10.3390/ani13091535","Animals","article","bycatch","Tunisia"
"W4388858561","Quantifying Abundance and Mapping Distribution of Loggerhead Turtles in the Mediterranean Sea Using Aerial Surveys: Implications for Conservation",2023,"https://doi.org/10.3390/d15121159","https://doi.org/10.3390/d15121159","Diversity","article","bycatch","Tunisia"
"W4390757936","Threats and Mitigation",2023,"https://doi.org/10.4314/vulnew.v83a1.6","https://doi.org/10.4314/vulnew.v83a1.6","Vulture News","article","not stated","Tunisia"
"W4379795531","The Red Sea Fisheries - Threats and Proposed Solutions",2023,"https://doi.org/10.59660/45115","https://doi.org/10.59660/45115","AIN Journal","article","bycatch","Tunisia"
"W4380050798","The Red Sea Fisheries - Threats and Proposed Solutions",2023,"https://doi.org/10.59660/45125","https://doi.org/10.59660/45125","AIN Journal","article","bycatch","Tunisia"
"292045994","Vulnerability of elasmobranchs caught as bycatch in the grouper longline fishery in the Gulf of Gabès, Tunisia",2023,,"292045994","National Documentation Centre - EKT journals",,"bycatch","Tunisia"
"W4283067969","Assessing the use of marine protected areas by loggerhead sea turtles (Caretta caretta) tracked from the western Mediterranean",2022,"https://doi.org/10.1016/j.gecco.2022.e02196","https://doi.org/10.1016/j.gecco.2022.e02196","Global Ecology and Conservation","article","not stated","Tunisia"
"W4312158089","Disclosing the determinants, drivers and predictors of bird depredation on date palm (Phoenix dactylifera L.) production",2022,"https://doi.org/10.1016/j.jssas.2022.12.003","https://doi.org/10.1016/j.jssas.2022.12.003","Journal of the Saudi Society of Agricultural Sciences","article","crop damage","Tunisia"
"W4290786637","Small-scale fisheries catch more threatened elasmobranchs inside partially protected areas than in unprotected areas",2022,"https://doi.org/10.1038/s41467-022-32035-3","https://doi.org/10.1038/s41467-022-32035-3","Nature Communications","article","not stated","Tunisia"
"W4223523542","Hotspots in the grid: Avian sensitivity and vulnerability to collision risk from energy infrastructure interactions in Europe and North Africa",2022,"https://doi.org/10.1111/1365-2664.14160","https://doi.org/10.1111/1365-2664.14160","Journal of Applied Ecology","article","not stated","Tunisia"
"W4281756481","Using Fishermen’s Knowledge and GIS to Identify Fishing Grounds, Gears and Species in the Projected Marine Protected Area ‘Jabal Moussa’",2022,"https://doi.org/10.3126/josem.v1i2.45346","https://doi.org/10.3126/josem.v1i2.45346","Journal of sustainability and environmental management","article","not stated","Tunisia"
"W4303685494","The Blue Swimming Crab Portunus segnis in the Mediterranean Sea: Invasion Paths, Impacts and Management Measures",2022,"https://doi.org/10.3390/biology11101473","https://doi.org/10.3390/biology11101473","Biology","article","not stated","Tunisia"
"W3133867487","The conservation of the endangered Mediterranean common dolphin (Delphinus delphis): Current knowledge and research priorities",2021,"https://doi.org/10.1002/aqc.3538","https://doi.org/10.1002/aqc.3538","Aquatic Conservation Marine and Freshwater Ecosystems","article",,"Tunisia"
"W3215690827","Strongly structured populations and reproductive habitat fragmentation increase the vulnerability of the Mediterranean starry rayRaja asterias(Elasmobranchii, Rajidae)",2021,"https://doi.org/10.1002/aqc.3739","https://doi.org/10.1002/aqc.3739","Aquatic Conservation Marine and Freshwater Ecosystems","article","bycatch","Tunisia"
"W3162789037","Cultural heritage and environmental ethical values in governance models: Conflicts between recreational fisheries and other maritime activities in Mediterranean marine protected areas",2021,"https://doi.org/10.1016/j.marpol.2021.104529","https://doi.org/10.1016/j.marpol.2021.104529","Marine Policy","article","other","Tunisia"
"W3126146416","Mediterranean sharks and rays need action",2021,"https://doi.org/10.1126/science.abg1943","https://doi.org/10.1126/science.abg1943","Science","article","other","Tunisia"
"W4205402711","Traditional fishery of Dolphinfish (Coryphaena hippurus) in the Gulf of Hammamet, Tunisia: implications for management of the entire Mediterranean fishery",2021,"https://doi.org/10.24214/jcbps.b.11.1.13751","https://doi.org/10.24214/jcbps.b.11.1.13751","Journal of Chemical Biological and Physical Sciences","article","not stated","Tunisia"
"W3210000181","Status of Chinese Carp Fisheries in Tunisian Freshwater Reservoirs: Threats and Opportunities",2021,"https://doi.org/10.37871/jbres1336","https://doi.org/10.37871/jbres1336","Journal of Biomedical Research & Environmental Sciences","article","not stated","Tunisia"
"W3186672508","Incidental catch of vulnerable species in Mediterranean and Black Sea fisheries - A review",2021,"https://doi.org/10.4060/cb5405en","https://doi.org/10.4060/cb5405en","FAO eBooks","book","bycatch","Tunisia"
"W3017956184","Social-Environmental Analysis for the Management of Coastal Lagoons in North Africa",2020,"https://doi.org/10.3389/fenvs.2020.00037","https://doi.org/10.3389/fenvs.2020.00037","Frontiers in Environmental Science","article","not stated","Tunisia"
"W3081500063","A Landscape without Nonhuman Primates? The Case of the Barbary Macaque, Macaca sylvanus, (Linnaeus, 1758) and Its Interaction with Humans throughout Recorded Time",2020,"https://doi.org/10.3390/h9030092","https://doi.org/10.3390/h9030092","Humanities","article","not stated","Tunisia"
"W2991073745","Effects of fishing practice changes on pelagic shark longline captures in the Gulf of Gabes, Tunisia",2019,"https://doi.org/10.1002/aqc.3226","https://doi.org/10.1002/aqc.3226","Aquatic Conservation Marine and Freshwater Ecosystems","article","not stated","Tunisia"
"W2969783162","Shark pelagic longline fishery in the Gulf of Gabes: Inter-decadal inspection reveals management needs",2019,"https://doi.org/10.12681/mms.18862","https://doi.org/10.12681/mms.18862","Mediterranean Marine Science","article","not stated","Tunisia"
"W4288349131","The shifting distribution of Mediterranean fishes: a spatio-temporal assessment based on Local Ecological Knowledge.",2019,"https://doi.org/10.5281/zenodo.3142266","https://doi.org/10.5281/zenodo.3142266","Zenodo (CERN European Organization for Nuclear Research)","article","not stated","Tunisia"
"W4245410401","Ecology of Caracals and Their Distribution in Africa: A Review Paper",2019,"https://doi.org/10.7176/jbah/9-13-05","https://doi.org/10.7176/jbah/9-13-05","Journal of Biology Agriculture and Healthcare","article","not stated","Tunisia"
"304099714","Vulnerability of elasmobranchs as longline bycatch in the gulf of Gabes (Southern Tunisia, central Mediterranean sea).",2018,,"304099714","AquaDocs",,"bycatch","Tunisia"
"14327335","Important areas at sea for adult loggerhead sea turtles in the Mediterranean Sea: satellite tracking corroborates findings from potentially biased sources",2018,,"14327335","RERO DOC Digital Library",,"not stated","Tunisia"
"W2919734443","",2018,,"https://openalex.org/W2919734443","City Research Online (City University London)","book","not stated","Tunisia"
"W2605447613","Unravelling the drastic range retraction of an emblematic songbird of North Africa: potential threats to Afro-Palearctic migratory birds",2017,"https://doi.org/10.1038/s41598-017-01103-w","https://doi.org/10.1038/s41598-017-01103-w","Scientific Reports","article",,"Tunisia"
"W2788326307","Fish and fishing monitoring methods and indicators in Marine Protected Areas in Tunisia",2017,,"https://openalex.org/W2788326307",,"dissertation","competition for resources","Tunisia"
"138701980","Distribution, abundance and population structure of Hexaplex trunculus and Bolinus brandaris (Gastropoda: Muricidae) in offshore areas of the Gulf of Gabès, southern Tunisia",2017,,"138701980","AJOL - African Journals Online",,"bycatch","Tunisia"
"W2411907806","Flexible Turtle Excluder Device (TED): an effective tool for Mediterranean coastal multispecies bottom trawl fisheries",2016,"https://doi.org/10.1051/alr/2016016","https://doi.org/10.1051/alr/2016016","Aquatic Living Resources","article","bycatch","Tunisia"
"W2316595866","Shelf life: neritic habitat use of a turtle population highly threatened by fisheries",2016,"https://doi.org/10.1111/ddi.12440","https://doi.org/10.1111/ddi.12440","Diversity and Distributions","article","bycatch","Tunisia"
"W2334098974","Elasmobranch captures in shrimps trammel net fishery off the Gulf of Gabès (Southern Tunisia, Mediterranean Sea)",2016,"https://doi.org/10.1111/jai.13061","https://doi.org/10.1111/jai.13061","Journal of Applied Ichthyology","article","bycatch","Tunisia"
"310900409","Shelf life: Neritic habitat use of a turtle population highly threatened by fisheries",2016,,"310900409","Open Research Exeter - University of Exeter",,"bycatch","Tunisia"
"W2144503057","Another Continental Vulture Crisis: Africa's Vultures Collapsing toward Extinction",2015,"https://doi.org/10.1111/conl.12182","https://doi.org/10.1111/conl.12182","Conservation Letters","article","persecution or retaliatory killing","Tunisia"
"W1757226906","Annual survival probabilities of juvenile loggerhead sea turtles indicate high anthropogenic impact on Mediterranean populations",2014,"https://doi.org/10.1002/aqc.2467","https://doi.org/10.1002/aqc.2467","Aquatic Conservation Marine and Freshwater Ecosystems","article","bycatch","Tunisia"
"W2157223050","Elasmobranchs longline fisheries in the Gulf of Gabès (southern Tunisia)",2013,"https://doi.org/10.1017/s0025315413000726","https://doi.org/10.1017/s0025315413000726","Journal of the Marine Biological Association of the United Kingdom","article","not stated","Tunisia"
"W1972887459","Fiddling in biodiversity hotspots while deserts burn? Collapse of the Sahara's megafauna",2013,"https://doi.org/10.1111/ddi.12157","https://doi.org/10.1111/ddi.12157","Diversity and Distributions","article","not stated","Tunisia"
"W2088965171","Examining the Extinction of the Barbary Lion and Its Implications for Felid Conservation",2013,"https://doi.org/10.1371/journal.pone.0060174","https://doi.org/10.1371/journal.pone.0060174","PLoS ONE","article","not stated","Tunisia"
"W2022452219","Interactions of loggerhead turtle with bottom longline fishery in the Gulf of Gabès, Tunisia",2011,"https://doi.org/10.1017/s0025315411000312","https://doi.org/10.1017/s0025315411000312","Journal of the Marine Biological Association of the United Kingdom","article","bycatch","Tunisia"
"W2018069372","Effect of type of bait on pelagic longline fishery–loggerhead turtle interactions in the Gulf of Gabes (Tunisia)",2010,"https://doi.org/10.1002/aqc.1120","https://doi.org/10.1002/aqc.1120","Aquatic Conservation Marine and Freshwater Ecosystems","article","bycatch","Tunisia"
"W2159155195","Ecosystem models clarify the trophic role of whales off Northwest Africa",2010,"https://doi.org/10.3354/meps08443","https://doi.org/10.3354/meps08443","Marine Ecology Progress Series","article","competition for resources","Tunisia"
"W2479764566","05. Gillnet fishery – loggerhead turtle interactions in the Gulf of Gabes, Tunisia",2010,,"https://openalex.org/W2479764566","Herpetological Journal","article","bycatch","Tunisia"
"W7139462097","Fisheries Centre research reports. Volume 17, number 2",2009,,"https://openalex.org/W7139462097","cIRcle (University of British Columbia)","report",,"Tunisia"
"W1863567874","Incidental capture of sea turtles by longlines in the Gulf of Gabès (South Tunisia): A comparative study between bottom and surface longlines",2008,"https://doi.org/10.3989/scimar.2008.72n2337","https://doi.org/10.3989/scimar.2008.72n2337","Scientia Marina","article","not stated","Tunisia"
"W13500458","Mitochondrial DNA reveals regional and interregional importance of the central Mediterranean African shelf for loggerhead sea turtles (Caretta caretta)",2008,"https://doi.org/10.3989/scimar.2008.72n3541","https://doi.org/10.3989/scimar.2008.72n3541","Scientia Marina","article","not stated","Tunisia"
"W2502035066","07. Impact of trawl fishery on marine turtles in the Gulf of Gabès, Tunisia",2007,,"https://openalex.org/W2502035066","Herpetological Journal","article","bycatch","Tunisia"
"W1993434971","Alien Marine Species in the Mediterranean - the 100 ‘Worst Invasives’ and their Impact",2006,"https://doi.org/10.12681/mms.180","https://doi.org/10.12681/mms.180","Mediterranean Marine Science","article","not stated","Tunisia"
"W2154998326","ECOSYSTEM EFFECTS OF FISHING IN THE MEDITERREAN: AN ANALYSIS OF THE MAJOR THREATS OF FISHING GEAR AND PRACTICES TO BIODIVERSITY AND MARINE HABITATS",2004,,"https://openalex.org/W2154998326",,"book","bycatch","Tunisia"
"W1543624443","Seabird mortality from longline fishing in the Mediterranean Sea and Macaronesian waters: a review and a way forward",2003,"https://doi.org/10.3989/scimar.2003.67s257","https://doi.org/10.3989/scimar.2003.67s257","Scientia Marina","article","bycatch","Tunisia"
"W4391197122","Population biology, conservation threats and status of Mediterranean striped dolphins (Stenella coeruleoalba)",2000,"https://doi.org/10.47536/jcrm.v2i1.485","https://doi.org/10.47536/jcrm.v2i1.485","The journal of cetacean research and management. Special issue","article","bycatch","Tunisia"
