id,doi,source,oa_id,doi_clean,n_authors,authors,journal_oa,first_author_countries,last_author_countries,author_countries,n_countries,first_incountry,last_incountry,any_incountry
https://openalex.org/W4386046441,https://doi.org/10.1002/ajp.23545,openalex,W4386046441,10.1002/ajp.23545,7,Elisa Neves; Dominique Vallet; Sidi Imad Cherkaoui; Zouhair Amhaouch; Coline Duperron; Nelly Ménard; Pascaline Le Gouar,American Journal of Primatology,FR,FR,FR|MA|US,3,FALSE,FALSE,TRUE
https://openalex.org/W2796022831,https://doi.org/10.1002/ajpa.23417,openalex,W2796022831,10.1002/ajpa.23417,1,Rachel Caspari,American Journal of Physical Anthropology,US,US,US,1,FALSE,FALSE,FALSE
https://openalex.org/W2018069372,https://doi.org/10.1002/aqc.1120,openalex,W2018069372,10.1002/aqc.1120,4,Khaled Echwikhi; Imed Jribi; Mohamed Nejmeddine Bradaï; Abderrahmen Bouaïn,Aquatic Conservation Marine and Freshwater Ecosystems,TN,TN,TN,1,TRUE,TRUE,TRUE
https://openalex.org/W1757226906,https://doi.org/10.1002/aqc.2467,openalex,W1757226906,10.1002/aqc.2467,10,Paolo Casale; Daniela Freggi; Giovanni Furii; Carola Vallini; Pasquale Salvemini; M. Deflorio; Giovanni Totaro; Stefano Raimondi; Caterina Maria Fortuna; Brendan J. Godley,Aquatic Conservation Marine and Freshwater Ecosystems,GB|IT,GB,GB|IT,2,FALSE,FALSE,FALSE
https://openalex.org/W2981509526,https://doi.org/10.1002/aqc.3207,openalex,W2981509526,10.1002/aqc.3207,1,Kamel Larbi Doukara,Aquatic Conservation Marine and Freshwater Ecosystems,DZ,DZ,DZ,1,TRUE,TRUE,TRUE
https://openalex.org/W2991073745,https://doi.org/10.1002/aqc.3226,openalex,W2991073745,10.1002/aqc.3226,4,Béchir Saïdi; Sami Karaa; Samira Enajjar; Mohamed Nejmeddine Bradaï,Aquatic Conservation Marine and Freshwater Ecosystems,TN,TN,TN,1,TRUE,TRUE,TRUE
https://openalex.org/W3133867487,https://doi.org/10.1002/aqc.3538,openalex,W3133867487,10.1002/aqc.3538,8,Adriana Vella; Sinéad Murphy; Joan Giménez; Renaud de Stephanis; Barbara Mussi; Joseph G. Vella; Kamel Larbi Doukara; Daniela Silvia Pace,Aquatic Conservation Marine and Freshwater Ecosystems,BD|MT,IT,BD|MT|IE|ES|IT|DZ,6,FALSE,FALSE,TRUE
https://openalex.org/W3215690827,https://doi.org/10.1002/aqc.3739,openalex,W3215690827,10.1002/aqc.3739,18,Giusy Catalano; Valentina Crobe; Alice Ferrari; R. Baino; Daniela Massi; Antonino Titone; Cecilia Mancusi; Fabrizio Serena; Rita Cannas; Laura Carugati; Farid Hemida; Chiara Manfredi; Riccardo Melis; Giuseppe Scarcella; Letizia Sión; Marco Stagioni; Fausto Tinti; Alessia Cariani,Aquatic Conservation Marine and Freshwater Ecosystems,IT,IT,IT|RO|DZ,3,FALSE,FALSE,TRUE
https://openalex.org/W4390771181,https://doi.org/10.1002/aqc.4059,openalex,W4390771181,10.1002/aqc.4059,7,Luís Cardona; Sara Abalo‐Morla; Alessandra Cani; Blanca Feliu‐Tena; Nuria Izaguirre; Jesús Tomás; Eduardo J. Belda,Aquatic Conservation Marine and Freshwater Ecosystems,ES,ES,ES,1,FALSE,FALSE,FALSE
https://openalex.org/W7167666335,https://doi.org/10.1002/aqc.70416,openalex,W7167666335,10.1002/aqc.70416,4,Sami Mili; Rym Ennouri; Siwar Agrebi; Hanem Djabou,Aquatic Conservation Marine and Freshwater Ecosystems,TN,TN,TN,1,TRUE,TRUE,TRUE
https://openalex.org/W2908415939,https://doi.org/10.1002/bes2.1486,openalex,W2908415939,10.1002/bes2.1486,1,Frank N. Egerton,Bulletin of the Ecological Society of America,US,US,US,1,FALSE,FALSE,FALSE
https://openalex.org/W2969873458,https://doi.org/10.1002/ece3.5565,openalex,W2969873458,10.1002/ece3.5565,6,Maddalena Fumagalli; Amina Cesario; Marina Costa; Giuseppe Notarbartolo di Sciara; John Harraway; Elisabeth Slooten,Ecology and Evolution,IT|NZ,NZ,IT|NZ|HK|FK,4,FALSE,FALSE,FALSE
https://openalex.org/W4412190053,https://doi.org/10.1002/ece3.71790,openalex,W4412190053,10.1002/ece3.71790,7,M. Gažo; Odei Garcia‐Garin; Sarah Soler‐Ruiz; Laura Fernández‐Suárez; Antonella Arcangeli; Léa David; Morgana Vighi,Ecology and Evolution,ES|US,ES|US,ES|US|IT|FR,4,FALSE,FALSE,FALSE
https://openalex.org/W4413922878,https://doi.org/10.1002/ece3.71970,openalex,W4413922878,10.1002/ece3.71970,4,Mohamed A. Ezat; Elke Molenaar; Marc Naguib; Frank van Langevelde,Ecology and Evolution,EG|NL,NL,EG|NL,2,TRUE,FALSE,TRUE
https://openalex.org/W4416097950,https://doi.org/10.1002/ecog.07919,openalex,W4416097950,10.1002/ecog.07919,3,Davide Fundaro'; Carlotta Vivaldi; Luca Santini,Ecography,IT|NL,IT,IT|NL,2,FALSE,FALSE,FALSE
https://openalex.org/W7154999849,https://doi.org/10.1007/978-3-032-17580-9_18,openalex,W7154999849,10.1007/978-3-032-17580-9_18,1,Siobhan Speiran,Natural resource management and policy,CA,CA,CA,1,FALSE,FALSE,FALSE
https://openalex.org/W2193249342,https://doi.org/10.1007/978-3-319-25220-9_13,openalex,W2193249342,10.1007/978-3-319-25220-9_13,5,Sheema Abdul Aziz; Kevin J. Olival; Sara Bumrungsri; Greg C. Richards; Paul A. Racey,NA,FR|MY,GB,FR|MY|US|TH|GB,5,FALSE,FALSE,FALSE
https://openalex.org/W2899931711,https://doi.org/10.1007/s10344-018-1230-x,openalex,W2899931711,10.1007/s10344-018-1230-x,4,Siân Waters; Tamlin Watson; Sandra Bell; Joanna M. Setchell,European Journal of Wildlife Research,GB,GB,GB,1,FALSE,FALSE,FALSE
https://openalex.org/W4220771849,https://doi.org/10.1007/s10531-022-02405-w,openalex,W4220771849,10.1007/s10531-022-02405-w,4,Javier Calzada; Miguel Clavero; Miguel Delibes; Néstor Fernández,Biodiversity and Conservation,ES,DE,ES|DE,2,FALSE,FALSE,FALSE
https://openalex.org/W2562670914,https://doi.org/10.1007/s10764-016-9938-5,openalex,W2562670914,10.1007/s10764-016-9938-5,5,Joanna M. Setchell; Emilie Fairet; Kathryn Shutt; Siân Waters; Sandra Bell,International Journal of Primatology,GB,GB,GB|GA|US,3,FALSE,FALSE,FALSE
https://openalex.org/W2943305201,https://doi.org/10.1007/s10764-019-00087-w,openalex,W2943305201,10.1007/s10764-019-00087-w,4,Siân Waters; Ahmed El Harrad; Sandra Bell; Joanna M. Setchell,International Journal of Primatology,GB,GB,GB,1,FALSE,FALSE,FALSE
https://openalex.org/W3185015889,https://doi.org/10.1007/s10764-021-00228-0,openalex,W3185015889,10.1007/s10764-021-00228-0,4,Siân Waters; Ahmed El Harrad; Sandra Bell; Joanna M. Setchell,International Journal of Primatology,GB,GB,GB,1,FALSE,FALSE,FALSE
https://openalex.org/W4321435198,https://doi.org/10.1007/s11160-023-09759-6,openalex,W4321435198,10.1007/s11160-023-09759-6,5,José Carlos Báez; Juan Antonio Camiñas; Raquel Aguilera; Jairo Castro‐Gutiérrez; Raimundo Real,Reviews in Fish Biology and Fisheries,CL|ES,ES,CL|ES,2,FALSE,FALSE,FALSE
https://openalex.org/W4400337172,https://doi.org/10.1007/s11160-024-09857-z,openalex,W4400337172,10.1007/s11160-024-09857-z,9,Ioannis Giovos; Jennifer M. Pytka; Monica Barone; Lydia Koehler; Camille Loth; Jason Lowther; Dimitrios K. Moutopoulos; Simone Niedermüller; Carlotta Mazzoldi,Reviews in Fish Biology and Fisheries,GR|IT,IT,GR|IT|GB,3,FALSE,FALSE,FALSE
https://openalex.org/W4409958323,https://doi.org/10.1007/s11160-025-09949-4,openalex,W4409958323,10.1007/s11160-025-09949-4,25,Felipe J. Quezada-Escalona; Désirée Tommasi; Isaac C. Kaplan; Pierre‐Yves Hernvann; Timothy H. Frawley; Dorleta García; Leire Ibaibarriaga; Sonia Sánchez; Carryn de Moor; Jennifer Beckensteiner; Amy M. Schueller; Diana Feijó; Domenico Ciorciaro; Hiroyuki Kurota; Ricardo Oliveros‐Ramos; Robert P. Wildermuth; Ray Mroch; Laura Wise; M. R. Baker; Cecilie Hansen; Sidi Ahmed Hemed; Timothée Brochier; Stephen M. Stohs; Concepción Enciso-Enciso; Nis S. Jacobsen,Reviews in Fish Biology and Fisheries,CL|US,DK,CL|US|FR|ES|ZA|BJ|NC|RE|PT|IT|JP|NO|MR|SN|MX|DK,16,FALSE,FALSE,FALSE
https://openalex.org/W2132561879,https://doi.org/10.1007/s13280-010-0065-9,openalex,W2132561879,10.1007/s13280-010-0065-9,4,Nadine Marshall; Paul Marshall; Ameer Abdulla; Tony Rouphael,AMBIO,AU,BD,AU|BD,2,FALSE,FALSE,FALSE
https://openalex.org/W4402397723,https://doi.org/10.1007/s44353-024-00009-9,openalex,W4402397723,10.1007/s44353-024-00009-9,4,Mohamed Keznine; Bilal Mghili; John DeBeer; Mustapha Aksissou,Discover Conservation,MA,MA,MA|US,2,TRUE,TRUE,TRUE
https://openalex.org/W2185312405,https://doi.org/10.1016/j.biocon.2015.10.020,openalex,W2185312405,10.1016/j.biocon.2015.10.020,4,Sarah E. Nelms; Wendy E. D. Piniak; Caroline R. Weir; Brendan J. Godley,Biological Conservation,GB,GB,GB|US,2,FALSE,FALSE,FALSE
https://openalex.org/W4393971019,https://doi.org/10.1016/j.biocon.2024.110525,openalex,W4393971019,10.1016/j.biocon.2024.110525,100,Juan Serratosa; Steffen Oppel; Shay Rotics; Andrea Santangeli; Stuart H. M. Butchart; Luis Santiago Cano; José Luis Tellerı́a; Ryno Kemp; Aaron Nicholas; Aigars Kalvāns; Aitor Galarza; Aldina M. A. Franco; Alessandro Andreotti; Alexander N. G. Kirschel; Alex Ngari; Álvaro Soutullo; Ana Bermejo; André Botha; Andrea Ferri; Angelos Evangelidis; Anna Cenerini; Anton Stamenov; Antonio Hernández‐Matías; Arianna Aradis; Atanas Grozdanov; Beneharo Rodríguez; Çağan H. Şekercioğlu; Catuxa Cerecedo-Iglesias; Christina Kassara; Christos Barboutis; Claire Bracebridge; Clara García‐Ripollés; Corinne J. Kendall; Damijan Denac; Dana G. Schabo; David R. Barber; Dimitar Popov; Dobromir Dobrev; Egidio Mallìa; Elena Kmetova–Biro; Ernesto Álvarez; Evan R. Buechley; Evgeny A. Bragin; Fabrizio Cordischi; Fadzai M. Zengeya; Flavio Monti; François Mougeot; Gareth Tate; Georgi Stoyanov; Giacomo Dell’Omo; Giuseppe Lucia; Gradimir Gradev; Guido Ceccolini; Guilad Friedemann; Hans‐Günther Bauer; Holger Kolberg; Hristo Peshev; Inês Catry; Ingar Jostein Øien; Isidoro Carbonell Alanís; Ivan Literák; Ivan Pokrovsky; Ivar Ojaste; Jan Eivind Østnes; Javier de la Puente; Joan Real; João L. Guilherme; José Carlos González; José María Fernández-García; Juan Antonio Gil; Julien Terraube; Karel Poprach; Karen Aghababyan; Katharina Klein; Keith L. Bildstein; Kerri Wolter; Kjell Janssens; Kyle D. Kittelberger; Lindy J. Thompson; Mansoor H. AlJahdhami; Manuel Bendala Galán; Marcin Tobółka; Mario Posillico; Mario Cipollone; Marion Gschweng; Māris Strazds; Mark Boorman; Mark Zvidzai; Marta Acácio; Marta Romero; Martin Wikelski; Matthias Schmidt; Maurizio Sarà; Michael McGrady; Mindaugas Dagys; Monique MacKenzie; Muna Al Taq; Msafiri P. Mgumba; Munir Z. Virani; Nicolaos I. Kassinis,Biological Conservation,GB,IL|PE,GB|IL|US|ES|CH|LV|IT|CY|KE|UY|ZA|BG|GR|AT|DE|KZ|ZW|PE,18,FALSE,FALSE,FALSE
https://openalex.org/W4408273783,https://doi.org/10.1016/j.biocon.2025.111046,openalex,W4408273783,10.1016/j.biocon.2025.111046,4,Khaled Noby; I.M.A. Heitkönig; Erwin Bulte; Marc Naguib,Biological Conservation,NL,NL,NL,1,FALSE,FALSE,FALSE
https://openalex.org/W4412419680,https://doi.org/10.1016/j.biocon.2025.111334,openalex,W4412419680,10.1016/j.biocon.2025.111334,5,Andrea Ciani; Gianluca Musumeci; M. Arahou; Mohamed Mouna; Giorgia Camperio,Biological Conservation,NA,CH|US,IT|MA|CH|US,4,NA,FALSE,TRUE
https://openalex.org/W4414163724,https://doi.org/10.1016/j.ecoenv.2025.119032,openalex,W4414163724,10.1016/j.ecoenv.2025.119032,7,Guillaume Barnouin; Roy El Hourany; Nicholas R. Record; Zlatka Bajc; James Kennedy; Antoine Lafitte; Marie‐Yasmine Dechraoui Bottein,Ecotoxicology and Environmental Safety,FR,FR,FR|US|SI,3,FALSE,FALSE,FALSE
https://openalex.org/W3203855821,https://doi.org/10.1016/j.ejar.2021.09.002,openalex,W3203855821,10.1016/j.ejar.2021.09.002,2,Evelyn Ragheb; Mohamed Wagih Ahmed Hasan,The Egyptian Journal of Aquatic Research,EG,EG,EG,1,TRUE,TRUE,TRUE
https://openalex.org/W4283067969,https://doi.org/10.1016/j.gecco.2022.e02196,openalex,W4283067969,10.1016/j.gecco.2022.e02196,13,Sara Abalo‐Morla; Eduardo J. Belda; David March; Ohiana Revuelta; Luís Cardona; Silvia Giralt; José Luís Crespo-Picazo; Sandra Hochscheid; Adolfo Marco; Manuel Merchán; Ricardo Sagarminaga; Yonat Swimmer; Jesús Tomás,Global Ecology and Conservation,ES,ES,ES|GB|IT|US,4,FALSE,FALSE,FALSE
https://openalex.org/W4312158089,https://doi.org/10.1016/j.jssas.2022.12.003,openalex,W4312158089,10.1016/j.jssas.2022.12.003,4,Hafsa Benras; Omar Guezoul; Souad Neffar; Haroun Chenchouni,Journal of the Saudi Society of Agricultural Sciences,DZ,DZ,DZ,1,TRUE,TRUE,TRUE
https://openalex.org/W3162789037,https://doi.org/10.1016/j.marpol.2021.104529,openalex,W3162789037,10.1016/j.marpol.2021.104529,3,Sílvia Gómez; Arnau Carreño; Josep Lloret,Marine Policy,ES,ES,ES,1,FALSE,FALSE,FALSE
https://openalex.org/W4413915988,https://doi.org/10.1016/j.rsma.2025.104465,openalex,W4413915988,10.1016/j.rsma.2025.104465,4,Rihab Louhichi; Samira Enajjar; Mohamed Nejmeddine Bradaï; Béchir Saïdi,Regional Studies in Marine Science,TN,TN,TN,1,TRUE,TRUE,TRUE
https://openalex.org/W3175439491,https://doi.org/10.1016/j.scitotenv.2021.148534,openalex,W3175439491,10.1016/j.scitotenv.2021.148534,5,Marina García‐Alfonso; Thijs van Overveld; Laura Gangoso; David Serrano; José A. Donázar,The Science of The Total Environment,ES,ES,ES|DE|NL,3,FALSE,FALSE,FALSE
https://openalex.org/W4388510764,https://doi.org/10.1017/9781009006828.017,openalex,W4388510764,10.1017/9781009006828.017,8,Richard Kock; R G Bengis; Fekadu Shiferaw; Francis Gakuya; Daniel Mdetele; H.H.T. Prins; Alexandre Caron; Michael D. Kock,Cambridge University Press eBooks,FR|GB,US,FR|GB|ZA|KE|BD|TZ|NL|US,8,FALSE,FALSE,FALSE
https://openalex.org/W2022452219,https://doi.org/10.1017/s0025315411000312,openalex,W2022452219,10.1017/s0025315411000312,4,Khaled Echwikhi; Imed Jribi; Mohamed Nejmeddine Bradaï; Abderrahmen Bouaïn,Journal of the Marine Biological Association of the United Kingdom,TN,TN,TN,1,TRUE,TRUE,TRUE
https://openalex.org/W2157223050,https://doi.org/10.1017/s0025315413000726,openalex,W2157223050,10.1017/s0025315413000726,3,Khaled Echwikhi; Béchir Saïdi; Mohamed Nejmeddine Bradaï,Journal of the Marine Biological Association of the United Kingdom,TN,TN,TN,1,TRUE,TRUE,TRUE
https://openalex.org/W2105633026,https://doi.org/10.1017/s0030605310001286,openalex,W2105633026,10.1017/s0030605310001286,2,Mohamed Nada; Paolo Casale,Oryx,EG,IT,EG|IT,2,TRUE,FALSE,TRUE
https://openalex.org/W3108367984,https://doi.org/10.1017/s0030605320000198,openalex,W3108367984,10.1017/s0030605320000198,13,Christiane Böhm; Christopher G. R. Bowden; Philip J. Seddon; Taner Hatipoğlu; Widade Oubrou; Mohammed El Bekkay; Miguel Ángel Quevedo; Johannes Fritz; Can Yeniyurt; Jose M. Garcia Lopez; Jorge F. Orueta; Didone Frigerio; Markus Unsöld,Oryx,NA,DE,GB|NZ|MA|AT|TR|ES|DE,7,NA,FALSE,TRUE
https://openalex.org/W2105413109,https://doi.org/10.1017/s0959270908000403,openalex,W2105413109,10.1017/s0959270908000403,6,Christopher G. R. Bowden; Ken W. Smith; Mohammed El Bekkay; Widade Oubrou; Ali Aghnaj; Maria Jimenez-Armesto,Bird Conservation International,GB,NA,GB|MA,2,FALSE,NA,TRUE
https://openalex.org/W2290921243,https://doi.org/10.1017/s0959270915000180,openalex,W2290921243,10.1017/s0959270915000180,3,Perri K. Eason; Basem Rabia; Omar Attum,Bird Conservation International,US,US,US|EG,2,FALSE,FALSE,TRUE
https://openalex.org/W2289557866,https://doi.org/10.1017/s0959270915000416,openalex,W2289557866,10.1017/s0959270915000416,51,Anne‐Laure Brochet; W. van den Bossche; Sharif Al Jbour; Paul K. Ndang’ang’a; Victoria R. Jones; Wed Abdou; ABDEL RAZZAQ AL- HMOUD; Nabegh Ghazal Asswad; Juan Carlos Atienza; IMAD ATRASH; Nicholas Barbara; Keith J. Bensusan; Taulant Bino; Claudio Celada; Sidi Imad Cherkaoui; J. PEDRO DUARTE BARROS DA COSTA; Bernard Deceuninck; Khaled Etayeb; Claudia Feltrup‐Azafzaf; Jernej Figelj; Marco Gustin; Primož Kmecl; VLADO KOCEVSKI; MALAMO KORBETI; Dražen Kotrošan; Juan Mula Laguna; Matteo Lattuada; Domingos Leitão; Paula Lopes; NICOLÁS LÓPEZ-JIMÉNEZ; Vedran Lucić; Thierry Micol; Aïssa Moali; Yoav Perlman; Nicola Piludu; Danae Portolou; Ksenija Putilin; Gwenaël Quaintenne; Ghassan Ramadan-Jaradi; Milan Ružić; Anna Sandor; NERMINA SARAJLI; Darko Saveljić; Robert Sheldon; Tassos Shialis; Nikos Tsiopelas; F. Hernan Vargas; Claire Thompson; Ariel Brunner; Richard F. Grimmett; Stuart H. M. Butchart,Bird Conservation International,GB,GB,GB|KE|EG|JO|AL|SV|IT|FR|LY|TN|MK|GR|BA|DZ|ME,15,FALSE,FALSE,TRUE
https://openalex.org/W4409624720,https://doi.org/10.1017/sus.2025.3,openalex,W4409624720,10.1017/sus.2025.3,1,Andrew K. Carlson,Global Sustainability,US,US,US,1,FALSE,FALSE,FALSE
https://openalex.org/W4290786637,https://doi.org/10.1038/s41467-022-32035-3,openalex,W4290786637,10.1038/s41467-022-32035-3,8,Manfredi Di Lorenzo; Antonio Calò; Antonio Franco; Giacomo Milisenda; Giorgio Aglieri; Carlo Cattano; Marco Milazzo; Paolo Guidetti,Nature Communications,IT,IT,IT,1,FALSE,FALSE,FALSE
https://openalex.org/W2605447613,https://doi.org/10.1038/s41598-017-01103-w,openalex,W2605447613,10.1038/s41598-017-01103-w,7,Rassim Khelifa; Rabah Zebsa; Hichem Amari; Mohammed Khalil Mellal; Soufyane Bensouilah; Abdeldjalil Laouar; Hayat Mahdjoub,Scientific Reports,CH,CH,CH|DZ|BE,3,FALSE,FALSE,TRUE
https://openalex.org/W7172483144,https://doi.org/10.1038/s41598-026-59368-z,openalex,W7172483144,10.1038/s41598-026-59368-z,3,Omar Attum; Brad Bowman; Alaaeldin Soultan,Scientific Reports,US,EG,US|EG,2,FALSE,TRUE,TRUE
https://openalex.org/W2134477843,https://doi.org/10.1046/j.1365-294x.1998.00471.x,openalex,W2134477843,10.1046/j.1365-294x.1998.00471.x,17,Luc Laurent; Paolo Casale; Mohamed Nejmeddine Bradaï; Brendan J. Godley; Annette C. Broderick; Werner Schroth; Bernd Schierwater; Avigdor Levy; D. Freggi; E. M. ABD EL‐MAWLA; D. A. HADOUD; H. E. GOMATI; Mariano Domingo; M. HADJICHRISTOPHOROU; L. KORNARAKY; F. DEMIRAYAK; CH. GAUTIER,Molecular Ecology,FR|US,FR,FR|US|IT|TN|GB|DE|EG|LY|ES|CY|TR,11,FALSE,FALSE,TRUE
https://openalex.org/W2411907806,https://doi.org/10.1051/alr/2016016,openalex,W2411907806,10.1051/alr/2016016,3,Alessandro Lucchetti; Elisa Punzo; Massimo Virgili,Aquatic Living Resources,IT,IT,IT,1,FALSE,FALSE,FALSE
https://openalex.org/W3047050104,https://doi.org/10.1051/e3sconf/202018301003,openalex,W3047050104,10.1051/e3sconf/202018301003,5,Sidi Imad Cherkaoui; Mohamed Boukherouk; Tarik Lakhal; Adil Aghzar; Lahcen El Youssfi,E3S Web of Conferences,MA,MA,MA,1,TRUE,TRUE,TRUE
https://openalex.org/W3213140225,https://doi.org/10.1051/e3sconf/202131901071,openalex,W3213140225,10.1051/e3sconf/202131901071,6,Faiçal El Hattimy; Fouad Chafiq; Hermann-Desiré Lallié; A. Mokhtari; Abdelmajid Soulaymani; Rachida Soulaymani Bencheikh,E3S Web of Conferences,MA,MA,MA|CI,2,TRUE,TRUE,TRUE
https://openalex.org/W4392665905,https://doi.org/10.1051/e3sconf/202450201001,openalex,W4392665905,10.1051/e3sconf/202450201001,6,S. El Arraf; Mohammed Malouli Idrisi; Paolo Carpentieri; Maryam El Bakali; Abid Nourredine; Mohammed Bakkali,E3S Web of Conferences,NA,MA,IT|MA,2,NA,TRUE,TRUE
https://openalex.org/W1965440783,https://doi.org/10.1080/00063657.2012.724050,openalex,W1965440783,10.1080/00063657.2012.724050,3,Saâd Hanane; Aurélien Besnard; Abderrahman Aafi,Bird Study,MA,MA,MA|FR,2,TRUE,TRUE,TRUE
https://openalex.org/W3048716714,https://doi.org/10.1080/23308249.2020.1802405,openalex,W3048716714,10.1080/23308249.2020.1802405,5,Takudzwa C. Madzivanzira; Josie South; Louisa E. Wood; Ana L. Nunes; Olaf L. F. Weyl,Reviews in Fisheries Science & Aquaculture,ZA,ZA,ZA|GB,2,FALSE,FALSE,FALSE
https://openalex.org/W7162558227,https://doi.org/10.1080/24750263.2026.2673641,openalex,W7162558227,10.1080/24750263.2026.2673641,4,A. Larafa; S. Ghannem; Y. Zahouani; S. Touaylia,The European Zoological Journal,TN,TN,TN,1,TRUE,TRUE,TRUE
https://openalex.org/W4306702031,https://doi.org/10.1088/1755-1315/1090/1/012006,openalex,W4306702031,10.1088/1755-1315/1090/1/012006,5,Hassana Ismaili Alaoui; Bouchra El Asri; Souad Ghazi; Najiba Brhadda; Rabea Ziri,IOP Conference Series Earth and Environmental Science,MA,MA,MA,1,TRUE,TRUE,TRUE
https://openalex.org/W4412364748,https://doi.org/10.1093/jmammal/gyaf043,openalex,W4412364748,10.1093/jmammal/gyaf043,3,Firas Hayder; Zimkitha J.K. Madikiza; Emmanuel Do Linh San,Journal of Mammalogy,ZA,ZA,ZA,1,FALSE,FALSE,FALSE
https://openalex.org/W3108294470,https://doi.org/10.1101/2020.11.25.397570,openalex,W3108294470,10.1101/2020.11.25.397570,2,Johannes Fritz; Jiří Janák,bioRxiv (Cold Spring Harbor Laboratory),AT,CZ,AT|CZ,2,FALSE,FALSE,FALSE
https://openalex.org/W3110888851,https://doi.org/10.1101/2020.12.16.422983,openalex,W3110888851,10.1101/2020.12.16.422983,54,Steffen Oppel; Volen Arkumarev; Samuel Bakari; Vladimir Dobrev; Victoria Saravia; Solomon Adefolu; Lale Aktay Sözüer; Paul T. Apeverga; Şafak Arslan; Yahkat Barshep; Taulant Bino; Anastasios Bounas; Turan Çetin; Maher Dayyoub; Dobromir Dobrev; Klea Duro; Laith El-Moghrabi; Hana ElSafoury; Endris Ahmed; Nabegh Ghazal Asswad; Junior Hanson Harry; Sam Ivande; Sharif Al Jbour; Eleftherios Kapsalis; Elżbieta Kret; Bruktawit Abdu Mahamued; Shiiwua A. Manu; Solomon Mengistu; Abdoul Razack Moussa Zabeirou; Sulaiman Inuwa Muhammad; Slave Nakev; Alex Ngari; Joseph Onoja; Maher Osta; Serdar Özuslu; Nenad Petrovski; Georgi Popgeorgiev; Cloé Pourchier; Alazar Ruffo; Mohammed Shobrak; Lavrentis Sidiropoulos; Theodora Skartsi; Özgün Sözüer; Kalliopi Stara; Million Tesfaye; Mirjan Topi; Dimitrios Vavylis; Metodija Velevski; Zydjon Vorpsi; Mengistu Wondafrash; Erald Xeka; Can Yeniyurt; Emil Yordanov; Stoyan C. Nikolov,bioRxiv (Cold Spring Harbor Laboratory),NA,NA,NA,0,NA,NA,NA
https://openalex.org/W3200894589,https://doi.org/10.1101/2021.09.17.460804,openalex,W3200894589,10.1101/2021.09.17.460804,7,Khaled M. El-Haddad et al.; Abdel-Hamid A. M. Ali; Mohammed S. Abdel-Rahman; Saad Mohammed; Fagr Kh. Abdel‐Gawad; Giulia Guerriero; Tarek Temraz,bioRxiv (Cold Spring Harbor Laboratory),EG,EG,EG,1,TRUE,TRUE,TRUE
https://openalex.org/W2931379993,https://doi.org/10.1101/595462,openalex,W2931379993,10.1101/595462,11,Peter M. Kyne; Rima W. Jabado; Cassandra L. Rigby; Dharmadi; Mauvis Gore; Caroline M. Pollock; Katelyn B. Herman; Jessica Cheok; David A. Ebert; Colin A. Simpfendorfer; Nicholas K. Dulvy,bioRxiv (Cold Spring Harbor Laboratory),AU,CA,AU|AE|ID|GB|US|CA|ZA,7,FALSE,FALSE,FALSE
https://openalex.org/W4223523542,https://doi.org/10.1111/1365-2664.14160,openalex,W4223523542,10.1111/1365-2664.14160,51,Jethro Gauld; João Paulo Silva; Philip W. Atkinson; Paul Record; Marta Acácio; Volen Arkumarev; Julio Blas; Willem Bouten; Niall H. K. Burton; Inês Catry; Jocelyn Champagnon; Gary D. Clewley; Mindaugas Dagys; Olivier Duriez; Klaus‐Michael Exo; Wolfgang Fiedler; Andrea Flack; Guilad Friedemann; Johannes Fritz; Clara García‐Ripollés; Stefan Garthe; Dimitri Giunchi; Atanas Grozdanov; Roi Harel; Elizabeth M. Humphreys; René Janssen; Andrea Kölzsch; Olga Kulikova; Thomas K. Lameris; Pascual López‐López; Elizabeth A. Masden; Flavio Monti; Ran Nathan; Stoyan C. Nikolov; Steffen Oppel; Hristo Peshev; W. Louis Phipps; Ivan Pokrovsky; Viola Ross-Smith; Victoria Saravia; Emily S. Scragg; Andrea Sforzi; Emilian Stoynov; Chris B. Thaxter; Wouter Van Steelant; Mariëlle L. van Toor; Bernd Vorneweg; Jonas Waldenström; Martin Wikelski; Ramūnas Žydelis; Aldina M. A. Franco,Journal of Applied Ecology,GB,GB,GB|PT|BG|ES|NL|FR|LT|DE|IL|AT|IT|RU|GR|SE|DK,15,FALSE,FALSE,FALSE
https://openalex.org/W4413766820,https://doi.org/10.1111/1365-2664.70139,openalex,W4413766820,10.1111/1365-2664.70139,16,Leia Navarro‐Herrero; David March; Teresa Militão; Sarah Saldanha; Fernando Medrano; Diego Vicente‐Sastre; Jazel Ouled‐Cheikh; Raül Ramos; Diana M. Matos; Isabel Cristina Rodrigues; Vítor H. Paiva; José P. Granadeiro; Paulo Catry; Andreia Leal; Herculano Dinis; Jacob González‐Solís,Journal of Applied Ecology,ES,ES,ES|GB|PT|CV|US,5,FALSE,FALSE,FALSE
https://openalex.org/W2905336371,https://doi.org/10.1111/acv.12474,openalex,W2905336371,10.1111/acv.12474,6,Flavio Monti; Olivier Duriez; Jean-Marie Dominici; Andrea Sforzi; Aloïs Robert; David Grémillet,Animal Conservation,IT,FR|ZA,IT|FR|ZA,3,FALSE,FALSE,FALSE
https://openalex.org/W4405400421,https://doi.org/10.1111/acv.13010,openalex,W4405400421,10.1111/acv.13010,1,Mouslim Bara,Animal Conservation,DZ,DZ,DZ,1,TRUE,TRUE,TRUE
https://openalex.org/W2144503057,https://doi.org/10.1111/conl.12182,openalex,W2144503057,10.1111/conl.12182,15,Darcy Ogada; Phil Shaw; René Beyers; Ralph Buij; Campbell Murn; Jean Marc Thiollay; Colin M. Beale; Ricardo M. Holdø; Derek Pomeroy; Neil Baker; Sonja Krüger; André Botha; Munir Z. Virani; Ara Monadjem; A. R. E. Sinclair,Conservation Letters,KE,CA,KE|GB|UG|CA|NL|FR|US|TZ|ZA,9,FALSE,FALSE,FALSE
https://openalex.org/W4404190222,https://doi.org/10.1111/conl.13067,openalex,W4404190222,10.1111/conl.13067,12,Éric Clua; C.-C. Meyer; Mark Freeman; Sandra Baksay; Hadrien Bidenbach; Anne Haguenauer; John D. C. Linnell; Clémentine Séguigne; Steven Surina; Michel Vély; Thomas Vignaud; Serge Planes,Conservation Letters,FR|IE|PF,FR|PF,FR|IE|PF|US|KN|NO|CI|JM,8,FALSE,FALSE,FALSE
https://openalex.org/W4385290138,https://doi.org/10.1111/cura.12564,openalex,W4385290138,10.1111/cura.12564,5,Amina Fellous‐Djardini; Nobuyuki Yamaguchi; Hadi Al Hikmani; B. Haddane; Simon A. Black,Curator The Museum Journal,NA,GB,CH|MY|MA|GB,4,NA,FALSE,TRUE
https://openalex.org/W1972887459,https://doi.org/10.1111/ddi.12157,openalex,W1972887459,10.1111/ddi.12157,42,Sarah M. Durant; Tim Wacher; S. Bashir; Roșie Woodroffe; Paul De Ornellas; C. Ransom; Jesse R. Newby; Teresa Abáigar; Mohanad Abdelgadir; Husam El Alqamy; Jonathan Baillie; M. Beddiaf; Farid Belbachir; Amel Belbachir-Bazi; Ali Berbash; N. E. Bemadjim; Roseline Beudels-Jamar; Luigi Boitani; Christine Breitenmoser‐Würsten; Manuel Cano; Philippe Chardonnet; Ben Collen; William A. Cornforth; Fabrice Cuzin; Peter Gerngross; B. Haddane; M. Hadjeloum; Andrew P. Jacobson; A. Jebali; François Lamarque; David Mallon; Karen Minkowski; Steven L. Monfort; B. Ndoassal; B. Niagate; Gianetta Purchase; S. Samaïla; Abdoulkarim Samna; Claudio Sillero‐Zubiri; Alaaeldin Soultan; Mark R. Stanley Price; Nathalie Pettorelli,Diversity and Distributions,GB|US,GB,GB|US|ES|SA|EG|DZ|BE|IT|CH|FR,10,FALSE,FALSE,TRUE
https://openalex.org/W2016312766,https://doi.org/10.1111/ddi.12317,openalex,W2016312766,10.1111/ddi.12317,13,Kimberley L. Stokes; Annette C. Broderick; Ali Fuat Canbolat; Onur Candan; Wayne J. Fuller; Fiona Glen; Yaniv Levy; Alan F. Rees; Gil Rilov; Robin Snape; Iain Stott; Dan Tchernov; Brendan J. Godley,Diversity and Distributions,GB,GB,GB|TR|CY|IL|GR|IN,6,FALSE,FALSE,FALSE
https://openalex.org/W2316595866,https://doi.org/10.1111/ddi.12440,openalex,W2316595866,10.1111/ddi.12440,7,Robin Snape; Annette C. Broderick; Burak Ali Çi̇çek; Wayne J. Fuller; Fiona Glen; Kimberley L. Stokes; Brendan J. Godley,Diversity and Distributions,GB,GB,GB|CY,2,FALSE,FALSE,FALSE
https://openalex.org/W2334098974,https://doi.org/10.1111/jai.13061,openalex,W2334098974,10.1111/jai.13061,3,Béchir Saïdi; Samira Enajjar; Mohamed Nejmeddine Bradaï,Journal of Applied Ichthyology,TN,TN,TN,1,TRUE,TRUE,TRUE
https://openalex.org/W3172003661,https://doi.org/10.11160/bah.183,openalex,W3172003661,10.11160/bah.183,2,Nawal Hichami; Mohammed Znari,Basic and Applied Herpetology,MA,MA,MA,1,TRUE,TRUE,TRUE
https://openalex.org/W3126146416,https://doi.org/10.1126/science.abg1943,openalex,W3126146416,10.1126/science.abg1943,4,Marco Milazzo; Carlo Cattano; Sara Al Mabruk; Ioannis Giovos,Science,IT,GR,IT|LY|GR,3,FALSE,FALSE,TRUE
https://openalex.org/W2301751969,https://doi.org/10.1186/s40409-016-0065-8,openalex,W2301751969,10.1186/s40409-016-0065-8,7,Fouad Chafiq; Faiçal El Hattimy; Naïma Rhalem; Jean‐Philippe Chippaux; Abdelmajid Soulaymani; A. Mokhtari; Rachida Soulaymani Bencheikh,The Journal of venomous animals and toxins including tropical diseases,MA,MA,MA|BJ|FR,3,TRUE,TRUE,TRUE
https://openalex.org/W4402276370,https://doi.org/10.1201/9781003477518-2,openalex,W4402276370,10.1201/9781003477518-2,5,Marie Petitguyot; Giovanni Bearzi; Youri van den Hurk; Marisa Tejedor Fuentes; Graham J. Pierce,NA,NA,NA,NA,0,NA,NA,NA
https://openalex.org/W3169892409,https://doi.org/10.1201/9781351023627-12,openalex,W3169892409,10.1201/9781351023627-12,4,Evgeny A. Bragin; Márton Horváth; Sharon A. Poessel; Todd E. Katzner,NA,NA,NA,NA,0,NA,NA,NA
https://openalex.org/W1993434971,https://doi.org/10.12681/mms.180,openalex,W1993434971,10.12681/mms.180,2,N. Streftaris; Argyro Zenetos,Mediterranean Marine Science,GR,GR,GR,1,FALSE,FALSE,FALSE
https://openalex.org/W2969783162,https://doi.org/10.12681/mms.18862,openalex,W2969783162,10.12681/mms.18862,6,Béchir Saïdi; Samira Enajjar; Sami Karaa; Khaled Echwikhi; Imed Jribi; Mohamed Nejmeddine Bradaï,Mediterranean Marine Science,TN,TN,TN|CM,2,TRUE,TRUE,TRUE
https://openalex.org/W4365151733,https://doi.org/10.12681/mms.27483,openalex,W4365151733,10.12681/mms.27483,3,Béchir Saïdi; SAMIRA ENAJJAR; Mohamed Nejmeddine Bradaï,Mediterranean Marine Science,TN,TN,TN,1,TRUE,TRUE,TRUE
https://openalex.org/W2131901272,https://doi.org/10.12933/therya-15-244,openalex,W2131901272,10.12933/therya-15-244,2,Jennifer A. Guyton; Cara E. Brook,Therya,US,US,US,1,FALSE,FALSE,FALSE
https://openalex.org/W2528835440,https://doi.org/10.13140/rg.2.2.28830.15685,openalex,W2528835440,10.13140/rg.2.2.28830.15685,1,Maddalena Fumagalli,Otago University Research Archive (University of Otago),NA,NA,NA,0,NA,NA,NA
https://openalex.org/W4384820034,https://doi.org/10.1371/journal.pntd.0011431,openalex,W4384820034,10.1371/journal.pntd.0011431,9,Jairo Alfonso Mendoza‐Roldan; Viviane Noll Louzada-Flores; Nouha Lekouch; Intissar Khouchfi; Giada Annoscia; Andrea Zatelli; Frédéric Beugnet; Julia Walochnik; Domenico Otranto,PLoS neglected tropical diseases,IT,IR|IT,IT|MA|FR|AT|IR,5,FALSE,FALSE,TRUE
https://openalex.org/W4401165658,https://doi.org/10.1371/journal.pntd.0012200,openalex,W4401165658,10.1371/journal.pntd.0012200,3,Ali Alshalah; David J. Williams; Alessandra Ferrario,PLoS neglected tropical diseases,EG,EG,EG|CH,2,TRUE,TRUE,TRUE
https://openalex.org/W2017504858,https://doi.org/10.1371/journal.pone.0000208,openalex,W2017504858,10.1371/journal.pone.0000208,2,Gidske L. Andersen; Knut Krzywinski,PLoS ONE,NO,NO,NO,1,FALSE,FALSE,FALSE
https://openalex.org/W2161217137,https://doi.org/10.1371/journal.pone.0004826,openalex,W2161217137,10.1371/journal.pone.0004826,5,José Manuel Igual; Giacomo Tavecchia; Stéphanie Jenouvrier; Manuela G. Forero; Daniel Oró,PLoS ONE,NA,NA,US|ES,2,NA,NA,FALSE
https://openalex.org/W2088965171,https://doi.org/10.1371/journal.pone.0060174,openalex,W2088965171,10.1371/journal.pone.0060174,4,Simon A. Black; Amina Fellous; Nobuyuki Yamaguchi; David L. Roberts,PLoS ONE,GB,GB,GB|QA,2,FALSE,FALSE,FALSE
https://openalex.org/W2134692257,https://doi.org/10.1371/journal.pone.0071200,openalex,W2134692257,10.1371/journal.pone.0071200,4,Thomas A. Schlacher; Michael A. Weston; David Lynn; Rod M. Connolly,PLoS ONE,AU,AU,AU,1,FALSE,FALSE,FALSE
https://openalex.org/W1998876562,https://doi.org/10.1371/journal.pone.0118596,openalex,W1998876562,10.1371/journal.pone.0118596,4,Yasmina Maibeche; Aïssa Moali; Nassima Yahi; Nelly Ménard,PLoS ONE,DZ,FR,DZ|FR,2,TRUE,FALSE,TRUE
https://openalex.org/W2801429878,https://doi.org/10.1371/journal.pone.0196044,openalex,W2801429878,10.1371/journal.pone.0196044,5,Helena Tauler‐Ametller; Antonio Hernández‐Matías; Francesc Parés; Joan Lluís Pretus; Joan Real,PLoS ONE,ES,ES,ES,1,FALSE,FALSE,FALSE
https://openalex.org/W4367042407,https://doi.org/10.1371/journal.pone.0283882,openalex,W4367042407,10.1371/journal.pone.0283882,2,Bruno D. Suárez‐Tangil; Álvaro Luna,PLoS ONE,ES,ES,ES,1,FALSE,FALSE,FALSE
https://openalex.org/W4406918266,https://doi.org/10.14202/vetworld.2025.189-201,openalex,W4406918266,10.14202/vetworld.2025.189-201,7,Mounira Bensalem; Amina Amrani; Hadjer Zaidi; Sedrati Fateh; Omar Laouar; Zhi Wang; Hichèm Nasri,Veterinary World,DZ,DZ,DZ|SA|CN,3,TRUE,TRUE,TRUE
https://openalex.org/W4200213882,https://doi.org/10.1515/9783839457931-008,openalex,W4200213882,10.1515/9783839457931-008,6,Daniel Hale; Suelette Dreyfus; Naomi Colvin; Anna Myers; Delphine Halgand-Mishra; Barrett Brown,transcript Verlag eBooks,NA,NA,NA,0,NA,NA,NA
https://openalex.org/W2785533475,https://doi.org/10.15406/ijawb.2018.03.00049,openalex,W2785533475,10.15406/ijawb.2018.03.00049,1,Mohammed Znari,International Journal of Avian & Wildlife Biology,MA,MA,MA,1,TRUE,TRUE,TRUE
https://openalex.org/W4391378766,https://doi.org/10.15421/012358,openalex,W4391378766,10.15421/012358,5,D. Sakraoui; N. Ziane; R. Ghalem; Mehdi Boukheroufa; W. Habbachi,Biosystems Diversity,AF|DZ,AF|DZ,AF|DZ,2,TRUE,TRUE,TRUE
https://openalex.org/W4407107407,https://doi.org/10.15666/aeer/2301_13471363,openalex,W4407107407,10.15666/aeer/2301_13471363,3,Amina Tania Dahel; S. FERROUDJ; Mohamed Faouzi Samar,Applied Ecology and Environmental Research,NA,NA,NA,0,NA,NA,NA
https://openalex.org/W3165463768,https://doi.org/10.16995/jer.85,openalex,W3165463768,10.16995/jer.85,1,Rania Lee Khalil,Journal of Embodied Research,AL|FI|US,AL|FI|US,AL|FI|US,3,FALSE,FALSE,FALSE
https://openalex.org/W4319032897,https://doi.org/10.17161/eurojecol.v8i2.16246,openalex,W4319032897,10.17161/eurojecol.v8i2.16246,3,Abderrazak El Alami; Els van Lavieren; Abderrahman Chait,European Journal of Ecology,MA,MA,MA|NL,2,TRUE,TRUE,TRUE
https://openalex.org/W2992131427,https://doi.org/10.17352/atte.000004,openalex,W2992131427,10.17352/atte.000004,7,Naoual Oukkache; Eljaoudi Rachid; Sébastien Larréché; Salma Chakir; q Fouad Chafi; Abdelaziz Hmyene; Mion Georges,Advances in Toxicology and Toxic Effects,MA,FR,MA|FR,2,TRUE,FALSE,TRUE
https://openalex.org/W1540840170,https://doi.org/10.18174/16352,openalex,W1540840170,10.18174/16352,1,Jeroen Warner,NA,NL,NL,NL,1,FALSE,FALSE,FALSE
https://openalex.org/W3129957199,https://doi.org/10.18174/535131,openalex,W3129957199,10.18174/535131,1,Wim C. Mullié,NA,JP|NL,JP|NL,JP|NL,2,FALSE,FALSE,FALSE
https://openalex.org/W4237097071,https://doi.org/10.18174/544693,openalex,W4237097071,10.18174/544693,1,Jasper A.J. Eikelboom,NA,NL,NL,NL,1,FALSE,FALSE,FALSE
https://openalex.org/W3196770489,https://doi.org/10.18535/raj/v4i09.02,openalex,W3196770489,10.18535/raj/v4i09.02,4,Ahmed A. A.Elrawy; Nashaat Mahmoud; Saudi A. S. Baghdadi; Abd El-Aleem Saad Soliman Desoky,Research and Analysis Journal,EG,EG,EG,1,TRUE,TRUE,TRUE
https://openalex.org/W4307710763,https://doi.org/10.18805/ijare.af-743,openalex,W4307710763,10.18805/ijare.af-743,3,Ahmed Rizk; H. Ahmed; M. El-Bakhshawngi,Indian Journal of Agricultural Research,EG,EG,EG,1,TRUE,TRUE,TRUE
https://openalex.org/W3039198569,https://doi.org/10.19080/ijesnr.2018.13.555856,openalex,W3039198569,10.19080/ijesnr.2018.13.555856,1,Jeremiah Chakuya,International Journal of Environmental Sciences & Natural Resources,ZW,ZW,ZW,1,FALSE,FALSE,FALSE
https://openalex.org/W7125499556,https://doi.org/10.20302/nc.2025.35.6,openalex,W7125499556,10.20302/nc.2025.35.6,5,Lamia Bensaâd-Bendjedid; Raouf Zaidi; Lamia Boutabia; Samir Rouidi; Salah Telailia,University of Zagreb University Computing Centre (SRCE),NA,NA,NA,0,NA,NA,NA
https://openalex.org/W4242830021,https://doi.org/10.20944/preprints202102.0145.v3,openalex,W4242830021,10.20944/preprints202102.0145.v3,3,Ila France Porcher; B.W. Darvell; Iris Ziegler,Preprints.org,GB,GB,GB,1,FALSE,FALSE,FALSE
https://openalex.org/W4206431590,https://doi.org/10.20944/preprints202102.0145.v4,openalex,W4206431590,10.20944/preprints202102.0145.v4,2,Ila France Porcher; B.W. Darvell,Preprints.org,GB,GB,GB,1,FALSE,FALSE,FALSE
https://openalex.org/W4399241889,https://doi.org/10.20944/preprints202405.2055.v1,openalex,W4399241889,10.20944/preprints202405.2055.v1,3,François Poisson; Jim R. Ellis; Sophy R. McCully Phillips,Preprints.org,FR,GB,FR|GB,2,FALSE,FALSE,FALSE
https://openalex.org/W4401129331,https://doi.org/10.20944/preprints202407.2113.v1,openalex,W4401129331,10.20944/preprints202407.2113.v1,6,Wiem Boussellaa; Mohamed Nejmeddine Bradaï; Hamed Mallat; Samira Enajjar; Béchir Saïdi; Imed Jribi,Preprints.org,IT,TN,IT|US|TN,3,FALSE,TRUE,TRUE
https://openalex.org/W4382049684,https://doi.org/10.21203/rs.3.rs-3063601/v1,openalex,W4382049684,10.21203/rs.3.rs-3063601/v1,5,Mohamed Keznine; Ioannis Giovos; Bilal Mghili; Sara Al Mabruk; Mustapha Aksissou,Research Square,MA,MA,MA|LY,2,TRUE,TRUE,TRUE
https://openalex.org/W4235674053,https://doi.org/10.21474/ijar01/13428,openalex,W4235674053,10.21474/ijar01/13428,10,Departement Anesthesie Reanimation Hopital Ibn Tofail CHU Mohammed VI Marrakech.; N. Tajellijiti; H. Errifaiy; Departement Anesthesie Reanimation Hopital Ibn Tofail CHU Mohammed VI Marrakech.; N. Boukoub; Departement Anesthesie Reanimation Hopital Ibn Tofail CHU Mohammed VI Marrakech.; Y. Elouardi; Departement Anesthesie Reanimation Hopital Ibn Tofail CHU Mohammed VI Marrakech.; M. Khallouki; Departement Anesthesie Reanimation Hopital Ibn Tofail CHU Mohammed VI Marrakech.,International Journal of Advanced Research,NA,NA,NA,0,NA,NA,NA
https://openalex.org/W3183573263,https://doi.org/10.21608/aasj.2021.65638.1057,openalex,W3183573263,10.21608/aasj.2021.65638.1057,4,Ahmed A. A. Elrawy; N. Mahmoud; S. Baghdadi; A. Desoky,Archives of Agriculture Sciences Journal/Archives of Agriculture Sciences Journal ,EG,EG,EG,1,TRUE,TRUE,TRUE
https://openalex.org/W4294096698,https://doi.org/10.21608/ajar.2022.255498,openalex,W4294096698,10.21608/ajar.2022.255498,3,Mahmoud Saad Elsawy; M. Mohafez; M. A. El- Danasory,Al-Azhar Journal of Agricultural Research,EG,EG,EG,1,TRUE,TRUE,TRUE
https://openalex.org/W3108985652,https://doi.org/10.21608/aujes.2020.124535,openalex,W3108985652,10.21608/aujes.2020.124535,3,Magdi Ali; Mohamed S. El-Kattan; Yasmine A. M. Hassan,Aswan University Journal of Environmental Studies,EG,EG,EG,1,TRUE,TRUE,TRUE
https://openalex.org/W3164722733,https://doi.org/10.21608/aujes.2021.65951.1013,openalex,W3164722733,10.21608/aujes.2021.65951.1013,1,Abdelwahab A. Afefe,Aswan University Journal of Environmental Studies,NA,NA,NA,0,NA,NA,NA
https://openalex.org/W4292236166,https://doi.org/10.21608/cat.2022.147050.1134,openalex,W4292236166,10.21608/cat.2022.147050.1134,4,Ayman Hamada; Osama El-Gebaly; Mohamed El Khayat; Saber Riad,Catrina The International Journal of Environmental Sciences,EG,EG,EG,1,TRUE,TRUE,TRUE
https://openalex.org/W3119471733,https://doi.org/10.21608/djs.2013.139625,openalex,W3119471733,10.21608/djs.2013.139625,1,Wafaa S. Sallam,Delta Journal of Science,EG,EG,EG,1,TRUE,TRUE,TRUE
https://openalex.org/W4395694977,https://doi.org/10.21608/eajbsf.2024.351179,openalex,W4395694977,10.21608/eajbsf.2024.351179,3,Abdulkarim Mohammad; Aqeeleh Ali; Mohsen Chammemm,Egyptian Academic Journal of Biological Sciences F Toxicology & Pest Control,LY,TN,LY|TN,2,TRUE,TRUE,TRUE
https://openalex.org/W3090749294,https://doi.org/10.21608/ejabf.2020.116577,openalex,W3090749294,10.21608/ejabf.2020.116577,4,Ashraf Y. El‐Dakar; Salah M. Aly; Attia El-Aiatt; Ahmed Al-Beak,Egyptian Journal of Aquatic Biology and Fisheries,EG,EG,EG,1,TRUE,TRUE,TRUE
https://openalex.org/W3134637697,https://doi.org/10.21608/ejabf.2021.149307,openalex,W3134637697,10.21608/ejabf.2021.149307,4,Aldoushy Mahdy; Ahmed Ghallab; Hashem A. Madkour; Alaa G. M. Osman,Egyptian Journal of Aquatic Biology and Fisheries,EG,EG,EG,1,TRUE,TRUE,TRUE
https://openalex.org/W4224103651,https://doi.org/10.21608/ejabf.2022.228714,openalex,W4224103651,10.21608/ejabf.2022.228714,1,Mohamed Keznine,Egyptian Journal of Aquatic Biology and Fisheries,MA,MA,MA,1,TRUE,TRUE,TRUE
https://openalex.org/W4303646489,https://doi.org/10.21608/ejabf.2022.264477,openalex,W4303646489,10.21608/ejabf.2022.264477,1,Mohammed G. Desouky et al.,Egyptian Journal of Aquatic Biology and Fisheries,NA,NA,NA,0,NA,NA,NA
https://openalex.org/W4303646466,https://doi.org/10.21608/ejabf.2022.264541,openalex,W4303646466,10.21608/ejabf.2022.264541,1,Khaled M. El-Haddad et al.,Egyptian Journal of Aquatic Biology and Fisheries,NA,NA,NA,0,NA,NA,NA
https://openalex.org/W4310824678,https://doi.org/10.21608/ejabf.2022.271078,openalex,W4310824678,10.21608/ejabf.2022.271078,1,Abdelhamid Kaddouri,Egyptian Journal of Aquatic Biology and Fisheries,MA,MA,MA,1,TRUE,TRUE,TRUE
https://openalex.org/W4361010327,https://doi.org/10.21608/ejabf.2023.292280,openalex,W4361010327,10.21608/ejabf.2023.292280,1,Asmaa A. A. Ahmed et al.,Egyptian Journal of Aquatic Biology and Fisheries,EG,EG,EG,1,TRUE,TRUE,TRUE
https://openalex.org/W7114772952,https://doi.org/10.21608/ejabf.2025.356503.5314,openalex,W7114772952,10.21608/ejabf.2025.356503.5314,5,Hadia Rizi; Karim Loucif; Ines Houhamdi; Affef BAALOUDJ; Moussa Houhamdi,Egyptian Journal of Aquatic Biology and Fisheries,US,DZ,US|DZ,2,FALSE,TRUE,TRUE
https://openalex.org/W4416845933,https://doi.org/10.21608/ejabf.2025.437909.6913,openalex,W4416845933,10.21608/ejabf.2025.437909.6913,6,Fatima Zahra Hamiche; Abdelhamid Kaddouri; Zakariaa Taoufik; Mounia Touaf; Youssef Ahannach; Mustapha Aksissou,Egyptian Journal of Aquatic Biology and Fisheries,MA,MA,MA,1,TRUE,TRUE,TRUE
https://openalex.org/W4412859634,https://doi.org/10.21608/ejabf.2025.443737,openalex,W4412859634,10.21608/ejabf.2025.443737,1,Ahannach et al.,Egyptian Journal of Aquatic Biology and Fisheries,NA,NA,NA,0,NA,NA,NA
https://openalex.org/W3121622394,https://doi.org/10.21608/ejar.2018.142667,openalex,W3121622394,10.21608/ejar.2018.142667,3,HANI A AHMED; M. Issa; YONES A. EISA,Egyptian Journal of Agricultural Research,EG,EG,EG,1,TRUE,TRUE,TRUE
https://openalex.org/W3003427061,https://doi.org/10.21608/ejar.2019.68569,openalex,W3003427061,10.21608/ejar.2019.68569,3,Hany AHMED; Y. A. Eisa; Ahmed Rizk,Egyptian Journal of Agricultural Research,NA,EG,EG,1,NA,TRUE,TRUE
https://openalex.org/W2981571986,https://doi.org/10.21608/ejdr.2019.12939.1028,openalex,W2981571986,10.21608/ejdr.2019.12939.1028,2,Eman Mohallal Hamed; Hany Ahmed,Egyptian Journal of Desert Research,EG,EG,EG,1,TRUE,TRUE,TRUE
https://openalex.org/W3134709212,https://doi.org/10.21608/ijhth.2020.154143,openalex,W3134709212,10.21608/ijhth.2020.154143,1,Walaa Abdelhakim,"International Journal of Heritage, Tourism, and Hospitality",EG,EG,EG,1,TRUE,TRUE,TRUE
https://openalex.org/W4378554658,https://doi.org/10.21608/jaauth.2023.197185.1429,openalex,W4378554658,10.21608/jaauth.2023.197185.1429,3,Usama Basiony; Zaki Abou Rfaeii; Asmaa Shogaa,Journal of Association of Arab Universities for Tourism and Hospitality,AU,HR,AU|HR,2,FALSE,FALSE,FALSE
https://openalex.org/W4392625107,https://doi.org/10.21608/javs.2024.262508.1308,openalex,W4392625107,10.21608/javs.2024.262508.1308,1,Alaa Eldin Eissa,Journal of Applied Veterinary Sciences/Journal of Applied Veterinary Sciences ,EG,EG,EG,1,TRUE,TRUE,TRUE
https://openalex.org/W4405163001,https://doi.org/10.21608/jpfs.2024.280949.1015,openalex,W4405163001,10.21608/jpfs.2024.280949.1015,1,Mohamed A. Habib,Journal of Plant and Food Sciences,EG,EG,EG,1,TRUE,TRUE,TRUE
https://openalex.org/W3024115241,https://doi.org/10.21608/jppp.2014.87978,openalex,W3024115241,10.21608/jppp.2014.87978,2,Kamal Bazazo; Rania Mashaal,Journal of Plant Protection and Pathology /Journal of Plant Protection and Pathology,NA,EG,EG,1,NA,TRUE,TRUE
https://openalex.org/W2976496276,https://doi.org/10.21608/zjar.2018.48571,openalex,W2976496276,10.21608/zjar.2018.48571,2,M. Issa; M. El-Bakhshawngi,Zagazig Journal of Agricultural Research,EG,EG,EG,1,TRUE,TRUE,TRUE
https://openalex.org/W4407867762,https://doi.org/10.22268/ajpp-001281,openalex,W4407867762,10.22268/ajpp-001281,5,M. Salama; Muhammad Aamir; Ahmed Farag; M. Issa; M. Hendawy,Arab Journal Of Plant Protection,EG,EG,EG|TW,2,TRUE,TRUE,TRUE
https://openalex.org/W4362683912,https://doi.org/10.22271/j.ento.2023.v11.i1a.9147,openalex,W4362683912,10.22271/j.ento.2023.v11.i1a.9147,3,Mona A. Ali; Doaa A Abou El Atta; M. A. Ayyad,Journal of Entomology and Zoology Studies,EG,EG,EG,1,TRUE,TRUE,TRUE
https://openalex.org/W4205402711,https://doi.org/10.24214/jcbps.b.11.1.13751,openalex,W4205402711,10.24214/jcbps.b.11.1.13751,NA,NA,NA,NA,NA,NA,NA,NA,NA,NA
https://openalex.org/W4406218147,https://doi.org/10.24425/jppr.2024.151820,openalex,W4406218147,10.24425/jppr.2024.151820,4,Achraf Charkaoui; Rachid Jbilou; Houssam Annaz; Kacem Rharrabe,Journal of Plant Protection Research,MA,MA,MA,1,TRUE,TRUE,TRUE
https://openalex.org/W7164761189,https://doi.org/10.26202/sylwan.2026025,openalex,W7164761189,10.26202/sylwan.2026025,3,Wojciech Lipa; Laura Iacolina; Artur Dzialuk,Polskie Towarzystwo Leśne,PL|US,PL|US,PL|US|IT,3,FALSE,FALSE,FALSE
https://openalex.org/W7125912476,https://doi.org/10.26480/gws.02.2025.53.57,openalex,W7125912476,10.26480/gws.02.2025.53.57,1,M. P Gadekar,Science Heritage Journal,IN,IN,IN,1,FALSE,FALSE,FALSE
https://openalex.org/W2341829960,https://doi.org/10.26515/rzsi/v110/i1/2010/158969,openalex,W2341829960,10.26515/rzsi/v110/i1/2010/158969,1,Rina Chakraborty,Records of the Zoological Survey of India,NA,NA,NA,0,NA,NA,NA
https://openalex.org/W4393069821,https://doi.org/10.2989/1814232x.2024.2310528,openalex,W4393069821,10.2989/1814232x.2024.2310528,5,Mohamed Keznine; Bilal Mghili; Hesham Awadh; Mohamed Analla; Mustapha Aksissou,African Journal of Marine Science,MA,MA,MA,1,TRUE,TRUE,TRUE
https://openalex.org/W4281756481,https://doi.org/10.3126/josem.v1i2.45346,openalex,W4281756481,10.3126/josem.v1i2.45346,3,Mohamed Rida Derdabi; Mustapha Aksissou; Ihssane Toujgani,Journal of sustainability and environmental management,MA,MA,MA,1,TRUE,TRUE,TRUE
https://openalex.org/W4382645742,https://doi.org/10.31396/biodiv.jour.2023.14.2.385.390,openalex,W4382645742,10.31396/biodiv.jour.2023.14.2.385.390,4,Yasmina Belkacem; Karima Soumani; Nassima Belhouchet; Lahcène Taouchechet,BIODIVERSITY JOURNAL,NA,NA,NA,0,NA,NA,NA
https://openalex.org/W4387645544,https://doi.org/10.31396/biodiv.jour.2023.14.3.459.480,openalex,W4387645544,10.31396/biodiv.jour.2023.14.3.459.480,10,Esmail Shakman; Aisha Siafenasar; Khaled Etayeb; Ali Shefern; Abdalaha Elmgwashi; Mohamed Al Hajaji; Nauroz bek Benghazi; Abdalha ben Abdalha; Mehdi Aïssi; Fabrizio Serena,BIODIVERSITY JOURNAL,LY,IT,LY|MV|TZ|IT,4,TRUE,FALSE,TRUE
https://openalex.org/W2338260637,https://doi.org/10.3354/esr00714,openalex,W2338260637,10.3354/esr00714,2,Paolo Casale; SS Heppell,Endangered Species Research,GB|IT,US,GB|IT|US,3,FALSE,FALSE,FALSE
https://openalex.org/W2159155195,https://doi.org/10.3354/meps08443,openalex,W2159155195,10.3354/meps08443,3,Lyne Morissette; Kristin Kaschner; Leah R. Gerber,Marine Ecology Progress Series,CA|US,US,CA|US|DE,3,FALSE,FALSE,FALSE
https://openalex.org/W2020587463,https://doi.org/10.3354/meps10411,openalex,W2020587463,10.3354/meps10411,3,Irene Álvarez de Quevedo; M. San Félix; Luís Cardona,Marine Ecology Progress Series,ES,ES,ES,1,FALSE,FALSE,FALSE
https://openalex.org/W3196772912,https://doi.org/10.33745/ijzi.2021.v07i01.017,openalex,W3196772912,10.33745/ijzi.2021.v07i01.017,5,Ait Baamrane Moulay Abdeljalil; Mohammed Znari; el Said; Siham Bellout; Naimi Mohamed,International Journal of Zoological Investigations,MA,MA,MA,1,TRUE,TRUE,TRUE
https://openalex.org/W7165652291,https://doi.org/10.3389/fcosc.2026.1854789,openalex,W7165652291,10.3389/fcosc.2026.1854789,3,Mohamed A. Ezat; Frank van Langevelde; Marc Naguib,Frontiers in Conservation Science,EG|NL,NL,EG|NL,2,TRUE,FALSE,TRUE
https://openalex.org/W3017956184,https://doi.org/10.3389/fenvs.2020.00037,openalex,W3017956184,10.3389/fenvs.2020.00037,6,Badr El Mahrad; Samuel Abalansa; Alice Newton; John Icely; Maria Snoussi; Ilias Kacimi,Frontiers in Environmental Science,MA|PT,MA,MA|PT|NO,3,TRUE,TRUE,TRUE
https://openalex.org/W4303021564,https://doi.org/10.3389/fenvs.2022.896703,openalex,W4303021564,10.3389/fenvs.2022.896703,6,Mario Kirchhoff; Irene Marzolff; Robin Stephan; Manuel Seeger; Ali Aït Hssaïne; Johannes B. Ries,Frontiers in Environmental Science,DE,DE,DE|MA,2,FALSE,FALSE,TRUE
https://openalex.org/W2594633798,https://doi.org/10.3389/fmars.2017.00059,openalex,W2594633798,10.3389/fmars.2017.00059,8,Elizabeth R. Hawkins; Robert Harcourt; Lars Bejder; Lyndon Brooks; Alana Grech; Fredrik Christiansen; Helene Marsh; Peter L. Harrison,Frontiers in Marine Science,AU,AU,AU,1,FALSE,FALSE,FALSE
https://openalex.org/W4402784425,https://doi.org/10.3389/fmars.2024.1411033,openalex,W4402784425,10.3389/fmars.2024.1411033,19,Daniel Li Veli; José Carlos Báez Barrionuevo; Giada Bargione; Giulio Barone; Marouene Bdioui; Pierluigi Carbonara; Reda M. Fahim; Maria Cristina Follesa; Gökhan Gökçe; Hatem H. Mahmoud; Alessandro Ligas; Mohammed Malouli Idrissi; Giulia Moramarco; Marina Panayotova; Andrea Petetta; Jacques Sacchi; Konstantinos Tsagarakis; Massimo Virgili; Alessandro Lucchetti,Frontiers in Marine Science,IT,IT,IT|CL|ES|TN|EG|TR|US|BG|FR|GR,10,FALSE,FALSE,TRUE
https://openalex.org/W7154112871,https://doi.org/10.3389/fmars.2026.1748819,openalex,W7154112871,10.3389/fmars.2026.1748819,10,Anna Maria M. Anastasiou; Stamatia Christaki; Konstantinos Feidantsis; Ioannis Georgoulis; Dimitrios K. Papadopoulos; Maria V. Alvanou; A. Apostolidis; Ioannis Mourtzinos; Maria C. Giannakourou; Ioannis A. Giantsis,Frontiers in Marine Science,GR,GR,GR|ZM,2,FALSE,FALSE,FALSE
https://openalex.org/W4391690017,https://doi.org/10.3389/frish.2024.1354791,openalex,W4391690017,10.3389/frish.2024.1354791,8,Laura Carugati; Alice Cappelletti; Riccardo Melis; Simone Di Crescenzo; Andrea Bellodi; Anna Soler‐Membrives; Maria Cristina Follesa; Rita Cannas,Frontiers in Fish Science,IT,IT,IT|ES,2,FALSE,FALSE,FALSE
https://openalex.org/W2620939781,https://doi.org/10.3389/fvets.2017.00078,openalex,W2620939781,10.3389/fvets.2017.00078,7,Sami Darkaoui; Florence Cliquet; Marine Wasniewski; Emmanuelle Robardet; Nadia Aboulfidaa; Mohammed Bouslikhane; Ouafaa Fassi-Fihri,Frontiers in Veterinary Science,MA,MA,MA|BE|FR,3,TRUE,TRUE,TRUE
https://openalex.org/W3200123832,https://doi.org/10.3390/agronomy11091856,openalex,W3200123832,10.3390/agronomy11091856,3,Gabriella J. Kietzka; Michel Lecoq; Michael J. Samways,Agronomy,ZA,ZA,ZA|FR,2,FALSE,FALSE,FALSE
https://openalex.org/W4376631244,https://doi.org/10.3390/ani13091535,openalex,W4376631244,10.3390/ani13091535,3,Maissa Louhichi; Alexandre Girard; Imed Jribi,Animals,TN,TN,TN|FR,2,TRUE,TRUE,TRUE
https://openalex.org/W4416337265,https://doi.org/10.3390/ani15223319,openalex,W4416337265,10.3390/ani15223319,6,Imane Razkallah; Sadek Atoussi; Thaís Q. Morcatty; Rabah Zebsa; Cédric Sueur; K. A. I. Nekaris,Animals,DZ,GB,DZ|GB|FR,3,TRUE,FALSE,TRUE
https://openalex.org/W7163541962,https://doi.org/10.3390/ani16111730,openalex,W7163541962,10.3390/ani16111730,4,Mahmoud M. S. Farrag; Mohamed Adel; Mennatallah M. A. El-Geddawy; Fabrizio Serena,Animals,EG,IT,EG|IT,2,TRUE,FALSE,TRUE
https://openalex.org/W4303685494,https://doi.org/10.3390/biology11101473,openalex,W4303685494,10.3390/biology11101473,4,Luca Castriota; Manuela Falautano; Teresa Maggio; Patrizia Perzia,Biology,IT,IT,IT,1,FALSE,FALSE,FALSE
https://openalex.org/W7163334447,https://doi.org/10.3390/biology15110868,openalex,W7163334447,10.3390/biology15110868,4,Manar Abdellatif; Richard Kindong; Khaled Y. AbouelFadl et al.; Siquan Tian,Biology,CN,CN,CN|EG,2,FALSE,FALSE,TRUE
https://openalex.org/W4404061647,https://doi.org/10.3390/conservation4040039,openalex,W4404061647,10.3390/conservation4040039,15,Vasileios Bontzorlos; Shlomo Cain; Yossi Leshem; Orr Spiegel; Yoav Motro; Itai Bloch; Sidi Imad Cherkaoui; Shaul Aviel; Melpo Apostolidou; Antaia Christou; Harris Nicolaou; Nikolaos Kassinis; Mansour Abu Rashid; Mary Bahdouhesh; Alexandre Roulin,Conservation,GR,CH,GR|IL|MA|CY|CH,5,FALSE,FALSE,TRUE
https://openalex.org/W4388858561,https://doi.org/10.3390/d15121159,openalex,W4388858561,10.3390/d15121159,3,Nino Pierantonio; Simone Panigada; Giancarlo Lauriano,Diversity,IT,IT,IT,1,FALSE,FALSE,FALSE
https://openalex.org/W4392545263,https://doi.org/10.3390/fishes9030104,openalex,W4392545263,10.3390/fishes9030104,6,Georgios Christidis; Stratos Batziakas; Panagiota Peristeraki; Evangelos Tzanatos; Stylianos Somarakis; George Tserpes,Fishes,GR,GR,GR,1,FALSE,FALSE,FALSE
https://openalex.org/W4399809350,https://doi.org/10.3390/fishes9060238,openalex,W4399809350,10.3390/fishes9060238,3,François Poisson; Jim R. Ellis; Sophy R. McCully Phillips,Fishes,FR,GB,FR|GB,2,FALSE,FALSE,FALSE
https://openalex.org/W3081500063,https://doi.org/10.3390/h9030092,openalex,W3081500063,10.3390/h9030092,1,Cecilia Veracini,Humanities,PT,PT,PT,1,FALSE,FALSE,FALSE
https://openalex.org/W4379411076,https://doi.org/10.3390/su15119138,openalex,W4379411076,10.3390/su15119138,7,Daniela Marzo; Iacopo Cavallini; Luisa Scaccia; Paolo Guidetti; Antonio Franco; Antonio Calò; Federico Niccolini,Sustainability,IT,IT,IT,1,FALSE,FALSE,FALSE
https://openalex.org/W4396218332,https://doi.org/10.3390/su16093713,openalex,W4396218332,10.3390/su16093713,3,Maissa Louhichi; Alexandre Girard; Imed Jribi,Sustainability,TN,TN,TN|FR,2,TRUE,TRUE,TRUE
https://openalex.org/W4402524969,https://doi.org/10.3390/su16188003,openalex,W4402524969,10.3390/su16188003,6,Wiem Boussellaa; Mohamed Nejmeddine Bradaï; Hamed Mallat; Samira Enajjar; Béchir Saïdi; Imed Jribi,Sustainability,IT,TN,IT|TN,2,FALSE,TRUE,TRUE
https://openalex.org/W4402750361,https://doi.org/10.3390/w16182685,openalex,W4402750361,10.3390/w16182685,12,Ahmed Awad Abdelhady; Mohamed Samy‐Kamal; Esam Ismail; Ali M. Hussain; Dimitra E. Gamvroula; Ahmed Ali; Mohamed S. Ahmed; Khalaf H.M. Abdel-Raheem; Hakim Saibi; Mabrouk Sami; Dimitrios Ε. Alexakis; Mahmoud M. Khalil,Water,EG,EG,EG|ES|GR|SA|CN|AE,6,TRUE,TRUE,TRUE
https://openalex.org/W2286354200,https://doi.org/10.3406/revec.1990.1999,openalex,W2286354200,10.3406/revec.1990.1999,1,André Brosset,Revue d Écologie (La Terre et La Vie),NA,NA,NA,0,NA,NA,NA
https://openalex.org/W2299960256,https://doi.org/10.3406/revec.2010.1529,openalex,W2299960256,10.3406/revec.2010.1529,3,Abdelaziz Boudjadja; Boumediène Hadj Kaddour; Henri Pauc,Revue d Écologie (La Terre et La Vie),NA,NA,NA,0,NA,NA,NA
https://openalex.org/W4390354179,https://doi.org/10.35513/21658005.2023.2.10,openalex,W4390354179,10.35513/21658005.2023.2.10,3,Djalila Rabie; Kamilia Farhi; Abdelwahab Chedad,Zoology and Ecology,DZ,DZ,DZ,1,TRUE,TRUE,TRUE
https://openalex.org/W3183479500,https://doi.org/10.36811/ijpsh.2021.110031,openalex,W3183479500,10.36811/ijpsh.2021.110031,4,Ahmed A. A. Elrawy; Nashaat Mahmoud; Saudi AS Baghdadi; Abd El-Aleem SS Desoky,NA,EG,EG,EG,1,TRUE,TRUE,TRUE
https://openalex.org/W4413435269,https://doi.org/10.36948/ijfmr.2024.v06i06.30931,openalex,W4413435269,10.36948/ijfmr.2024.v06i06.30931,2,Amani Fitori; Ali El Fituri -,International Journal For Multidisciplinary Research,US,LY|MV,US|LY|MV,3,FALSE,TRUE,TRUE
https://openalex.org/W3210000181,https://doi.org/10.37871/jbres1336,openalex,W3210000181,10.37871/jbres1336,6,Sami Mili; Rim Ennouri; Manel Fatnassi; Tahani Chargui; Hajer Zarrouk; Houcine Laouar,Journal of Biomedical Research & Environmental Sciences,TN,TN,TN,1,TRUE,TRUE,TRUE
https://openalex.org/W4399672673,https://doi.org/10.3897/aiep.54.121813,openalex,W4399672673,10.3897/aiep.54.121813,10,Gianni Insacco; Bruno Zava; Filippo Spadola; Danilo Scannella; Alan Deidun; Franco Cigala-Fulgosi; M. Valastro; Antonio Di Natale; Corrado Piccinetti; Maria Corsini-Foka,Acta Ichthyologica Et Piscatoria,IT,GR,IT|MT|GR,3,FALSE,FALSE,FALSE
https://openalex.org/W3029444820,https://doi.org/10.3897/herpetozoa.33.e48541,openalex,W3029444820,10.3897/herpetozoa.33.e48541,8,Alae Eddine Belmahi; Youcef Belmahi; Mouloud Benabdi; Amaria Latefa Bouziani; Samira Ait Darna; Yahia Bouslah; Mohamed Bendoula; Mohamed Bouderbala,Herpetozoa,DZ,DZ,DZ,1,TRUE,TRUE,TRUE
https://openalex.org/W3188375666,https://doi.org/10.3897/neobiota.67.58926,openalex,W3188375666,10.3897/neobiota.67.58926,11,Melina Kourantidou; Ross N. Cuthbert; Phillip J. Haubrock; Ana Novoa; Nigel G. Taylor; Boris Leroy; César Capinha; David Renault; Elena Angulo; Christophe Diagne; Franck Courchamp,NeoBiota,GR|US,FR,GR|US|DE|GB|CZ|FR|PT,7,FALSE,FALSE,FALSE
https://openalex.org/W1543624443,https://doi.org/10.3989/scimar.2003.67s257,openalex,W1543624443,10.3989/scimar.2003.67s257,7,John Cooper; Nicola Baccetti; Eduardo J. Belda; John J. Borg; Daniel Oró; Costas Papaconstantinou; Antonio Sánchez,Scientia Marina,ZA,AU,ZA|IT|FI|AU|US|ES|SI|GR,8,FALSE,FALSE,FALSE
https://openalex.org/W1863567874,https://doi.org/10.3989/scimar.2008.72n2337,openalex,W1863567874,10.3989/scimar.2008.72n2337,4,Imed Jribi; Khaled Echwikhi; Mohamed Nejmeddine Bradaï; Abderrhmen Bouain,Scientia Marina,TN,TN,TN|ES,2,TRUE,TRUE,TRUE
https://openalex.org/W13500458,https://doi.org/10.3989/scimar.2008.72n3541,openalex,W13500458,10.3989/scimar.2008.72n3541,5,Paolo Casale; Daniela Freggi; Paolo Gratton; Roberto Argano; Marco Oliverio,Scientia Marina,IT,IT,IT|US,2,FALSE,FALSE,FALSE
https://openalex.org/W2201706815,https://doi.org/10.4000/primatologie.2324,openalex,W2201706815,10.4000/primatologie.2324,2,Abderrazak El Alami; Abderrahman Chait,Revue de primatologie,MA,MA,MA,1,TRUE,TRUE,TRUE
https://openalex.org/W3186672508,https://doi.org/10.4060/cb5405en,openalex,W3186672508,10.4060/cb5405en,3,Giovanni Chimienti; Gianfranco D'Onghia; Francesco Mastrototaro,FAO eBooks,NA,NA,NA,0,NA,NA,NA
https://openalex.org/W2568954900,https://doi.org/10.4103/0972-4923.197609,openalex,W2568954900,10.4103/0972-4923.197609,1,Simon Pooley,Conservation and Society,GB,GB,GB,1,FALSE,FALSE,FALSE
https://openalex.org/W2155616904,https://doi.org/10.4172/2332-2543.1000102,openalex,W2155616904,10.4172/2332-2543.1000102,1,Ameer Abdulla Omar Attum,Journal of Biodiversity & Endangered Species,US,US,US,1,FALSE,FALSE,FALSE
https://openalex.org/W2808697371,https://doi.org/10.4178/epih.e2018024,openalex,W2808697371,10.4178/epih.e2018024,6,Faiçal El Hattimy; Fouad Chafiq; H. Hami; A. Mokhtari; Abdelmajid Soulaymani; Soulaymani Bencheikh Rachida,Epidemiology and Health,MA,MA,MA,1,TRUE,TRUE,TRUE
https://openalex.org/W4390757936,https://doi.org/10.4314/vulnew.v83a1.6,openalex,W4390757936,10.4314/vulnew.v83a1.6,1,Authors,Vulture News,NA,NA,NA,0,NA,NA,NA
https://openalex.org/W4382585571,https://doi.org/10.4314/vulnew.v83i.6,openalex,W4382585571,10.4314/vulnew.v83i.6,14,José Rafael Garrido; Rachid El Khamlichi; Zouhair Amhaouch; Justo Martín; Juan José Iglesias‐Lebrija; Ernesto Álvarez; Virginia Moraleda; Miguel Ferrer; Carlos Florencio; Iñigo Fajardo; José Ramón Benítez; Jesús Bautista; Helena Clavero; Catherine Numa,Vulture News,ES|KE,FR,ES|KE|FR,3,FALSE,FALSE,FALSE
https://openalex.org/W3016553572,https://doi.org/10.4324/9781315207094-30,openalex,W3016553572,10.4324/9781315207094-30,1,Daan van Uhm,NA,NA,NA,NA,0,NA,NA,NA
https://openalex.org/W4414777589,https://doi.org/10.46505/ijbi.2025.7215,openalex,W4414777589,10.46505/ijbi.2025.7215,1,Jyoti Arora,International Journal of Biological Innovations,IN,IN,IN,1,FALSE,FALSE,FALSE
https://openalex.org/W4412637076,https://doi.org/10.47278/book.hh/2025.32,openalex,W4412637076,10.47278/book.hh/2025.32,NA,NA,NA,NA,NA,NA,NA,NA,NA,NA
https://openalex.org/W4387024935,https://doi.org/10.47536/jcrm.v24i1.397,openalex,W4387024935,10.47536/jcrm.v24i1.397,4,Eva-Maria Franziska Hanninger; Jörn Selling; Katharina Heyer; Patricia Burkhardt‐Holm,The journal of cetacean research and management. Special issue,CH,CH,CH|ES,2,FALSE,FALSE,FALSE
https://openalex.org/W4391197122,https://doi.org/10.47536/jcrm.v2i1.485,openalex,W4391197122,10.47536/jcrm.v2i1.485,1,Álex Aguilar,The journal of cetacean research and management. Special issue,ES,ES,ES,1,FALSE,FALSE,FALSE
https://openalex.org/W4411617346,https://doi.org/10.51847/g9duhrt,openalex,W4411617346,10.51847/g9duhrt,6,Zeïd Alia; Djilani Ghemam Amara; Ahmed Elkhalifa Chemsa; Amar Eddoud; Karim Souttou; Makhlouf Sekour,Time to knit,DZ|US,DZ,DZ|US,2,TRUE,TRUE,TRUE
https://openalex.org/W4408823380,https://doi.org/10.5194/oos2025-1359,openalex,W4408823380,10.5194/oos2025-1359,5,Clara Monaco; Paolo Carpentieri; Anis Zarrouk; Lobna Ben Nakhala; Marta Cavallé,NA,MC,NO,MC|IT|CH|NO,4,FALSE,FALSE,FALSE
https://openalex.org/W4289548230,https://doi.org/10.5281/zenodo.1466431,openalex,W4289548230,10.5281/zenodo.1466431,4,idhalla m. El mdari m.; kaddioui a. tamsouri n.; hilmi k. nhalla h.; el hamoumi r..,Zenodo (CERN European Organization for Nuclear Research),NA,MA,MA,1,NA,TRUE,TRUE
https://openalex.org/W4288349131,https://doi.org/10.5281/zenodo.3142266,openalex,W4288349131,10.5281/zenodo.3142266,25,Ernesto Azzurro; Valerio Sbragaglia; Jacopo Cerri; Michel Bariche; Luca Bolognini; Jamila Ben Souissi; Giulio Busoni; Salvatore Coco; Chryssanthi Antoniadou; Joaquim Garrabou; Fabrizio Gianni; Fabio Grati; Jerina Kolitari; Letterio Guglielmo; Lovrence Lipej; Carlotta Mazzoldi; Nicoletta Milone; Federica Pannacciulli; Ana Pešić; Yianna Samuel-Rhoads; Luca Saponari; Jovana Tomanić; Nur Eda Topçu; Giovanni Vargiu; Paula Moschella CIESM,Zenodo (CERN European Organization for Nuclear Research),IT,MC,IT|LB|TN|GR|AL|SI|CY|ME|TR|MC,10,FALSE,FALSE,TRUE
https://openalex.org/W4286380219,https://doi.org/10.5281/zenodo.6867543,openalex,W4286380219,10.5281/zenodo.6867543,2,Manon Clairbaux; Mark Jessopp,Zenodo (CERN European Organization for Nuclear Research),IE,IE,IE,1,FALSE,FALSE,FALSE
https://openalex.org/W4301525508,https://doi.org/10.5281/zenodo.6974012,openalex,W4301525508,10.5281/zenodo.6974012,2,Manon Clairbaux; Mark Jessopp,Zenodo (CERN European Organization for Nuclear Research),IE,IE,IE,1,FALSE,FALSE,FALSE
https://openalex.org/W4303457477,https://doi.org/10.5281/zenodo.7157829,openalex,W4303457477,10.5281/zenodo.7157829,18,Elizabeth Barron; Ram Prasad Chaudhary; Sónia Maria Carvalho Ribeiro; Eric Gilman; Jaqueline Hess; Ray Hilborn; Esther Katz; Ritah Kigonya; Hicham Masski; Laura Isabel Mesa Castellanos; Penelope J. Mograbi; Prateep Kumar Nayak; Helder Lima de Queiroz; Anna Sidorovich; Renato Azevedo Matias Silvano; Yan Zeng; Chabi Djagoun; Marie-Claire Danner,Zenodo (CERN European Organization for Nuclear Research),NA,NA,NA,0,NA,NA,NA
https://openalex.org/W4309601661,https://doi.org/10.5281/zenodo.7346780,openalex,W4309601661,10.5281/zenodo.7346780,20,Ganesan Balachander; Marwa Waseem A. Halmy; Brenda Parlee; Duan Biggs; Murali Chatakonda; Andrés M. Cisneros‐Montemayor; Marie-Christine Cormier-Salem; Rajarshi Dasgupta; Shiva Devkota; Janaí­na Deane de Abreu Sá Diniz; Aisha Elfaki; Lisa Hiwasaki; Gabriela Lichtenstein; Andries Richter; Manzoor A. Shah; Patrícia Shanley; Uttam Babu Shrestha; Tien Ming Lee; Bayarbaatar Buuveibaatar; Daniel Kieling,Zenodo (CERN European Organization for Nuclear Research),NA,NA,NA,0,NA,NA,NA
https://openalex.org/W4323066251,https://doi.org/10.5281/zenodo.7695770,openalex,W4323066251,10.5281/zenodo.7695770,20,Ganesan Balachander; Marwa Waseem A. Halmy; Brenda Parlee; Duan Biggs; Murali Chatakonda; Andrés M. Cisneros‐Montemayor; Marie-Christine Cormier-Salem; Rajarshi Dasgupta; Shiva Devkota; Janaí­na Deane de Abreu Sá Diniz; Aisha Elfaki; Lisa Hiwasaki; Gabriela Lichtenstein; Andries Richter; Manzoor A. Shah; Patrícia Shanley; Uttam Babu Shrestha; Tien Ming Lee; Bayarbaatar Buuveibaatar; Daniel Kieling,Zenodo (CERN European Organization for Nuclear Research),NA,NA,NA,0,NA,NA,NA
https://openalex.org/W4415743148,https://doi.org/10.5455/ovj.2025.v15.i10.51,openalex,W4415743148,10.5455/ovj.2025.v15.i10.51,1,Imed Jribi,Open Veterinary Journal,TN,TN,TN,1,TRUE,TRUE,TRUE
https://openalex.org/W4411035654,https://doi.org/10.5455/ovj.2025.v15.i5.23,openalex,W4411035654,10.5455/ovj.2025.v15.i5.23,4,Abdulmaula Hamza; Amal Abdel-Aziz Abunaqassa; Nusaiba Adel Al-Qrew; Noura Saleh,Open Veterinary Journal,LY,LY,LY,1,TRUE,TRUE,TRUE
https://openalex.org/W7138888116,https://doi.org/10.55730/1300-0179.3256,openalex,W7138888116,10.55730/1300-0179.3256,4,Abderrazak El Alami; Abderrazzak Fattah; ilyas el alami; ZIAD EL ALAMI,TURKISH JOURNAL OF ZOOLOGY,MA,NA,MA,1,TRUE,NA,TRUE
https://openalex.org/W4411744005,https://doi.org/10.56027/joasd.192025,openalex,W4411744005,10.56027/joasd.192025,7,Aida Ghandri; Marouane Louhichi; Yamna Karssene; Yousra Zemzemi; Mohsen Jarray; Ali A. Zaidi; Mohsen Chammem,JOURNAL OF OASIS AGRICULTURE AND SUSTAINABLE DEVELOPMENT,TN,TN,TN,1,TRUE,TRUE,TRUE
https://openalex.org/W4386830300,https://doi.org/10.56279/tajoso.v9i1.123,openalex,W4386830300,10.56279/tajoso.v9i1.123,1,Nassoro Rajab Kitunda,Tanzania Journal of Sociology,TZ,TZ,TZ,1,FALSE,FALSE,FALSE
https://openalex.org/W1503887661,https://doi.org/10.5772/29701,openalex,W1503887661,10.5772/29701,2,Ahmed Sallam; Nabil El-Wakeil,InTech eBooks,EG,EG,EG,1,TRUE,TRUE,TRUE
https://openalex.org/W4407427266,https://doi.org/10.5772/intechopen.1008239,openalex,W4407427266,10.5772/intechopen.1008239,4,Mohamed Nejmeddine Bradaï; Imed Jribi; Béchir Saïdi; Samira Enajjar,IntechOpen eBooks,NA,NA,NA,0,NA,NA,NA
https://openalex.org/W4408717697,https://doi.org/10.5772/intechopen.1009504,openalex,W4408717697,10.5772/intechopen.1009504,4,Mahmoud M.S. Farrag; Ahmed A. Mustafa; Ismail M. Abdelazim; Yassein A. A. Osman,IntechOpen eBooks,NA,NA,NA,0,NA,NA,NA
https://openalex.org/W4379795531,https://doi.org/10.59660/45115,openalex,W4379795531,10.59660/45115,NA,NA,NA,NA,NA,NA,NA,NA,NA,NA
https://openalex.org/W4380050798,https://doi.org/10.59660/45125,openalex,W4380050798,10.59660/45125,2,Hesham Nasrallh Zayed keshta; Mamdouh Awad Abdelrahman Shahhat,AIN Journal,EG,EG,EG,1,TRUE,TRUE,TRUE
https://openalex.org/W7137890517,https://doi.org/10.60713/pist-201256,openalex,W7137890517,10.60713/pist-201256,2,Maissa Louhichi; Imed Jribi,Open MIND,TN,NA,TN,1,TRUE,NA,TRUE
https://openalex.org/W2206652945,https://doi.org/10.6084/m9.figshare.1613292.v2,openalex,W2206652945,10.6084/m9.figshare.1613292.v2,8,"Mohamed Amezian; Ali Irizi; Errati Abdallah; Loran Hicham; Khamlichi, Rachid El; Virginia Morandini; González, Diego García; Garrido, Jose Rafael",INDIGO (University of Illinois at Chicago),NA,NA,NA,0,NA,NA,NA
https://openalex.org/W4414984302,https://doi.org/10.61650/ajfa.v2i1.871,openalex,W4414984302,10.61650/ajfa.v2i1.871,2,Endang Sungkawati; Jamal Umali,Assyfa Journal of Farming and Agriculture,ID,AF,ID|AF,2,FALSE,FALSE,FALSE
https://openalex.org/W4406349403,https://doi.org/10.70978/cggi7445,openalex,W4406349403,10.70978/cggi7445,NA,NA,NA,NA,NA,NA,NA,NA,NA,NA
https://openalex.org/W4406692881,https://doi.org/10.70978/czwc4257,openalex,W4406692881,10.70978/czwc4257,NA,NA,NA,NA,NA,NA,NA,NA,NA,NA
https://openalex.org/W4245410401,https://doi.org/10.7176/jbah/9-13-05,openalex,W4245410401,10.7176/jbah/9-13-05,1,Taye Dobamo,Journal of Biology Agriculture and Healthcare,ET,ET,ET,1,FALSE,FALSE,FALSE
https://openalex.org/W2954627580,https://doi.org/10.7176/jnsr/9-12-04,openalex,W2954627580,10.7176/jnsr/9-12-04,1,Abera Degaga,NA,ET,ET,ET,1,FALSE,FALSE,FALSE
https://openalex.org/W2513225841,https://doi.org/10.7324/japs.2016.60822,openalex,W2513225841,10.7324/japs.2016.60822,5,Ahmed A. Nada; Ahmed Hassabo; Amina L. Mohamed; Marwa M. Mounier; Nabil Zeid,Journal of Applied Pharmaceutical Science,EG,EG,EG,1,TRUE,TRUE,TRUE
https://openalex.org/W3042821301,NA,openalex,W3042821301,NA,1,Karim Berrada,Maritime Commons The Digital Repository of World Maritime University (World Maritime University),NA,NA,NA,0,NA,NA,NA
https://openalex.org/W3131003730,NA,openalex,W3131003730,NA,1,Brendan J. Godley,Enlighten: Theses (The University of Glasgow),NA,NA,NA,0,NA,NA,NA
https://openalex.org/W7139743578,NA,openalex,W7139743578,NA,2,Kristy J. Long; Barbara A. Schroeder,University of North Texas Digital Library (University of North Texas),NA,NA,NA,0,NA,NA,NA
https://openalex.org/W2154998326,NA,openalex,W2154998326,NA,2,Sergi Tudela; Consejo Superior de Investigaciones,NA,IT,NA,IT,1,FALSE,NA,FALSE
https://openalex.org/W2556430982,NA,openalex,W2556430982,NA,2,Lily Venizelos; Max Kasparek,NA,NA,NA,NA,0,NA,NA,NA
https://openalex.org/W2502035066,NA,openalex,W2502035066,NA,3,Imed Jribi; Mohamed Nejmeddine Bradaï; Abderrhmen Bouain,Herpetological Journal,NA,NA,NA,0,NA,NA,NA
https://openalex.org/W2479764566,NA,openalex,W2479764566,NA,4,Khaled Echwikhi; Imed Jribi; Mohamed Nejmeddine Bradaï; Abderrahmen Bouaïn,Herpetological Journal,NA,NA,NA,0,NA,NA,NA
https://openalex.org/W3124911220,NA,openalex,W3124911220,NA,2,U. Rashid Sumaila; Ling Huang,RePEc: Research Papers in Economics,CA,CA,CA,1,FALSE,FALSE,FALSE
https://openalex.org/W7139462097,NA,openalex,W7139462097,NA,4,Lyne Morissette; Jenny Lynn Melgo; Kristin Kaschner; Leah Gerber,cIRcle (University of British Columbia),NA,US,US|DE,2,NA,FALSE,FALSE
https://openalex.org/W930013270,NA,openalex,W930013270,NA,2,David W. Kerstetter; Travis Moore,NSUWorks (Nova Southeastern University),NA,NA,NA,0,NA,NA,NA
https://openalex.org/W142839631,NA,openalex,W142839631,NA,1,Alan F. Rees,Open Research Exeter (University of Exeter),NA,NA,NA,0,NA,NA,NA
https://openalex.org/W2600438549,NA,openalex,W2600438549,NA,1,Annie Boek Peddicord,ResearchWorks at the University of Washington (University of Washington),NA,NA,NA,0,NA,NA,NA
https://openalex.org/W280442085,NA,openalex,W280442085,NA,1,Siân Waters,Durham e-Theses (Durham University),NA,NA,NA,0,NA,NA,NA
https://openalex.org/W2341723205,NA,openalex,W2341723205,NA,1,Olivia Norfolk,Nottingham ePrints (University of Nottingham),NA,NA,NA,0,NA,NA,NA
9052239,NA,core,NA,NA,NA,NA,NA,NA,NA,NA,NA,NA,NA,NA
312874712,NA,core,NA,NA,NA,NA,NA,NA,NA,NA,NA,NA,NA,NA
310900409,NA,core,NA,NA,NA,NA,NA,NA,NA,NA,NA,NA,NA,NA
https://openalex.org/W2788326307,NA,openalex,W2788326307,NA,1,Emna Ben Lamine,NA,FR,FR,FR,1,FALSE,FALSE,FALSE
138701980,NA,core,NA,NA,NA,NA,NA,NA,NA,NA,NA,NA,NA,NA
https://openalex.org/W2943862379,NA,openalex,W2943862379,NA,21,Reinette Biggs; Frank Kizito; Kossi Adjonou; Mukhtiar Ahmed; Ryan Blanchard; Kaera Coetzer; Collins Handa; Chris Dickens; Maike Hamann; Patrick O’Farrell; Klaus Kellner; Belinda Reyers; Frank Matose; Kassim Omar; J-F. Sonkoue; Taita Terer; Maarten P. M. Vanhove; Nadia Sitas; Brent Abrahams; Tanya Lazarova; Lucas Melchiori Pereira,City Research Online (City University London),NA,NA,NA,0,NA,NA,NA
https://openalex.org/W2908417904,NA,openalex,W2908417904,NA,1,Sarah Piwetz,OakTrust (Texas A&M University Libraries),NA,NA,NA,0,NA,NA,NA
304099714,NA,core,NA,NA,NA,NA,NA,NA,NA,NA,NA,NA,NA,NA
14327335,NA,core,NA,NA,NA,NA,NA,NA,NA,NA,NA,NA,NA,NA
https://openalex.org/W3093465490,NA,openalex,W3093465490,NA,1,Kye R. Adams,Research Online (University of Wollongong),NA,NA,NA,0,NA,NA,NA
https://openalex.org/W3037333349,NA,openalex,W3037333349,NA,1,Marina García Alfonso,Dialnet (Universidad de la Rioja),NA,NA,NA,0,NA,NA,NA
https://openalex.org/W4393365762,NA,openalex,W4393365762,NA,1,Christophe Deniau,theses.fr (ABES),FR,FR,FR,1,FALSE,FALSE,FALSE
292045994,NA,core,NA,NA,NA,NA,NA,NA,NA,NA,NA,NA,NA,NA
https://openalex.org/W7164091231,NA,openalex,W7164091231,NA,1,Pilar Sánchez Utrilla,RiuNet (Universitat Politècnica de València),NA,NA,NA,0,NA,NA,NA
https://openalex.org/W7167993435,NA,openalex,W7167993435,NA,4,Francesco Tiralongo; Alessandro Nota; Emanuele Mancini; Luigi Musco,DiRROS repository (University of Maribor),NA,NA,NA,0,NA,NA,NA
https://openalex.org/W7166600224,NA,openalex,W7166600224,NA,1,Hakan Kabasakal,DiRROS repository (University of Maribor),FR|TR,FR|TR,FR|TR,2,FALSE,FALSE,FALSE
309650787,NA,core,NA,NA,NA,NA,NA,NA,NA,NA,NA,NA,NA,NA
https://openalex.org/W2919734443,NA,openalex,W2919734443,NA,27,Emma Archer; Luthando Dziba; K. Mulongoy; Malebajoa Anicia Maoela; Michéle Walters; Reinette Biggs; Marie-Christine Cormier-Salem; F. DeClerck; Mariteuw Chimère Diaw; Amy E. Dunham; Pierre Failler; Christopher Gordon; Khaled Harhash; Robert Kasisi; Fred Kizito; Wanja Dorothy Nyingi; Nicholas Oguge; Balgis Osman-Elasha; Lindsay C. Stringer; Luis Tito de Morais; A.E. Assogbadjo; Benis N. Egoh; Marwa Waseem A. Halmy; Katja Heubach; Adelina Mensah; Laura Pereira; Nadia Sitas,City Research Online (City University London),ZA,ZA,ZA|FR|IT|US|GB|GH|IN|CA|KE|CI|BJ|EG,12,FALSE,FALSE,TRUE
