id,title,tier,study_country_single,publication_year,Tunisia,Algeria,Morocco,Libya,Egypt,quote_grounded,verified,Tunisia_named,Algeria_named,Morocco_named,Libya_named,Egypt_named,n_countries,any_country
https://openalex.org/W4386046441,Behavioral adjustments of endangered Barbary macaques (<i>Macaca sylvanus</i>) living at the edge of an agricultural landscape in Morocco,A_named_country_corroborated,Morocco,2023,FALSE,FALSE,TRUE,FALSE,FALSE,FALSE,TRUE,FALSE,FALSE,TRUE,FALSE,FALSE,1,TRUE
https://openalex.org/W2796022831,"Race, then and now: 1918 revisited",C_asserted_no_evidence,multiple North African,2018,FALSE,FALSE,FALSE,FALSE,FALSE,NA,TRUE,FALSE,FALSE,FALSE,FALSE,FALSE,0,FALSE
https://openalex.org/W2018069372,Effect of type of bait on pelagic longline fishery–loggerhead turtle interactions in the Gulf of Gabes (Tunisia),A_named_country_corroborated,Tunisia,2010,TRUE,FALSE,FALSE,FALSE,FALSE,TRUE,TRUE,TRUE,FALSE,FALSE,FALSE,TRUE,1,TRUE
https://openalex.org/W1757226906,Annual survival probabilities of juvenile loggerhead sea turtles indicate high anthropogenic impact on Mediterranean populations,B_regional_corroborated,multiple North African,2014,TRUE,FALSE,FALSE,FALSE,FALSE,TRUE,TRUE,TRUE,FALSE,FALSE,FALSE,TRUE,1,TRUE
https://openalex.org/W2981509526,"A stranding record of the short‐beaked common dolphin (<scp><i>Delphinus delphis</i></scp>) in Algerian West Coast, during 2008–2012",A_named_country_corroborated,Algeria,2019,FALSE,TRUE,FALSE,FALSE,FALSE,TRUE,TRUE,FALSE,TRUE,FALSE,FALSE,FALSE,1,TRUE
https://openalex.org/W2991073745,"Effects of fishing practice changes on pelagic shark longline captures in the Gulf of Gabes, Tunisia",B_regional_corroborated,multiple North African,2019,TRUE,FALSE,FALSE,FALSE,FALSE,TRUE,TRUE,TRUE,FALSE,FALSE,FALSE,FALSE,1,TRUE
https://openalex.org/W3133867487,The conservation of the endangered Mediterranean common dolphin (<scp><i>Delphinus delphis</i></scp>): Current knowledge and research priorities,C_asserted_no_evidence,multiple North African,2021,TRUE,TRUE,TRUE,TRUE,TRUE,TRUE,TRUE,FALSE,FALSE,FALSE,FALSE,FALSE,5,TRUE
https://openalex.org/W3215690827,"Strongly structured populations and reproductive habitat fragmentation increase the vulnerability of the Mediterranean starry ray<scp><i>Raja asterias</i></scp>(Elasmobranchii, Rajidae)",C_asserted_no_evidence,multiple North African,2021,TRUE,FALSE,FALSE,FALSE,FALSE,FALSE,TRUE,FALSE,FALSE,FALSE,FALSE,FALSE,1,TRUE
https://openalex.org/W4390771181,Identifying the foraging grounds of the new loggerhead turtle nesters in the western Mediterranean,B_regional_corroborated,multiple North African,2024,FALSE,TRUE,FALSE,FALSE,FALSE,TRUE,TRUE,FALSE,TRUE,FALSE,FALSE,TRUE,1,TRUE
https://openalex.org/W7167666335,"Assessing the Vulnerability and the Stock Status of the Bluntnose Sixgill Shark, <scp> <i>Hexanchus griseus</i> </scp> , in North‐Eastern Tunisia (Central Mediterranean) Using Data‐Limited Models",A_named_country_corroborated,Tunisia,2026,TRUE,FALSE,FALSE,FALSE,FALSE,TRUE,TRUE,TRUE,FALSE,FALSE,FALSE,TRUE,1,TRUE
https://openalex.org/W2908415939,"History of Ecological Sciences, Part 61C: Marine Biogeography, 1690s–1940s",C_asserted_no_evidence,multiple North African,2019,FALSE,FALSE,FALSE,FALSE,FALSE,NA,TRUE,FALSE,FALSE,FALSE,FALSE,FALSE,0,FALSE
https://openalex.org/W2969873458,Population ecology and the management of whale watching operations on a data‐deficient dolphin population,A_named_country_corroborated,Egypt,2019,FALSE,FALSE,FALSE,FALSE,TRUE,TRUE,TRUE,FALSE,FALSE,FALSE,FALSE,TRUE,1,TRUE
https://openalex.org/W4412190053,"Out of Sight, out of Mind? Evidence of Human‐Induced Threats in the Elusive <scp> <i>Ziphius cavirostris</i> </scp> of the Mediterranean Sea",B_regional_corroborated,multiple North African,2025,FALSE,FALSE,FALSE,FALSE,FALSE,TRUE,TRUE,TRUE,FALSE,FALSE,FALSE,FALSE,0,FALSE
https://openalex.org/W4413922878,"Nile Crocodiles in Lake Nasser, Egypt, Are Found Close to Fishermen's Camps, Indicating Potential Conflicts",A_named_country_corroborated,Egypt,2025,FALSE,FALSE,FALSE,FALSE,TRUE,TRUE,TRUE,FALSE,FALSE,FALSE,FALSE,TRUE,1,TRUE
https://openalex.org/W4416097950,Fishing shapes cetacean population density patterns in the Mediterranean basin,C_asserted_no_evidence,multiple North African,2025,TRUE,TRUE,TRUE,TRUE,TRUE,TRUE,TRUE,FALSE,FALSE,FALSE,FALSE,FALSE,5,TRUE
https://openalex.org/W7154999849,Animals and Tourism,C_asserted_no_evidence,multiple North African,2026,FALSE,FALSE,FALSE,FALSE,FALSE,NA,TRUE,FALSE,FALSE,FALSE,FALSE,FALSE,0,FALSE
https://openalex.org/W2193249342,"The Conflict Between Pteropodid Bats and Fruit Growers: Species, Legislation and Mitigation",C_asserted_no_evidence,multiple North African,2015,FALSE,FALSE,FALSE,FALSE,FALSE,NA,TRUE,FALSE,FALSE,FALSE,FALSE,FALSE,0,FALSE
https://openalex.org/W2899931711,Communicating for conservation: circumventing conflict with communities over domestic dog ownership in north Morocco,A_named_country_corroborated,Morocco,2018,FALSE,FALSE,TRUE,FALSE,FALSE,TRUE,TRUE,FALSE,FALSE,TRUE,FALSE,FALSE,1,TRUE
https://openalex.org/W4220771849,Human pressures constrain Eurasian otter occurrence in semiarid Northern Africa,B_regional_corroborated,multiple North African,2022,FALSE,FALSE,TRUE,FALSE,FALSE,TRUE,TRUE,FALSE,FALSE,TRUE,FALSE,FALSE,1,TRUE
https://openalex.org/W2562670914,Biosocial Conservation: Integrating Biological and Ethnographic Methods to Study Human–Primate Interactions,B_regional_corroborated,multiple North African,2016,FALSE,FALSE,TRUE,FALSE,FALSE,TRUE,TRUE,FALSE,FALSE,TRUE,FALSE,FALSE,1,TRUE
https://openalex.org/W2943305201,Interpreting People’s Behavior Toward Primates Using Qualitative Data: a Case Study from North Morocco,A_named_country_corroborated,Morocco,2019,FALSE,FALSE,TRUE,FALSE,FALSE,TRUE,TRUE,FALSE,FALSE,TRUE,FALSE,FALSE,1,TRUE
https://openalex.org/W3185015889,Decolonizing Primate Conservation Practice: A Case Study from North Morocco,B_regional_corroborated,multiple North African,2021,FALSE,FALSE,TRUE,FALSE,FALSE,TRUE,TRUE,FALSE,FALSE,TRUE,FALSE,FALSE,1,TRUE
https://openalex.org/W4321435198,When non-target wildlife species and alien species both affect negatively to an artisanal fishery: the case of trammel net in the Alboran Sea,C_asserted_no_evidence,multiple North African,2023,TRUE,FALSE,FALSE,FALSE,FALSE,TRUE,TRUE,FALSE,FALSE,FALSE,FALSE,FALSE,1,TRUE
https://openalex.org/W4400337172,"Conservation and management of chondrichthyans in the Mediterranean Sea: gaps, overlaps, inconsistencies, and the way forward",C_asserted_no_evidence,multiple North African,2024,TRUE,FALSE,FALSE,FALSE,FALSE,TRUE,TRUE,FALSE,FALSE,FALSE,FALSE,FALSE,1,TRUE
https://openalex.org/W4409958323,Socio-economic impacts and responses of the fishing industry and fishery managers to changes in small pelagic fish distribution and abundance,C_asserted_no_evidence,multiple North African,2025,FALSE,FALSE,FALSE,FALSE,FALSE,NA,TRUE,FALSE,FALSE,FALSE,FALSE,FALSE,0,FALSE
https://openalex.org/W2132561879,The Links Between Resource Dependency and Attitude of Commercial Fishers to Coral Reef Conservation in the Red Sea,B_regional_corroborated,multiple North African,2010,FALSE,FALSE,FALSE,FALSE,TRUE,TRUE,TRUE,FALSE,FALSE,FALSE,FALSE,TRUE,1,TRUE
https://openalex.org/W4402397723,Raising the awareness of fishing professionals about the conservation of species caught incidentally in the Moroccan Mediterranean Sea,B_regional_corroborated,multiple North African,2024,FALSE,FALSE,TRUE,FALSE,FALSE,TRUE,TRUE,FALSE,FALSE,TRUE,FALSE,FALSE,1,TRUE
https://openalex.org/W2185312405,Seismic surveys and marine turtles: An underestimated global threat?,C_asserted_no_evidence,multiple North African,2015,FALSE,FALSE,FALSE,FALSE,FALSE,NA,TRUE,FALSE,FALSE,FALSE,FALSE,FALSE,0,FALSE
https://openalex.org/W4393971019,Tracking data highlight the importance of human-induced mortality for large migratory birds at a flyway scale,C_asserted_no_evidence,multiple North African,2024,TRUE,TRUE,TRUE,TRUE,TRUE,TRUE,TRUE,FALSE,FALSE,FALSE,FALSE,FALSE,5,TRUE
https://openalex.org/W4408273783,Sustainability and avian biodiversity tensions in wastewater management in arid zones,A_named_country_corroborated,Egypt,2025,FALSE,FALSE,FALSE,FALSE,TRUE,TRUE,TRUE,FALSE,FALSE,FALSE,FALSE,TRUE,1,TRUE
https://openalex.org/W4412419680,A 25-year longitudinal assessment of Macaca sylvanus population dynamics and forest decline in Morocco's Middle Atlas,A_named_country_corroborated,Morocco,2025,FALSE,FALSE,TRUE,FALSE,FALSE,TRUE,TRUE,FALSE,FALSE,TRUE,FALSE,TRUE,1,TRUE
https://openalex.org/W4414163724,Marine biotoxins in Mediterranean seafood: Environmental occurrence and food safety concerns,C_asserted_no_evidence,multiple North African,2025,TRUE,TRUE,TRUE,TRUE,TRUE,FALSE,TRUE,FALSE,FALSE,FALSE,FALSE,FALSE,5,TRUE
https://openalex.org/W3203855821,"First record of Pteroplatytrygon violacea (Bonaparte, 1832) with annotation of cartilaginous fishes by-catch by gill nets (Egyptian Mediterranean)",B_regional_corroborated,multiple North African,2021,FALSE,FALSE,FALSE,FALSE,TRUE,TRUE,TRUE,FALSE,FALSE,FALSE,FALSE,TRUE,1,TRUE
https://openalex.org/W4283067969,Assessing the use of marine protected areas by loggerhead sea turtles (Caretta caretta) tracked from the western Mediterranean,B_regional_corroborated,multiple North African,2022,TRUE,TRUE,FALSE,FALSE,FALSE,TRUE,TRUE,TRUE,TRUE,FALSE,FALSE,FALSE,2,TRUE
https://openalex.org/W4312158089,"Disclosing the determinants, drivers and predictors of bird depredation on date palm (Phoenix dactylifera L.) production",C_asserted_no_evidence,multiple North African,2022,TRUE,FALSE,FALSE,FALSE,FALSE,FALSE,TRUE,FALSE,FALSE,FALSE,FALSE,FALSE,1,TRUE
https://openalex.org/W3162789037,Cultural heritage and environmental ethical values in governance models: Conflicts between recreational fisheries and other maritime activities in Mediterranean marine protected areas,C_asserted_no_evidence,multiple North African,2021,TRUE,FALSE,FALSE,FALSE,FALSE,TRUE,TRUE,FALSE,FALSE,FALSE,FALSE,FALSE,1,TRUE
https://openalex.org/W4413915988,"Elasmobranch fisheries in Tunisia: Characterization, fishermen’s insights and conservation options",A_named_country_corroborated,Tunisia,2025,TRUE,FALSE,FALSE,FALSE,FALSE,TRUE,TRUE,TRUE,FALSE,FALSE,FALSE,FALSE,1,TRUE
https://openalex.org/W3175439491,Disentangling drivers of power line use by vultures: Potential to reduce electrocutions,B_regional_corroborated,multiple North African,2021,FALSE,FALSE,FALSE,FALSE,FALSE,TRUE,TRUE,FALSE,FALSE,FALSE,FALSE,TRUE,0,FALSE
https://openalex.org/W4388510764,African Buffalo and Colonial Cattle: Is ‘Systems Change’ the Best Future for Farming and Nature in Africa?,C_asserted_no_evidence,multiple North African,2023,TRUE,TRUE,TRUE,FALSE,FALSE,NA,TRUE,FALSE,FALSE,FALSE,FALSE,FALSE,3,TRUE
https://openalex.org/W2022452219,"Interactions of loggerhead turtle with bottom longline fishery in the Gulf of Gabès, Tunisia",B_regional_corroborated,multiple North African,2011,TRUE,FALSE,FALSE,FALSE,FALSE,TRUE,TRUE,TRUE,FALSE,FALSE,FALSE,TRUE,1,TRUE
https://openalex.org/W2157223050,Elasmobranchs longline fisheries in the Gulf of Gabès (southern Tunisia),A_named_country_corroborated,Tunisia,2013,TRUE,FALSE,FALSE,FALSE,FALSE,TRUE,TRUE,TRUE,FALSE,FALSE,FALSE,TRUE,1,TRUE
https://openalex.org/W2105633026,Sea turtle bycatch and consumption in Egypt threatens Mediterranean turtle populations,A_named_country_corroborated,Egypt,2011,FALSE,FALSE,FALSE,FALSE,TRUE,TRUE,TRUE,FALSE,FALSE,FALSE,FALSE,TRUE,1,TRUE
https://openalex.org/W3108367984,"The northern bald ibis <i>Geronticus eremita</i>: history, current status and future perspectives",B_regional_corroborated,multiple North African,2020,FALSE,TRUE,TRUE,FALSE,FALSE,FALSE,TRUE,FALSE,TRUE,TRUE,FALSE,FALSE,2,TRUE
https://openalex.org/W2105413109,Contribution of research to conservation action for the Northern Bald Ibis <i>Geronticus eremita</i> in Morocco,B_regional_corroborated,multiple North African,2008,FALSE,FALSE,TRUE,FALSE,FALSE,TRUE,TRUE,FALSE,FALSE,TRUE,FALSE,FALSE,1,TRUE
https://openalex.org/W2290921243,"Hunting of migratory birds in North Sinai, Egypt",A_named_country_corroborated,Egypt,2015,FALSE,FALSE,FALSE,FALSE,TRUE,TRUE,TRUE,FALSE,FALSE,FALSE,FALSE,TRUE,1,TRUE
https://openalex.org/W2289557866,Preliminary assessment of the scope and scale of illegal killing and taking of birds in the Mediterranean,B_regional_corroborated,multiple North African,2016,FALSE,FALSE,FALSE,FALSE,TRUE,TRUE,TRUE,FALSE,FALSE,FALSE,FALSE,TRUE,1,TRUE
https://openalex.org/W4409624720,Mahi-mahi metacouplings: quantifying human–nature interactions in dolphinfish (<i>Coryphaena hippurus</i>) fisheries,C_asserted_no_evidence,multiple North African,2025,FALSE,FALSE,FALSE,FALSE,FALSE,NA,TRUE,FALSE,FALSE,FALSE,FALSE,FALSE,0,FALSE
https://openalex.org/W4290786637,Small-scale fisheries catch more threatened elasmobranchs inside partially protected areas than in unprotected areas,C_asserted_no_evidence,multiple North African,2022,TRUE,TRUE,TRUE,TRUE,TRUE,TRUE,TRUE,FALSE,FALSE,FALSE,FALSE,FALSE,5,TRUE
https://openalex.org/W2605447613,Unravelling the drastic range retraction of an emblematic songbird of North Africa: potential threats to Afro-Palearctic migratory birds,B_regional_corroborated,multiple North African,2017,TRUE,TRUE,TRUE,FALSE,FALSE,TRUE,TRUE,TRUE,TRUE,TRUE,FALSE,FALSE,3,TRUE
https://openalex.org/W7172483144,Historical climatic and human settlement patterns leading up to the extinction of the Arabian leopard in the Sinai Peninsula,B_regional_corroborated,multiple North African,2026,FALSE,FALSE,FALSE,FALSE,TRUE,TRUE,TRUE,FALSE,FALSE,FALSE,FALSE,TRUE,1,TRUE
https://openalex.org/W2134477843,Molecular resolution of marine turtle stock composition in fishery bycatch: a case study in the Mediterranean,B_regional_corroborated,multiple North African,1998,FALSE,FALSE,FALSE,TRUE,TRUE,FALSE,TRUE,FALSE,FALSE,FALSE,TRUE,TRUE,2,TRUE
https://openalex.org/W2411907806,Flexible Turtle Excluder Device (TED): an effective tool for Mediterranean coastal multispecies bottom trawl fisheries,C_asserted_no_evidence,multiple North African,2016,TRUE,TRUE,TRUE,TRUE,TRUE,TRUE,TRUE,FALSE,FALSE,FALSE,FALSE,FALSE,5,TRUE
https://openalex.org/W3047050104,Conservation Amid COVID-19 Pandemic: Ecotourism Collapse Threatens Communities and Wildlife in Morocco,B_regional_corroborated,multiple North African,2020,FALSE,FALSE,TRUE,FALSE,FALSE,TRUE,TRUE,FALSE,FALSE,TRUE,FALSE,FALSE,1,TRUE
https://openalex.org/W3213140225,Ophidian envenomation in Morocco: Analysis of specific hospitalization records (2012-2015),A_named_country_corroborated,Morocco,2021,FALSE,FALSE,TRUE,FALSE,FALSE,TRUE,TRUE,FALSE,FALSE,TRUE,FALSE,FALSE,1,TRUE
https://openalex.org/W4392665905,The bycatch estimate of threatened marine megavertebrates in Moroccan fleets operating in the Mediterranean Coast,A_named_country_corroborated,Morocco,2024,FALSE,FALSE,TRUE,FALSE,FALSE,TRUE,TRUE,FALSE,FALSE,TRUE,FALSE,FALSE,1,TRUE
https://openalex.org/W1965440783,Factors affecting reproduction of Woodpigeons<i>Columba palumbus</i>in North African forests: 1. Nest habitat selection,B_regional_corroborated,multiple North African,2012,FALSE,FALSE,TRUE,FALSE,FALSE,TRUE,TRUE,FALSE,FALSE,TRUE,FALSE,FALSE,1,TRUE
https://openalex.org/W3048716714,A Review of Freshwater Crayfish Introductions in Africa,B_regional_corroborated,multiple North African,2020,FALSE,FALSE,TRUE,FALSE,FALSE,TRUE,TRUE,FALSE,FALSE,TRUE,FALSE,FALSE,1,TRUE
https://openalex.org/W7162558227,Elasmobranch bycatch in the cuttlefish trammel net fishery along the Bizerte coast (Northern Tunisia): composition and biological aspects,A_named_country_corroborated,Tunisia,2026,TRUE,FALSE,FALSE,FALSE,FALSE,TRUE,TRUE,TRUE,FALSE,FALSE,FALSE,TRUE,1,TRUE
https://openalex.org/W4306702031,A Framework Payment for ecosystem services to reconstitute forest areas closed to grazing in the Ifrane National Park (Morocco).,A_named_country_corroborated,Morocco,2022,FALSE,FALSE,TRUE,FALSE,FALSE,TRUE,TRUE,FALSE,FALSE,TRUE,FALSE,FALSE,1,TRUE
https://openalex.org/W4412364748,"Distribution, threats, population trends, and ecology of the Saharan Striped Polecat ( <i>Poecilictis libyca</i> ) in Tunisia: a questionnaire and field-based survey",A_named_country_corroborated,Tunisia,2025,TRUE,FALSE,FALSE,FALSE,FALSE,TRUE,TRUE,TRUE,FALSE,FALSE,FALSE,FALSE,1,TRUE
https://openalex.org/W3108294470,How human intervention and climate change shaped the fate of the Northern Bald Ibis from ancient Egypt to the presence: an interdisciplinary approach to extinction and recovery of an iconic bird species,B_regional_corroborated,multiple North African,2020,FALSE,FALSE,FALSE,FALSE,TRUE,TRUE,TRUE,FALSE,FALSE,FALSE,FALSE,TRUE,1,TRUE
https://openalex.org/W3110888851,Major threats to a migratory raptor vary geographically along the eastern Mediterranean flyway,B_regional_corroborated,multiple North African,2020,FALSE,FALSE,FALSE,FALSE,TRUE,TRUE,TRUE,FALSE,FALSE,FALSE,FALSE,TRUE,1,TRUE
https://openalex.org/W3200894589,Herbivorous fish of Sinai marine protected areas (Gulf of Aqaba): Structure baseline for potential thermal stress impact management,B_regional_corroborated,multiple North African,2021,FALSE,FALSE,FALSE,FALSE,TRUE,TRUE,TRUE,FALSE,FALSE,FALSE,FALSE,TRUE,1,TRUE
https://openalex.org/W2931379993,The thin edge of the wedge: extremely high extinction risk in wedgefishes and giant guitarfishes,C_asserted_no_evidence,multiple North African,2019,FALSE,FALSE,FALSE,FALSE,FALSE,TRUE,TRUE,FALSE,FALSE,FALSE,FALSE,FALSE,0,FALSE
https://openalex.org/W4223523542,Hotspots in the grid: Avian sensitivity and vulnerability to collision risk from energy infrastructure interactions in Europe and North Africa,B_regional_corroborated,multiple North African,2022,TRUE,TRUE,TRUE,TRUE,TRUE,FALSE,TRUE,FALSE,FALSE,FALSE,FALSE,FALSE,5,TRUE
https://openalex.org/W4413766820,Seabird‐vessel interactions in industrial fisheries of Northwest Africa: Implications for international bycatch management,C_asserted_no_evidence,multiple North African,2025,TRUE,TRUE,TRUE,TRUE,FALSE,TRUE,TRUE,FALSE,FALSE,FALSE,FALSE,FALSE,4,TRUE
https://openalex.org/W2905336371,Conserving wildlife facing mass‐tourism calls for effective management,B_regional_corroborated,multiple North African,2018,FALSE,FALSE,FALSE,FALSE,FALSE,TRUE,TRUE,FALSE,FALSE,FALSE,FALSE,TRUE,0,FALSE
https://openalex.org/W4405400421,The future of the barbary sheep and the dorcas gazelle populations in Algerian Sahara: On the brink of extinction?,A_named_country_corroborated,Algeria,2024,TRUE,TRUE,FALSE,FALSE,FALSE,TRUE,TRUE,TRUE,TRUE,FALSE,FALSE,FALSE,2,TRUE
https://openalex.org/W2144503057,Another Continental Vulture Crisis: Africa's Vultures Collapsing toward Extinction,C_asserted_no_evidence,multiple North African,2015,TRUE,TRUE,TRUE,TRUE,TRUE,TRUE,TRUE,FALSE,FALSE,FALSE,FALSE,FALSE,5,TRUE
https://openalex.org/W4404190222,First Evidence of Individual Sharks Involved in Multiple Predatory Bites on People,C_asserted_no_evidence,multiple North African,2024,FALSE,FALSE,FALSE,FALSE,FALSE,NA,TRUE,FALSE,FALSE,FALSE,FALSE,FALSE,0,FALSE
https://openalex.org/W4385290138,The natural history of lions in North Africa and the relevance of their depiction in the “Lions Attacking a Dromedary” diorama,B_regional_corroborated,multiple North African,2023,TRUE,TRUE,TRUE,FALSE,FALSE,TRUE,TRUE,TRUE,TRUE,TRUE,FALSE,FALSE,3,TRUE
https://openalex.org/W1972887459,Fiddling in biodiversity hotspots while deserts burn? Collapse of the <scp>S</scp>ahara's megafauna,C_asserted_no_evidence,multiple North African,2013,TRUE,TRUE,TRUE,TRUE,TRUE,TRUE,TRUE,FALSE,FALSE,FALSE,FALSE,FALSE,5,TRUE
https://openalex.org/W2016312766,Migratory corridors and foraging hotspots: critical habitats identified for Mediterranean green turtles,B_regional_corroborated,multiple North African,2015,FALSE,FALSE,FALSE,TRUE,TRUE,FALSE,TRUE,FALSE,FALSE,FALSE,TRUE,TRUE,2,TRUE
https://openalex.org/W2316595866,Shelf life: neritic habitat use of a turtle population highly threatened by fisheries,B_regional_corroborated,multiple North African,2016,TRUE,FALSE,FALSE,TRUE,TRUE,TRUE,TRUE,TRUE,FALSE,FALSE,TRUE,TRUE,3,TRUE
https://openalex.org/W2334098974,"Elasmobranch captures in shrimps trammel net fishery off the Gulf of Gabès (Southern Tunisia, Mediterranean Sea)",B_regional_corroborated,multiple North African,2016,TRUE,FALSE,FALSE,FALSE,FALSE,TRUE,TRUE,TRUE,FALSE,FALSE,FALSE,TRUE,1,TRUE
https://openalex.org/W3172003661,A management plan for a declining population of the Souss valley tortoise in an arid steppe-land of west-central Morocco,A_named_country_corroborated,Morocco,2021,FALSE,FALSE,TRUE,FALSE,FALSE,TRUE,TRUE,FALSE,FALSE,TRUE,FALSE,TRUE,1,TRUE
https://openalex.org/W3126146416,Mediterranean sharks and rays need action,B_regional_corroborated,multiple North African,2021,TRUE,FALSE,FALSE,FALSE,FALSE,TRUE,TRUE,TRUE,FALSE,FALSE,TRUE,FALSE,1,TRUE
https://openalex.org/W2301751969,Snakebites notified to the poison control center of Morocco between 2009 and 2013,A_named_country_corroborated,Morocco,2016,FALSE,FALSE,TRUE,FALSE,FALSE,TRUE,TRUE,FALSE,FALSE,TRUE,FALSE,FALSE,1,TRUE
https://openalex.org/W4402276370,Intentional Killings and Culling of Small Cetaceans due to Perceived Competition with Fisheries in the Mediterranean Sea and Northeast Atlantic between the Eighteenth and Twentieth Centuries,B_regional_corroborated,multiple North African,2024,FALSE,TRUE,FALSE,FALSE,FALSE,TRUE,TRUE,FALSE,TRUE,FALSE,FALSE,FALSE,1,TRUE
https://openalex.org/W3169892409,Eastern imperial eagle Aquila heliaca,B_regional_corroborated,multiple North African,2021,FALSE,FALSE,FALSE,FALSE,FALSE,NA,TRUE,FALSE,FALSE,FALSE,FALSE,FALSE,0,FALSE
https://openalex.org/W1993434971,Alien Marine Species in the Mediterranean - the 100 ‘Worst Invasives’ and their Impact,C_asserted_no_evidence,multiple North African,2006,TRUE,TRUE,TRUE,TRUE,TRUE,TRUE,TRUE,FALSE,FALSE,FALSE,FALSE,FALSE,5,TRUE
https://openalex.org/W2969783162,Shark pelagic longline fishery in the Gulf of Gabes: Inter-decadal inspection reveals management needs,B_regional_corroborated,multiple North African,2019,TRUE,FALSE,FALSE,FALSE,FALSE,TRUE,TRUE,TRUE,FALSE,FALSE,FALSE,FALSE,1,TRUE
https://openalex.org/W4365151733,"Vulnerability of elasmobranchs caught as bycatch in the grouper longline fishery in the Gulf of Gabès, Tunisia",A_named_country_corroborated,Tunisia,2023,TRUE,FALSE,FALSE,FALSE,FALSE,TRUE,TRUE,TRUE,FALSE,FALSE,FALSE,FALSE,1,TRUE
https://openalex.org/W2131901272,African Bats: Conservation in the time of Ebola,B_regional_corroborated,multiple North African,2015,FALSE,FALSE,FALSE,FALSE,FALSE,FALSE,TRUE,FALSE,FALSE,FALSE,FALSE,TRUE,0,FALSE
https://openalex.org/W2528835440,Conservation of the spinner dolphin in the Egyptian Red Sea,A_named_country_corroborated,Egypt,2016,FALSE,FALSE,FALSE,FALSE,TRUE,TRUE,TRUE,FALSE,FALSE,FALSE,FALSE,TRUE,1,TRUE
https://openalex.org/W4384820034,"Snakes and Souks: Zoonotic pathogens associated to reptiles in the Marrakech markets, Morocco",A_named_country_corroborated,Morocco,2023,FALSE,FALSE,TRUE,FALSE,FALSE,TRUE,TRUE,FALSE,FALSE,TRUE,FALSE,TRUE,1,TRUE
https://openalex.org/W4401165658,"From fangs to antidotes: A scoping review on snakebite burden, species, and antivenoms in the Eastern Mediterranean Region",B_regional_corroborated,multiple North African,2024,FALSE,FALSE,TRUE,FALSE,FALSE,TRUE,TRUE,FALSE,FALSE,TRUE,FALSE,FALSE,1,TRUE
https://openalex.org/W2017504858,"Mortality, Recruitment and Change of Desert Tree Populations in a Hyper-Arid Environment",A_named_country_corroborated,Egypt,2007,FALSE,FALSE,FALSE,FALSE,TRUE,TRUE,TRUE,FALSE,FALSE,FALSE,FALSE,TRUE,1,TRUE
https://openalex.org/W2161217137,Buying Years to Extinction: Is Compensatory Mitigation for Marine Bycatch a Sufficient Conservation Measure for Long-Lived Seabirds?,C_asserted_no_evidence,multiple North African,2009,FALSE,FALSE,FALSE,FALSE,FALSE,TRUE,TRUE,FALSE,FALSE,FALSE,FALSE,FALSE,0,FALSE
https://openalex.org/W2088965171,Examining the Extinction of the Barbary Lion and Its Implications for Felid Conservation,B_regional_corroborated,multiple North African,2013,TRUE,TRUE,TRUE,FALSE,FALSE,TRUE,TRUE,FALSE,FALSE,TRUE,FALSE,FALSE,3,TRUE
https://openalex.org/W2134692257,Setback Distances as a Conservation Tool in Wildlife-Human Interactions: Testing Their Efficacy for Birds Affected by Vehicles on Open-Coast Sandy Beaches,C_asserted_no_evidence,multiple North African,2013,FALSE,FALSE,FALSE,FALSE,FALSE,NA,TRUE,FALSE,FALSE,FALSE,FALSE,FALSE,0,FALSE
https://openalex.org/W1998876562,Is Diet Flexibility an Adaptive Life Trait for Relictual and Peri-Urban Populations of the Endangered Primate Macaca sylvanus?,B_regional_corroborated,multiple North African,2015,FALSE,TRUE,FALSE,FALSE,FALSE,TRUE,TRUE,FALSE,TRUE,FALSE,FALSE,FALSE,1,TRUE
https://openalex.org/W2801429878,Assessing the applicability of stable isotope analysis to determine the contribution of landfills to vultures’ diet,B_regional_corroborated,multiple North African,2018,FALSE,FALSE,FALSE,FALSE,TRUE,TRUE,TRUE,FALSE,FALSE,FALSE,FALSE,TRUE,1,TRUE
https://openalex.org/W4367042407,Social perception of mesocarnivores within hunting areas differs from actual species abundance,C_asserted_no_evidence,multiple North African,2023,FALSE,FALSE,FALSE,FALSE,FALSE,NA,TRUE,FALSE,FALSE,FALSE,FALSE,FALSE,0,FALSE
https://openalex.org/W4406918266,"Impact of long-term cyanotoxin exposure on cattle: Biochemical, histological, and oxidative stress assessment",A_named_country_corroborated,Algeria,2025,FALSE,TRUE,FALSE,FALSE,FALSE,TRUE,TRUE,FALSE,TRUE,FALSE,FALSE,FALSE,1,TRUE
https://openalex.org/W4200213882,"6. Silenced by Power: Repression, Isolation &amp; Persecution",C_asserted_no_evidence,multiple North African,2021,FALSE,FALSE,FALSE,FALSE,FALSE,NA,TRUE,FALSE,FALSE,FALSE,FALSE,FALSE,0,FALSE
https://openalex.org/W2785533475,"Home Range and Habitat Use of Crop-Raiding Barbary Macaques in the Upper Ourika Valley, Western High Atlas Mountains, Morocco",B_regional_corroborated,multiple North African,2018,FALSE,FALSE,TRUE,FALSE,FALSE,TRUE,TRUE,FALSE,FALSE,TRUE,FALSE,FALSE,1,TRUE
https://openalex.org/W4391378766,Is there an effect of electromagnetic waves from base stations on the breeding success of Ciconia ciconia ciconia in Algeria?,A_named_country_corroborated,Algeria,2023,FALSE,TRUE,FALSE,FALSE,FALSE,TRUE,TRUE,FALSE,TRUE,FALSE,FALSE,FALSE,1,TRUE
https://openalex.org/W4407107407,"ASSESSING THE POPULATION PARAMETERS OF EUROPEAN ANCHOVY, ENGRAULIS ENCRASICOLUS (LINNAEUS, 1758) IN ALGERIAN EAST COAST (SOUTHWESTERN MEDITERRANEAN SEA)",A_named_country_corroborated,Algeria,2025,FALSE,TRUE,FALSE,FALSE,FALSE,TRUE,TRUE,FALSE,TRUE,FALSE,FALSE,FALSE,1,TRUE
https://openalex.org/W3165463768,"Sinai: Tourism, Colonialism, and Sea",B_regional_corroborated,multiple North African,2021,FALSE,FALSE,FALSE,FALSE,TRUE,TRUE,TRUE,FALSE,FALSE,FALSE,FALSE,TRUE,1,TRUE
https://openalex.org/W4319032897,The major threats to the Endangered Barbary macaque Macaca sylvanus in North Africa,B_regional_corroborated,multiple North African,2022,FALSE,TRUE,TRUE,FALSE,FALSE,TRUE,TRUE,FALSE,TRUE,TRUE,FALSE,FALSE,2,TRUE
https://openalex.org/W2992131427,Snake bites in morocco: Progress and challenges,B_regional_corroborated,multiple North African,2019,FALSE,FALSE,TRUE,FALSE,FALSE,TRUE,TRUE,FALSE,FALSE,TRUE,FALSE,FALSE,1,TRUE
https://openalex.org/W1540840170,The politics of flood insecurity : framing contested river management projects,C_asserted_no_evidence,multiple North African,2008,FALSE,FALSE,FALSE,FALSE,FALSE,NA,TRUE,FALSE,FALSE,FALSE,FALSE,FALSE,0,FALSE
https://openalex.org/W3129957199,Don't kill your allies : The impact of chemical and biological locust and grasshopper control on birds,C_asserted_no_evidence,multiple North African,2021,FALSE,FALSE,FALSE,FALSE,FALSE,NA,TRUE,FALSE,FALSE,FALSE,FALSE,FALSE,0,FALSE
https://openalex.org/W4237097071,Sentinel animals : Enriching artificial intelligence with wildlife ecology to guard rhinos,C_asserted_no_evidence,multiple North African,2021,FALSE,FALSE,FALSE,FALSE,FALSE,TRUE,TRUE,FALSE,FALSE,FALSE,FALSE,FALSE,0,FALSE
https://openalex.org/W3196770489,Economic Losses Caused By Rodents in Some Cultivars of Rodents in Maize Fields,A_named_country_corroborated,Egypt,2021,FALSE,FALSE,FALSE,FALSE,TRUE,TRUE,TRUE,FALSE,FALSE,FALSE,FALSE,TRUE,1,TRUE
https://openalex.org/W4307710763,"Damage of the Egyptian Fruit Bat (Rousettus aegyptiacus) at El-Dakhla Oasis, New-Valley Governorate, Egypt",A_named_country_corroborated,Egypt,2022,FALSE,FALSE,FALSE,FALSE,TRUE,FALSE,TRUE,FALSE,FALSE,FALSE,FALSE,TRUE,1,TRUE
https://openalex.org/W3039198569,The Human Crocodile Conflicts and the Sustainable Conflict Resolutions Review,B_regional_corroborated,multiple North African,2018,FALSE,FALSE,FALSE,FALSE,FALSE,NA,TRUE,FALSE,FALSE,FALSE,FALSE,TRUE,0,FALSE
https://openalex.org/W7125499556,A new record of the critically endangered Smoothback angelshark Squatina oculata from Algerian waters (GFCM-GSA 04): biological data and implications for management,B_regional_corroborated,multiple North African,2026,TRUE,TRUE,FALSE,FALSE,FALSE,TRUE,TRUE,FALSE,TRUE,FALSE,FALSE,FALSE,2,TRUE
https://openalex.org/W4242830021,Shark Conservation – Analysis and Synthesis,C_asserted_no_evidence,multiple North African,2021,FALSE,FALSE,FALSE,FALSE,FALSE,NA,TRUE,FALSE,FALSE,FALSE,FALSE,FALSE,0,FALSE
https://openalex.org/W4206431590,Shark Conservation – Analysis and Synthesis,C_asserted_no_evidence,multiple North African,2021,FALSE,FALSE,FALSE,FALSE,FALSE,NA,TRUE,FALSE,FALSE,FALSE,FALSE,FALSE,0,FALSE
https://openalex.org/W4399241889,Preliminary Insights on the Habitat Use and Vertical Movements of Pelagic Stingray (Pteroplatytrygon violacea) in the Western Mediterranean Sea,C_asserted_no_evidence,multiple North African,2024,TRUE,FALSE,FALSE,FALSE,FALSE,FALSE,TRUE,FALSE,FALSE,FALSE,FALSE,FALSE,1,TRUE
https://openalex.org/W4401129331,Ghost Gear in the Gulf of Gabès (Tunisia): An Urgent Need for a Conservation Code of Conduct,A_named_country_corroborated,Tunisia,2024,TRUE,FALSE,FALSE,FALSE,FALSE,TRUE,TRUE,TRUE,FALSE,FALSE,FALSE,FALSE,1,TRUE
https://openalex.org/W4382049684,Elasmobranch Bycatch in a bottom trawl fishery at Al Hoceima Port in Morocco (Mediterranean Sea),B_regional_corroborated,multiple North African,2023,FALSE,FALSE,TRUE,FALSE,FALSE,TRUE,TRUE,FALSE,FALSE,TRUE,FALSE,FALSE,1,TRUE
https://openalex.org/W4235674053,ENVENIMATIONS VIPERINES,A_named_country_corroborated,Morocco,2021,FALSE,FALSE,TRUE,FALSE,FALSE,TRUE,TRUE,FALSE,FALSE,TRUE,FALSE,FALSE,1,TRUE
https://openalex.org/W3183573263,"Assessment of damage caused by rodents in some maize varieties in Farshut area, Qena governorate, Egypt",A_named_country_corroborated,Egypt,2021,FALSE,FALSE,FALSE,FALSE,TRUE,TRUE,TRUE,FALSE,FALSE,FALSE,FALSE,TRUE,1,TRUE
https://openalex.org/W4294096698,"Losses of tomato crop by wild birds in El-Beheira and Matrouh governorates, Egypt",B_regional_corroborated,multiple North African,2022,FALSE,FALSE,FALSE,FALSE,TRUE,FALSE,TRUE,FALSE,FALSE,FALSE,FALSE,TRUE,1,TRUE
https://openalex.org/W3108985652,Impact of Nile Crocodiles on Fish Production in Lake Nasser,B_regional_corroborated,multiple North African,2020,FALSE,FALSE,FALSE,FALSE,TRUE,TRUE,TRUE,FALSE,FALSE,FALSE,FALSE,TRUE,1,TRUE
https://openalex.org/W3164722733,Linking Territorial and Coastal Planning: Conservation Status and Management of Mangrove Ecosystem at the Egyptian - African Red Sea Coast,B_regional_corroborated,multiple North African,2021,FALSE,FALSE,FALSE,FALSE,TRUE,TRUE,TRUE,FALSE,FALSE,FALSE,FALSE,TRUE,1,TRUE
https://openalex.org/W4292236166,"Impact of a Wind Energy Projects on Bird Migration Gabel Al-Zeit - Eastern Desert, Egypt",A_named_country_corroborated,Egypt,2022,FALSE,FALSE,FALSE,FALSE,TRUE,TRUE,TRUE,FALSE,FALSE,FALSE,FALSE,TRUE,1,TRUE
https://openalex.org/W3119471733,"THE ENCRUSTATION OF THE SPIDER CRAB HYASTENUS HILGENDORFI IN RELATION TO ITS REPRODUCTIVE BIOLOGY IN THE SUEZ CANAL, EGYPT",A_named_country_corroborated,Egypt,2013,FALSE,FALSE,FALSE,FALSE,TRUE,TRUE,TRUE,FALSE,FALSE,FALSE,FALSE,TRUE,1,TRUE
https://openalex.org/W4395694977,"The Most Effective Methods Used to Control Mole Rats, Spalax ehrenbergi, on Benghazi Plain Project in Libya",A_named_country_corroborated,Libya,2024,FALSE,FALSE,FALSE,TRUE,FALSE,TRUE,TRUE,FALSE,FALSE,FALSE,TRUE,FALSE,1,TRUE
https://openalex.org/W3090749294,"Status of Sepia officinalis and 19 Main Fisheries Species Caught from Southeast Mediterranean Sea, North Sinai, Egypt.",B_regional_corroborated,multiple North African,2020,FALSE,FALSE,FALSE,FALSE,TRUE,TRUE,TRUE,FALSE,FALSE,FALSE,FALSE,TRUE,1,TRUE
https://openalex.org/W3134637697,"Status of Indo-Pacific Bottlenose Dolphin, Tursiops aduncus (Family Delphinidae: Order Cetacea) in the Northern Protected Islands, Hurghada, Red Sea, Egypt",A_named_country_corroborated,Egypt,2021,FALSE,FALSE,FALSE,FALSE,TRUE,TRUE,TRUE,FALSE,FALSE,FALSE,FALSE,TRUE,1,TRUE
https://openalex.org/W4224103651,"Preliminary data on bycatch and stranding of marine turtles in Al Hoceima, Morocco",B_regional_corroborated,multiple North African,2022,FALSE,FALSE,TRUE,FALSE,FALSE,TRUE,TRUE,FALSE,FALSE,TRUE,FALSE,FALSE,1,TRUE
https://openalex.org/W4303646489,"Age, Growth and mortality of the rabbit fish Siganus rivulatus (Forsskål 1775) from the Egyptian Mediterranean coast off Alexandria, Egypt",A_named_country_corroborated,Egypt,2022,FALSE,FALSE,FALSE,FALSE,TRUE,TRUE,TRUE,FALSE,FALSE,FALSE,FALSE,TRUE,1,TRUE
https://openalex.org/W4303646466,"Herbivorous Reef Fishes of South Sinai Marine Protected Areas (Gulf of Aqaba, Egypt): Influence of Fisheries Management and Protection Status",A_named_country_corroborated,Egypt,2022,FALSE,FALSE,FALSE,FALSE,TRUE,TRUE,TRUE,FALSE,FALSE,FALSE,FALSE,TRUE,1,TRUE
https://openalex.org/W4310824678,Impact of the Bottlenose Dolphins (Tursiops truncatus) Depredation on Purse-Seine Fishery in the Region of M’diq (Northwestern Morocco),A_named_country_corroborated,Morocco,2022,FALSE,FALSE,TRUE,FALSE,FALSE,TRUE,TRUE,FALSE,FALSE,TRUE,FALSE,FALSE,1,TRUE
https://openalex.org/W4361010327,"Age and Growth of the Freshwater Pufferfish Tetraodon lineatus Linnaeus 1758 from Lake Nasser, Egypt",A_named_country_corroborated,Egypt,2023,FALSE,FALSE,FALSE,FALSE,TRUE,TRUE,TRUE,FALSE,FALSE,FALSE,FALSE,TRUE,1,TRUE
https://openalex.org/W7114772952,"Nesting Biology of the Aquatic Mallards Anas platyrhynchos Linnaeus, 1758 in Lake Tonga, El Kala National Park, Algeria",A_named_country_corroborated,Algeria,2025,FALSE,TRUE,FALSE,FALSE,FALSE,TRUE,TRUE,FALSE,TRUE,FALSE,FALSE,FALSE,1,TRUE
https://openalex.org/W4416845933,Fishery Bycatch of Sea Turtles in the Moroccan Western Mediterranean Sea: An Assessment Based on Interviews with Fishermen,B_regional_corroborated,multiple North African,2025,FALSE,FALSE,TRUE,FALSE,FALSE,TRUE,TRUE,FALSE,FALSE,TRUE,FALSE,FALSE,1,TRUE
https://openalex.org/W4412859634,Analysis of Cetacean Strandings Along the Moroccan Mediterranean Coast: Spatial and Temporal Patterns,A_named_country_corroborated,Morocco,2025,FALSE,FALSE,TRUE,FALSE,FALSE,TRUE,TRUE,FALSE,FALSE,TRUE,FALSE,FALSE,1,TRUE
https://openalex.org/W3121622394,"DETERMINATION OF HOODED CROW (CORVUS CORONE L.) POPULATION AND METHODS OF CONTROL IN SHEEP FARM AT RAS SEDR, SOUTH SINAI, EGYPT",B_regional_corroborated,multiple North African,2018,FALSE,FALSE,FALSE,FALSE,TRUE,TRUE,TRUE,FALSE,FALSE,FALSE,FALSE,TRUE,1,TRUE
https://openalex.org/W3003427061,"RODENT DAMAGE AND CONTROL IN WHEAT GROWING STAGES, SOHAG GOVERNORATE, EGYPT",A_named_country_corroborated,Egypt,2019,FALSE,FALSE,FALSE,FALSE,TRUE,TRUE,TRUE,FALSE,FALSE,FALSE,FALSE,TRUE,1,TRUE
https://openalex.org/W2981571986,SURVEYS OF WILD VERTEBRATES IN THE KHARGA AND DAKHLA OASIS AND THEIR IMPACT ON THE NEW RECLAMATION AREAS IN EGYPT,B_regional_corroborated,multiple North African,2018,FALSE,FALSE,FALSE,FALSE,TRUE,TRUE,TRUE,FALSE,FALSE,FALSE,FALSE,TRUE,1,TRUE
https://openalex.org/W3134709212,Scaring Birds: The concept of the Scarecrow in Ancient Egypt,B_regional_corroborated,multiple North African,2020,FALSE,FALSE,FALSE,FALSE,TRUE,TRUE,TRUE,FALSE,FALSE,FALSE,FALSE,TRUE,1,TRUE
https://openalex.org/W4378554658,The Impact of Airports Bird Hazard Management on Climate Changes and Bird-watching Tourism: Applying to Sharm El-Sheikh International Airport,A_named_country_corroborated,Egypt,2023,FALSE,FALSE,FALSE,FALSE,TRUE,TRUE,TRUE,FALSE,FALSE,FALSE,FALSE,TRUE,1,TRUE
https://openalex.org/W4392625107,A mini-review on fish mass kills within the Egyptian fisheries and aquaculture sectors: Impacts and proposed solutions,B_regional_corroborated,multiple North African,2024,FALSE,FALSE,FALSE,FALSE,TRUE,FALSE,TRUE,FALSE,FALSE,FALSE,FALSE,TRUE,1,TRUE
https://openalex.org/W4405163001,Crucial Conservation of Birds and Bats: Providing Ecosystem Services in Egypt,A_named_country_corroborated,Egypt,2024,FALSE,FALSE,FALSE,FALSE,TRUE,TRUE,TRUE,FALSE,FALSE,FALSE,FALSE,TRUE,1,TRUE
https://openalex.org/W3024115241,"PESTS ATTACKING POST-HARVEST SUGAR BEET ROOTS, AND THEIR ADVERSE EFFECTS ON SUGAR CONTENT",C_asserted_no_evidence,multiple North African,2014,FALSE,FALSE,FALSE,FALSE,FALSE,TRUE,TRUE,FALSE,FALSE,FALSE,FALSE,FALSE,0,FALSE
https://openalex.org/W2976496276,"AN ESTIMATION OF BIRD DAMAGES ON SOME FIELD, VEGETABLE AND FRUIT CROPS AT SHARKIA GOVERNORATE, EGYPT",A_named_country_corroborated,Egypt,2018,FALSE,FALSE,FALSE,FALSE,TRUE,TRUE,TRUE,FALSE,FALSE,FALSE,FALSE,TRUE,1,TRUE
https://openalex.org/W4407867762,"Estimating the Damage of Birds to Wheat, Gurma Melon and Cowpea Crops During the Ripening Period at Sharkia Governorate, Egypt",A_named_country_corroborated,Egypt,2024,FALSE,FALSE,FALSE,FALSE,TRUE,TRUE,TRUE,FALSE,FALSE,FALSE,FALSE,TRUE,1,TRUE
https://openalex.org/W4362683912,"Propolis, bee venom and Beauveria bassiana toxicity with field application; Controlling the terrestrial gastropod Monacha cartusiana",C_asserted_no_evidence,multiple North African,2023,FALSE,FALSE,FALSE,FALSE,FALSE,NA,TRUE,FALSE,FALSE,FALSE,FALSE,FALSE,0,FALSE
https://openalex.org/W4205402711,"Traditional fishery of Dolphinfish (Coryphaena hippurus) in the Gulf of Hammamet, Tunisia: implications for management of the entire Mediterranean fishery",B_regional_corroborated,multiple North African,2021,TRUE,FALSE,FALSE,FALSE,FALSE,TRUE,TRUE,TRUE,FALSE,FALSE,FALSE,TRUE,1,TRUE
https://openalex.org/W4406218147,"Toxicity, antifeedant and repellent activities of five essential oils on adult Cassida vittata Vill. (Coleoptera: Chrysomelidae)",A_named_country_corroborated,Morocco,2024,FALSE,FALSE,TRUE,FALSE,FALSE,FALSE,TRUE,FALSE,FALSE,TRUE,FALSE,FALSE,1,TRUE
https://openalex.org/W7164761189,"The Eurasian wild boar (<em>Sus scrofa</em> L., 1758): Recent advances in ecology, forest management, and human−wildlife interactions",B_regional_corroborated,multiple North African,2026,FALSE,FALSE,FALSE,FALSE,FALSE,NA,TRUE,FALSE,FALSE,FALSE,FALSE,FALSE,0,FALSE
https://openalex.org/W7125912476,A REVIEW ON BIOLOGY AND MANAGEMENT OF GIANT AFRICAN SNAILS,C_asserted_no_evidence,multiple North African,2025,FALSE,FALSE,FALSE,FALSE,FALSE,NA,TRUE,FALSE,FALSE,FALSE,FALSE,FALSE,0,FALSE
https://openalex.org/W2341829960,Vultures are Again in the City Sky,C_asserted_no_evidence,multiple North African,2010,FALSE,FALSE,FALSE,FALSE,FALSE,NA,TRUE,FALSE,FALSE,FALSE,FALSE,FALSE,0,FALSE
https://openalex.org/W4393069821,Impact of interactions between common bottlenose dolphins and purse-seiners in the Moroccan Mediterranean region: case study in the Al Hoceima fishing grounds,A_named_country_corroborated,Morocco,2024,FALSE,FALSE,TRUE,FALSE,FALSE,TRUE,TRUE,FALSE,FALSE,TRUE,FALSE,FALSE,1,TRUE
https://openalex.org/W4281756481,"Using Fishermen’s Knowledge and GIS to Identify Fishing Grounds, Gears and Species in the Projected Marine Protected Area ‘Jabal Moussa’",C_asserted_no_evidence,multiple North African,2022,TRUE,FALSE,FALSE,FALSE,FALSE,TRUE,TRUE,FALSE,FALSE,FALSE,FALSE,FALSE,1,TRUE
https://openalex.org/W4382645742,"The occurrence of the Chinese Sinanodonta woodiana (Lea, 1834) (Mollusca Bivalvia Unionidae) in Algerian dams",B_regional_corroborated,multiple North African,2023,FALSE,TRUE,FALSE,FALSE,FALSE,TRUE,TRUE,FALSE,TRUE,FALSE,FALSE,FALSE,1,TRUE
https://openalex.org/W4387645544,National Inventory and status of Chondrichthyes in the South Mediterranean Sea (Libyan Coast),B_regional_corroborated,multiple North African,2023,FALSE,FALSE,FALSE,TRUE,FALSE,TRUE,TRUE,FALSE,FALSE,FALSE,TRUE,FALSE,1,TRUE
https://openalex.org/W2338260637,How much sea turtle bycatch is too much? A stationary age distribution model for simulating population abundance and potential biological removal in the Mediterranean,B_regional_corroborated,multiple North African,2015,FALSE,FALSE,FALSE,FALSE,FALSE,TRUE,TRUE,FALSE,FALSE,FALSE,FALSE,TRUE,0,FALSE
https://openalex.org/W2159155195,Ecosystem models clarify the trophic role of whales off Northwest Africa,C_asserted_no_evidence,multiple North African,2010,TRUE,TRUE,TRUE,TRUE,FALSE,TRUE,TRUE,FALSE,FALSE,FALSE,FALSE,FALSE,4,TRUE
https://openalex.org/W2020587463,Mortality rates in by-caught loggerhead turtle Caretta caretta in the Mediterranean Sea and implications for the Atlantic populations,C_asserted_no_evidence,multiple North African,2013,FALSE,FALSE,FALSE,FALSE,FALSE,TRUE,TRUE,FALSE,FALSE,FALSE,FALSE,FALSE,0,FALSE
https://openalex.org/W3196772912,"The Last-Surviving Moroccan Dorcas Gazelle (Gazella dorcas massaesyla) Viability Analysis [M’Sabih Talaa Reserve, Morocco]",A_named_country_corroborated,Morocco,2021,FALSE,FALSE,TRUE,FALSE,FALSE,TRUE,TRUE,FALSE,FALSE,TRUE,FALSE,FALSE,1,TRUE
https://openalex.org/W7165652291,What do fishermen think? Local perspectives on human–crocodile coexistence in Lake Nasser,A_named_country_corroborated,Egypt,2026,FALSE,FALSE,FALSE,FALSE,TRUE,TRUE,TRUE,FALSE,FALSE,FALSE,FALSE,TRUE,1,TRUE
https://openalex.org/W3017956184,Social-Environmental Analysis for the Management of Coastal Lagoons in North Africa,B_regional_corroborated,multiple North African,2020,TRUE,TRUE,TRUE,TRUE,TRUE,TRUE,TRUE,FALSE,FALSE,FALSE,FALSE,FALSE,5,TRUE
https://openalex.org/W4303021564,Monitoring dryland trees with remote sensing. Part B: Combining tree cover and plant architecture data to assess degradation and recovery of Argania spinosa woodlands of South Morocco,A_named_country_corroborated,Morocco,2022,FALSE,FALSE,TRUE,FALSE,FALSE,TRUE,TRUE,FALSE,FALSE,TRUE,FALSE,FALSE,1,TRUE
https://openalex.org/W2594633798,Best Practice Framework and Principles for Monitoring the Effect of Coastal Development on Marine Mammals,C_asserted_no_evidence,multiple North African,2017,FALSE,FALSE,FALSE,FALSE,FALSE,NA,TRUE,FALSE,FALSE,FALSE,FALSE,FALSE,0,FALSE
https://openalex.org/W4402784425,Assessing the vulnerability of sensitive species in Mediterranean fisheries: insights from productivity-susceptibility analysis,C_asserted_no_evidence,multiple North African,2024,FALSE,FALSE,FALSE,FALSE,FALSE,TRUE,TRUE,FALSE,FALSE,FALSE,FALSE,FALSE,0,FALSE
https://openalex.org/W7154112871,"Solving Ariadne’s thread in the blue crab invasion to turn it to a true paradigm of circular economy: eco-biological traits and valorization of by-products to enhance fisheries value, a scoping review",C_asserted_no_evidence,multiple North African,2026,FALSE,FALSE,FALSE,FALSE,FALSE,TRUE,TRUE,FALSE,FALSE,FALSE,FALSE,FALSE,0,FALSE
https://openalex.org/W4391690017,"On the genetic diversity of Chimaera monstrosa Linnaeus, 1758 (Chordata, Chondrichthyes, Holocephali) in the Mediterranean Sea",C_asserted_no_evidence,multiple North African,2024,FALSE,FALSE,FALSE,FALSE,FALSE,FALSE,TRUE,FALSE,FALSE,FALSE,FALSE,FALSE,0,FALSE
https://openalex.org/W2620939781,A Century Spent Combating Rabies in Morocco (1911–2015): How Much Longer?,A_named_country_corroborated,Morocco,2017,FALSE,FALSE,TRUE,FALSE,FALSE,TRUE,TRUE,FALSE,FALSE,TRUE,FALSE,FALSE,1,TRUE
https://openalex.org/W3200123832,Ecological and Human Diet Value of Locusts in a Changing World,C_asserted_no_evidence,multiple North African,2021,FALSE,FALSE,FALSE,FALSE,FALSE,NA,TRUE,FALSE,FALSE,FALSE,FALSE,FALSE,0,FALSE
https://openalex.org/W4376631244,Fishermen Interviews: A Cost-Effective Tool for Evaluating the Impact of Fisheries on Vulnerable Sea Turtles in Tunisia and Identifying Levers of Mitigation,A_named_country_corroborated,Tunisia,2023,TRUE,FALSE,FALSE,FALSE,FALSE,FALSE,TRUE,TRUE,FALSE,FALSE,FALSE,FALSE,1,TRUE
https://openalex.org/W4416337265,Context Matters: How Decontextualization Influences Public Perception and Conservation Attitudes Toward Barbary Macaques in Algeria,A_named_country_corroborated,Algeria,2025,FALSE,TRUE,FALSE,FALSE,FALSE,TRUE,TRUE,FALSE,TRUE,FALSE,FALSE,FALSE,1,TRUE
https://openalex.org/W7163541962,Catchability Pattern of Cartilaginous Fishes with an Updated Their Diversity and Distribution Along the Egypt’s Mediterranean Coast: Conservation and Bycatch Challenges,A_named_country_corroborated,Egypt,2026,FALSE,FALSE,FALSE,FALSE,TRUE,TRUE,TRUE,FALSE,FALSE,FALSE,FALSE,TRUE,1,TRUE
https://openalex.org/W4303685494,"The Blue Swimming Crab Portunus segnis in the Mediterranean Sea: Invasion Paths, Impacts and Management Measures",B_regional_corroborated,multiple North African,2022,TRUE,FALSE,FALSE,FALSE,TRUE,TRUE,TRUE,TRUE,FALSE,FALSE,FALSE,FALSE,2,TRUE
https://openalex.org/W7163334447,"Bayesian Growth Modeling and Length-Based Indicators: Stock Assessment of Nile Tilapia (Oreochromis niloticus) in Lake Nasser, Egypt",A_named_country_corroborated,Egypt,2026,FALSE,FALSE,FALSE,FALSE,TRUE,TRUE,TRUE,FALSE,FALSE,FALSE,FALSE,TRUE,1,TRUE
https://openalex.org/W4404061647,Barn Owls as a Nature-Based Solution for Pest Control: A Multinational Initiative Around the Mediterranean and Other Regions,B_regional_corroborated,multiple North African,2024,FALSE,FALSE,TRUE,FALSE,FALSE,TRUE,TRUE,FALSE,FALSE,TRUE,FALSE,FALSE,1,TRUE
https://openalex.org/W4388858561,Quantifying Abundance and Mapping Distribution of Loggerhead Turtles in the Mediterranean Sea Using Aerial Surveys: Implications for Conservation,B_regional_corroborated,multiple North African,2023,TRUE,FALSE,FALSE,FALSE,FALSE,TRUE,TRUE,TRUE,FALSE,FALSE,FALSE,FALSE,1,TRUE
https://openalex.org/W4392545263,Another One Bites the Net: Assessing the Economic Impacts of Lagocephalus sceleratus on Small-Scale Fisheries in Greece,B_regional_corroborated,multiple North African,2024,FALSE,FALSE,FALSE,TRUE,FALSE,TRUE,TRUE,FALSE,FALSE,FALSE,TRUE,FALSE,1,TRUE
https://openalex.org/W4399809350,Preliminary Insights on the Habitat Use and Vertical Movements of the Pelagic Stingray (Pteroplatytrygon violacea) in the Western Mediterranean Sea,C_asserted_no_evidence,multiple North African,2024,FALSE,FALSE,FALSE,FALSE,FALSE,TRUE,TRUE,FALSE,FALSE,FALSE,FALSE,FALSE,0,FALSE
https://openalex.org/W3081500063,"A Landscape without Nonhuman Primates? The Case of the Barbary Macaque, Macaca sylvanus, (Linnaeus, 1758) and Its Interaction with Humans throughout Recorded Time",C_asserted_no_evidence,multiple North African,2020,TRUE,TRUE,TRUE,FALSE,FALSE,TRUE,TRUE,FALSE,FALSE,FALSE,FALSE,FALSE,3,TRUE
https://openalex.org/W4379411076,Drivers of Small-Scale Fishers’ Acceptability across Mediterranean Marine Protected Areas at Different Stages of Establishment,C_asserted_no_evidence,multiple North African,2023,FALSE,FALSE,FALSE,FALSE,FALSE,TRUE,TRUE,FALSE,FALSE,FALSE,FALSE,FALSE,0,FALSE
https://openalex.org/W4396218332,High Loggerhead (Caretta caretta) Bycatch Rate along with Several Endangered Target Species: Two Reasons to Look for Alternative to Traditional Large-Mesh Bottom-Set Gillnets (Garrasia) for More Sustainable Fisheries in the Gulf of Gabès (Tunisia),A_named_country_corroborated,Tunisia,2024,TRUE,FALSE,FALSE,FALSE,FALSE,TRUE,TRUE,TRUE,FALSE,FALSE,FALSE,FALSE,1,TRUE
https://openalex.org/W4402524969,Ghost Gear in the Gulf of Gabès (Tunisia): An Urgent Need for a Conservation Code of Conduct,B_regional_corroborated,multiple North African,2024,TRUE,FALSE,FALSE,FALSE,FALSE,TRUE,TRUE,TRUE,FALSE,FALSE,FALSE,FALSE,1,TRUE
https://openalex.org/W4402750361,Climate Warming and Mismanagement Drive the Shift of Fish Communities in the Wadi El-Rayan Arid Lakes,B_regional_corroborated,multiple North African,2024,TRUE,TRUE,TRUE,TRUE,FALSE,TRUE,TRUE,FALSE,FALSE,FALSE,FALSE,TRUE,4,TRUE
https://openalex.org/W2286354200,L’évolution récente de l’avifaune du Nord-Est marocain : pertes et gains depuis 35 ans,A_named_country_corroborated,Morocco,1990,FALSE,FALSE,TRUE,FALSE,FALSE,TRUE,TRUE,FALSE,FALSE,TRUE,FALSE,FALSE,1,TRUE
https://openalex.org/W2299960256,"Valorisation des eaux de surface de la réserve de Mergueb (M’sila, Algérie) au profit de la faune sauvage protégée dont la Gazelle de Cuvier, espèce emblématique de la région",A_named_country_corroborated,Algeria,2010,FALSE,TRUE,FALSE,FALSE,FALSE,TRUE,TRUE,FALSE,TRUE,FALSE,FALSE,FALSE,1,TRUE
https://openalex.org/W4390354179,"What does the diet of the Common Starling (Sturnus vulgaris Linnaeus, 1758) in the Ziban Oasis (Algeria) indicate: pest or useful in agriculture?",A_named_country_corroborated,Algeria,2023,FALSE,TRUE,FALSE,FALSE,FALSE,TRUE,TRUE,FALSE,TRUE,FALSE,FALSE,FALSE,1,TRUE
https://openalex.org/W3183479500,"Economic losses caused by rodents in some types of maize fields at Farshout District, Qena Governorate, Egypt",A_named_country_corroborated,Egypt,2021,FALSE,FALSE,FALSE,FALSE,TRUE,TRUE,TRUE,FALSE,FALSE,FALSE,FALSE,TRUE,1,TRUE
https://openalex.org/W4413435269,"Assessment of Morphometric Characteristics and Conservation Challenges of Pteroplatytrygon Violacea (Bonaparte, 1832) in Libyan Waters",B_regional_corroborated,multiple North African,2024,FALSE,FALSE,FALSE,TRUE,FALSE,TRUE,TRUE,FALSE,FALSE,FALSE,TRUE,FALSE,1,TRUE
https://openalex.org/W3210000181,Status of Chinese Carp Fisheries in Tunisian Freshwater Reservoirs: Threats and Opportunities,A_named_country_corroborated,Tunisia,2021,TRUE,FALSE,FALSE,FALSE,FALSE,TRUE,TRUE,TRUE,FALSE,FALSE,FALSE,FALSE,1,TRUE
https://openalex.org/W4399672673,"Additional records of the little sleeper shark, Somniosus rostratus (Elasmobranchii: Squaliformes: Somniosidae), in Mediterranean Sea",B_regional_corroborated,multiple North African,2024,TRUE,FALSE,FALSE,TRUE,FALSE,TRUE,TRUE,FALSE,FALSE,FALSE,TRUE,FALSE,2,TRUE
https://openalex.org/W3029444820,First study of sea turtle strandings in Algeria (western Mediterranean) and associated threats: 2016–2017,A_named_country_corroborated,Algeria,2020,FALSE,TRUE,FALSE,FALSE,FALSE,TRUE,TRUE,FALSE,TRUE,FALSE,FALSE,TRUE,1,TRUE
https://openalex.org/W3188375666,Economic costs of invasive alien species in the Mediterranean basin,B_regional_corroborated,multiple North African,2021,FALSE,FALSE,FALSE,TRUE,FALSE,TRUE,TRUE,FALSE,FALSE,FALSE,TRUE,FALSE,1,TRUE
https://openalex.org/W1543624443,Seabird mortality from longline fishing in the Mediterranean Sea and Macaronesian waters: a review and a way forward,B_regional_corroborated,multiple North African,2003,TRUE,FALSE,FALSE,FALSE,FALSE,TRUE,TRUE,TRUE,FALSE,FALSE,FALSE,FALSE,1,TRUE
https://openalex.org/W1863567874,Incidental capture of sea turtles by longlines in the Gulf of Gabès (South Tunisia): A comparative study between bottom and surface longlines,B_regional_corroborated,multiple North African,2008,TRUE,FALSE,FALSE,FALSE,FALSE,TRUE,TRUE,TRUE,FALSE,FALSE,FALSE,FALSE,1,TRUE
https://openalex.org/W13500458,Mitochondrial DNA reveals regional and interregional importance of the central Mediterranean African shelf for loggerhead sea turtles (Caretta caretta),B_regional_corroborated,multiple North African,2008,TRUE,TRUE,TRUE,TRUE,FALSE,TRUE,TRUE,FALSE,FALSE,FALSE,FALSE,FALSE,4,TRUE
https://openalex.org/W2201706815,"Roles of tourism in the local people’s opinion regarding human-macaque conflict in the central High Atlas, Morocco",B_regional_corroborated,multiple North African,2015,FALSE,FALSE,TRUE,FALSE,FALSE,TRUE,TRUE,FALSE,FALSE,TRUE,FALSE,FALSE,1,TRUE
https://openalex.org/W3186672508,Incidental catch of vulnerable species in Mediterranean and Black Sea fisheries - A review,B_regional_corroborated,multiple North African,2021,TRUE,FALSE,FALSE,FALSE,TRUE,TRUE,TRUE,TRUE,FALSE,FALSE,FALSE,TRUE,2,TRUE
https://openalex.org/W2568954900,A Cultural Herpetology of Nile Crocodiles in Africa,B_regional_corroborated,multiple North African,2016,FALSE,FALSE,FALSE,FALSE,TRUE,TRUE,TRUE,FALSE,FALSE,FALSE,FALSE,TRUE,1,TRUE
https://openalex.org/W2155616904,Do Marine Protected Areas in the Red Sea Afford Protection to Dugongs and Sea Turtles?,B_regional_corroborated,multiple North African,2013,FALSE,FALSE,FALSE,FALSE,TRUE,TRUE,TRUE,FALSE,FALSE,FALSE,FALSE,TRUE,1,TRUE
https://openalex.org/W2808697371,Geographical distribution of health indicators related to snake bites and envenomation in Morocco between 1999 and 2013,A_named_country_corroborated,Morocco,2018,FALSE,FALSE,TRUE,FALSE,FALSE,FALSE,TRUE,FALSE,FALSE,TRUE,FALSE,FALSE,1,TRUE
https://openalex.org/W4390757936,Threats and Mitigation,C_asserted_no_evidence,multiple North African,2023,TRUE,TRUE,TRUE,FALSE,FALSE,FALSE,TRUE,FALSE,FALSE,FALSE,FALSE,FALSE,3,TRUE
https://openalex.org/W4382585571,First data about movements and threats of Rüppell's Vultures (Gyps rueppellii) tagged in Morocco: an international and multi-institutional study.,B_regional_corroborated,multiple North African,2023,FALSE,FALSE,TRUE,FALSE,FALSE,FALSE,TRUE,FALSE,TRUE,TRUE,FALSE,FALSE,1,TRUE
https://openalex.org/W3016553572,Wildlife trafficking and criminogenic asymmetries in a globalised world,B_regional_corroborated,multiple North African,2020,FALSE,TRUE,TRUE,FALSE,FALSE,TRUE,TRUE,TRUE,TRUE,TRUE,FALSE,FALSE,2,TRUE
https://openalex.org/W4414777589,GLOBAL AND LOCAL DRIVERS OF CORAL REEF DEGRADATION: KEY STRATEGIES FOR MITIGATING DAMAGE AND FOSTERING RESILIENCE,C_asserted_no_evidence,multiple North African,2025,FALSE,FALSE,FALSE,FALSE,FALSE,NA,TRUE,FALSE,FALSE,FALSE,FALSE,FALSE,0,FALSE
https://openalex.org/W4412637076,Myths about Wildlife use for Medicinal Purposes,C_asserted_no_evidence,multiple North African,2025,FALSE,FALSE,FALSE,FALSE,FALSE,NA,TRUE,FALSE,FALSE,FALSE,FALSE,FALSE,0,FALSE
https://openalex.org/W4387024935,Injuries in cetaceans in the Strait of Gibraltar: an update for the period 2016-2020,B_regional_corroborated,multiple North African,2023,FALSE,FALSE,TRUE,FALSE,FALSE,TRUE,TRUE,FALSE,FALSE,TRUE,FALSE,FALSE,1,TRUE
https://openalex.org/W4391197122,"Population biology, conservation threats and status of Mediterranean striped dolphins (Stenella coeruleoalba)",B_regional_corroborated,multiple North African,2000,TRUE,FALSE,TRUE,FALSE,FALSE,TRUE,TRUE,FALSE,FALSE,TRUE,FALSE,FALSE,2,TRUE
https://openalex.org/W4411617346,10.51847/g9duHRt,B_regional_corroborated,multiple North African,2000,FALSE,TRUE,FALSE,FALSE,FALSE,TRUE,TRUE,FALSE,TRUE,FALSE,FALSE,FALSE,1,TRUE
https://openalex.org/W4408823380,Mitigating dolphin depredation in Mediterranean fisheries: results and insights from collaborative efforts for cetacean conservation and sustainable fisheries,B_regional_corroborated,multiple North African,2025,TRUE,FALSE,TRUE,FALSE,FALSE,TRUE,TRUE,TRUE,FALSE,TRUE,FALSE,FALSE,2,TRUE
https://openalex.org/W4289548230,"Analysis Of Fish Community At The First Artificial Reef In Morocco (Martil, Mediterranean).",A_named_country_corroborated,Morocco,2018,FALSE,FALSE,TRUE,FALSE,FALSE,TRUE,TRUE,FALSE,FALSE,TRUE,FALSE,FALSE,1,TRUE
https://openalex.org/W4288349131,The shifting distribution of Mediterranean fishes: a spatio-temporal assessment based on Local Ecological Knowledge.,C_asserted_no_evidence,multiple North African,2019,TRUE,TRUE,TRUE,TRUE,TRUE,TRUE,TRUE,FALSE,FALSE,FALSE,FALSE,FALSE,5,TRUE
https://openalex.org/W4286380219,D7.9 Review of species-specific collision risks for sea birds,C_asserted_no_evidence,multiple North African,2021,FALSE,FALSE,FALSE,FALSE,FALSE,NA,TRUE,FALSE,FALSE,FALSE,FALSE,FALSE,0,FALSE
https://openalex.org/W4301525508,Review of species-specific collision risks for seabirds,C_asserted_no_evidence,multiple North African,2021,FALSE,FALSE,FALSE,FALSE,FALSE,NA,TRUE,FALSE,FALSE,FALSE,FALSE,FALSE,0,FALSE
https://openalex.org/W4303457477,"IPBES Sustainable Use of Wild Species Assessment - Chapter 3. Status of and trends in the use of wild species and its implications for wild species, the environment and people",C_asserted_no_evidence,multiple North African,2022,FALSE,FALSE,FALSE,FALSE,FALSE,NA,TRUE,FALSE,FALSE,FALSE,FALSE,FALSE,0,FALSE
https://openalex.org/W4309601661,IPBES Sustainable Use of Wild Species Assessment - Chapter 4. The drivers of the sustainable use of wild species,C_asserted_no_evidence,multiple North African,2022,FALSE,FALSE,FALSE,FALSE,FALSE,NA,TRUE,FALSE,FALSE,FALSE,FALSE,FALSE,0,FALSE
https://openalex.org/W4323066251,IPBES Sustainable Use of Wild Species Assessment - Chapter 4. The drivers of the sustainable use of wild species,C_asserted_no_evidence,multiple North African,2022,FALSE,FALSE,FALSE,FALSE,FALSE,NA,TRUE,FALSE,FALSE,FALSE,FALSE,FALSE,0,FALSE
https://openalex.org/W4415743148,"&lt;b&gt;Impact of light pollution on the success of loggerhead turtle nesting in Chebba, Tunisia&lt;/b&gt;",A_named_country_corroborated,Tunisia,2025,TRUE,FALSE,FALSE,FALSE,FALSE,TRUE,TRUE,TRUE,FALSE,FALSE,FALSE,FALSE,1,TRUE
https://openalex.org/W4411035654,"&lt;b&gt;Artisanal fisher ecological knowledge with morphometric measurements of Angel Sharks form Libya, Central Mediterranean&lt;/b&gt;",A_named_country_corroborated,Libya,2025,FALSE,FALSE,FALSE,TRUE,FALSE,TRUE,TRUE,FALSE,FALSE,FALSE,TRUE,FALSE,1,TRUE
https://openalex.org/W7138888116,Latest sightings of the striped hyena in North Africa: major threats and conservation actions,B_regional_corroborated,multiple North African,2026,TRUE,TRUE,TRUE,TRUE,TRUE,TRUE,TRUE,FALSE,FALSE,FALSE,FALSE,FALSE,5,TRUE
https://openalex.org/W4411744005,Spatiotemporal dynamics of wild boar-induced crop damage in Southern Tunisian agroecosystems and the role of oasis characteristics,B_regional_corroborated,multiple North African,2025,TRUE,FALSE,FALSE,FALSE,FALSE,TRUE,TRUE,TRUE,FALSE,FALSE,FALSE,FALSE,1,TRUE
https://openalex.org/W4386830300,Rethinking Marine Resource Management and the Livelihoods of Artisanal Fishers,C_asserted_no_evidence,multiple North African,2023,FALSE,FALSE,FALSE,FALSE,FALSE,NA,TRUE,FALSE,FALSE,FALSE,FALSE,FALSE,0,FALSE
https://openalex.org/W1503887661,Biological and Ecological Studies on Land Snails and Their Control,B_regional_corroborated,multiple North African,2012,FALSE,FALSE,FALSE,FALSE,TRUE,TRUE,TRUE,FALSE,FALSE,FALSE,FALSE,TRUE,1,TRUE
https://openalex.org/W4407427266,Sea Turtles in Tunisia: An Overview on their Status and Conservation Effort,B_regional_corroborated,multiple North African,2025,TRUE,FALSE,FALSE,FALSE,FALSE,FALSE,TRUE,TRUE,FALSE,FALSE,FALSE,FALSE,1,TRUE
https://openalex.org/W4408717697,"Vulnerable Marine Vertebrates along the Egyptian Mediterranean Coast: Challenges to the Anthropogenic, Fisheries Bycatch and Climatic Changes",A_named_country_corroborated,Egypt,2025,FALSE,FALSE,FALSE,FALSE,TRUE,TRUE,TRUE,FALSE,FALSE,FALSE,FALSE,TRUE,1,TRUE
https://openalex.org/W4379795531,The Red Sea Fisheries - Threats and Proposed Solutions,C_asserted_no_evidence,multiple North African,2023,TRUE,FALSE,FALSE,FALSE,TRUE,TRUE,TRUE,FALSE,FALSE,FALSE,FALSE,FALSE,2,TRUE
https://openalex.org/W4380050798,The Red Sea Fisheries - Threats and Proposed Solutions,C_asserted_no_evidence,multiple North African,2023,TRUE,FALSE,FALSE,FALSE,TRUE,TRUE,TRUE,FALSE,FALSE,FALSE,FALSE,FALSE,2,TRUE
https://openalex.org/W7137890517,Impact of bycatch in tunisian coastal fisheries:Proposed fishing gear and practice modifications to Mitigate the effect on threatened sea turtles,B_regional_corroborated,multiple North African,2025,TRUE,FALSE,FALSE,FALSE,FALSE,TRUE,TRUE,TRUE,FALSE,FALSE,FALSE,FALSE,1,TRUE
https://openalex.org/W2206652945,Spanish Imperial Eagles and other eagles found electrocuted in Morocco and proposition of correction measures,B_regional_corroborated,multiple North African,2015,FALSE,FALSE,TRUE,FALSE,FALSE,TRUE,TRUE,FALSE,FALSE,TRUE,FALSE,FALSE,1,TRUE
https://openalex.org/W4414984302,Blue Carbon and Food Security: A Systematic Review of Mangrove Ecosystem Services for SDG 13 (Climate Action) and SDG 2 (Zero Hunger),C_asserted_no_evidence,multiple North African,2024,FALSE,FALSE,FALSE,FALSE,FALSE,NA,TRUE,FALSE,FALSE,FALSE,FALSE,FALSE,0,FALSE
https://openalex.org/W4406349403,Guidelines for the management of cetacean watching activities in the ACCOBAMS area,C_asserted_no_evidence,multiple North African,2022,FALSE,FALSE,FALSE,FALSE,FALSE,TRUE,TRUE,FALSE,FALSE,FALSE,FALSE,FALSE,0,FALSE
https://openalex.org/W4406692881,Guidelines for technical measures to minimise cetacean-fishery conflicts in the Mediterranean and Black Seas,C_asserted_no_evidence,multiple North African,2004,FALSE,FALSE,FALSE,FALSE,FALSE,TRUE,TRUE,FALSE,FALSE,FALSE,FALSE,FALSE,0,FALSE
https://openalex.org/W4245410401,Ecology of Caracals and Their Distribution in Africa: A Review Paper,B_regional_corroborated,multiple North African,2019,TRUE,TRUE,TRUE,TRUE,TRUE,TRUE,TRUE,FALSE,FALSE,FALSE,FALSE,FALSE,5,TRUE
https://openalex.org/W2954627580,"Water Hyacinth (Eichhornia crassipes) Biology and Its Impacts on Ecosystem, Biodiversity, Economy and Human Well-being",B_regional_corroborated,multiple North African,2019,FALSE,FALSE,FALSE,FALSE,TRUE,TRUE,TRUE,FALSE,FALSE,FALSE,FALSE,TRUE,1,TRUE
https://openalex.org/W2513225841,Liposomal Microencapsulation of Rodent-repelling Agents onto Jute Burlaps: Assessment of Cytotoxicity and Rat Behavioral Test,A_named_country_corroborated,Egypt,2016,FALSE,FALSE,FALSE,FALSE,TRUE,TRUE,TRUE,FALSE,FALSE,FALSE,FALSE,TRUE,1,TRUE
https://openalex.org/W3042821301,Fishing co-operation between the Kingdom of Morocco and the European Union : towards integrated and sustainable fisheries management,A_named_country_corroborated,Morocco,1996,FALSE,FALSE,TRUE,FALSE,FALSE,TRUE,TRUE,FALSE,FALSE,TRUE,FALSE,FALSE,1,TRUE
https://openalex.org/W3131003730,Studies on the Ecology and Conservation of Marine Turtles: With Particular Reference to the Mediterranean,C_asserted_no_evidence,multiple North African,1998,FALSE,FALSE,FALSE,FALSE,FALSE,FALSE,TRUE,FALSE,FALSE,FALSE,FALSE,FALSE,0,FALSE
https://openalex.org/W7139743578,National Oceanic and Atmospheric Administration Report 26,C_asserted_no_evidence,multiple North African,2004,FALSE,FALSE,FALSE,FALSE,FALSE,NA,TRUE,FALSE,FALSE,FALSE,FALSE,FALSE,0,FALSE
https://openalex.org/W2154998326,ECOSYSTEM EFFECTS OF FISHING IN THE MEDITERREAN: AN ANALYSIS OF THE MAJOR THREATS OF FISHING GEAR AND PRACTICES TO BIODIVERSITY AND MARINE HABITATS,B_regional_corroborated,multiple North African,2004,TRUE,FALSE,FALSE,FALSE,FALSE,TRUE,TRUE,TRUE,FALSE,FALSE,FALSE,FALSE,1,TRUE
https://openalex.org/W2556430982,EXTENDED ABSTRACT Trionyx triunguis: The brackish water turtle that also lives in the Mediterranean Sea,B_regional_corroborated,multiple North African,2006,FALSE,FALSE,FALSE,FALSE,TRUE,TRUE,TRUE,FALSE,FALSE,FALSE,FALSE,TRUE,1,TRUE
https://openalex.org/W2502035066,"07. Impact of trawl fishery on marine turtles in the Gulf of Gabès, Tunisia",B_regional_corroborated,multiple North African,2007,TRUE,FALSE,FALSE,FALSE,FALSE,FALSE,TRUE,TRUE,FALSE,FALSE,FALSE,FALSE,1,TRUE
https://openalex.org/W2479764566,"05. Gillnet fishery – loggerhead turtle interactions in the Gulf of Gabes, Tunisia",A_named_country_corroborated,Tunisia,2010,TRUE,FALSE,FALSE,FALSE,FALSE,TRUE,TRUE,TRUE,FALSE,FALSE,FALSE,TRUE,1,TRUE
https://openalex.org/W3124911220,Managing Bluefin Tuna in the Mediterranean Sea,C_asserted_no_evidence,multiple North African,2010,FALSE,FALSE,FALSE,FALSE,FALSE,TRUE,TRUE,FALSE,FALSE,FALSE,FALSE,FALSE,0,FALSE
https://openalex.org/W7139462097,"Fisheries Centre research reports. Volume 17, number 2",C_asserted_no_evidence,multiple North African,2009,TRUE,TRUE,TRUE,FALSE,FALSE,TRUE,TRUE,FALSE,FALSE,FALSE,FALSE,FALSE,3,TRUE
https://openalex.org/W930013270,Evaluating the Potential of Swordfish Buoy Gear as an Alternative to Pelagic Driftnets in the Artisanal Fisheries of Morocco and Turkey,B_regional_corroborated,multiple North African,2012,FALSE,FALSE,TRUE,FALSE,FALSE,TRUE,TRUE,FALSE,FALSE,TRUE,FALSE,FALSE,1,TRUE
https://openalex.org/W142839631,Ecology of marine turtles across the eastern Mediterranean and the Middle East,B_regional_corroborated,multiple North African,2013,FALSE,FALSE,FALSE,FALSE,FALSE,NA,TRUE,FALSE,FALSE,FALSE,FALSE,FALSE,0,FALSE
https://openalex.org/W2600438549,Fighting Over Fish: How Climate Change Could Influence Violent Conflict,C_asserted_no_evidence,multiple North African,2013,FALSE,FALSE,FALSE,FALSE,FALSE,NA,TRUE,FALSE,FALSE,FALSE,FALSE,FALSE,0,FALSE
https://openalex.org/W280442085,"Including People in Primate Conservation: A Case Study of Shepherds and Barbary Macaques in Bouhachem forest, Northern Morocco",A_named_country_corroborated,Morocco,2014,FALSE,FALSE,TRUE,FALSE,FALSE,TRUE,TRUE,FALSE,FALSE,TRUE,FALSE,FALSE,1,TRUE
https://openalex.org/W2341723205,"The impact of Bedouin agricultural gardens on biodiversity in South Sinai, Egypt",A_named_country_corroborated,Egypt,2015,FALSE,FALSE,FALSE,FALSE,TRUE,TRUE,TRUE,FALSE,FALSE,FALSE,FALSE,TRUE,1,TRUE
9052239,Trawling and creeling for nephrops: impacts on biodiversity and populations structure,B_regional_corroborated,multiple North African,2015,FALSE,FALSE,TRUE,FALSE,FALSE,FALSE,TRUE,FALSE,FALSE,TRUE,FALSE,FALSE,1,TRUE
312874712,Migratory corridors and foraging hotspots: Critical habitats identified for Mediterranean green turtles,B_regional_corroborated,multiple North African,2015,FALSE,FALSE,FALSE,TRUE,TRUE,FALSE,TRUE,FALSE,FALSE,FALSE,TRUE,TRUE,2,TRUE
310900409,Shelf life: Neritic habitat use of a turtle population highly threatened by fisheries,B_regional_corroborated,multiple North African,2016,TRUE,FALSE,FALSE,TRUE,TRUE,FALSE,TRUE,TRUE,FALSE,FALSE,TRUE,TRUE,3,TRUE
https://openalex.org/W2788326307,Fish and fishing monitoring methods and indicators in Marine Protected Areas in Tunisia,A_named_country_corroborated,Tunisia,2017,TRUE,FALSE,FALSE,FALSE,FALSE,TRUE,TRUE,TRUE,FALSE,FALSE,FALSE,FALSE,1,TRUE
138701980,"Distribution, abundance and population structure of Hexaplex trunculus and Bolinus brandaris (Gastropoda: Muricidae) in offshore areas of the Gulf of Gabès, southern Tunisia",A_named_country_corroborated,Tunisia,2017,TRUE,FALSE,FALSE,FALSE,FALSE,TRUE,TRUE,TRUE,FALSE,FALSE,FALSE,FALSE,1,TRUE
https://openalex.org/W2943862379,Current and future interactions between nature and society,C_asserted_no_evidence,multiple North African,2018,FALSE,FALSE,FALSE,FALSE,FALSE,TRUE,TRUE,FALSE,FALSE,FALSE,FALSE,FALSE,0,FALSE
https://openalex.org/W2908417904,Effects of Human Activities on Coastal Dolphin Behavior,C_asserted_no_evidence,multiple North African,2018,FALSE,FALSE,FALSE,FALSE,FALSE,NA,TRUE,FALSE,FALSE,FALSE,FALSE,FALSE,0,FALSE
304099714,"Vulnerability of elasmobranchs as longline bycatch in the gulf of Gabes (Southern Tunisia, central Mediterranean sea).",B_regional_corroborated,multiple North African,2018,TRUE,FALSE,FALSE,FALSE,FALSE,FALSE,TRUE,TRUE,FALSE,FALSE,FALSE,TRUE,1,TRUE
14327335,Important areas at sea for adult loggerhead sea turtles in the Mediterranean Sea: satellite tracking corroborates findings from potentially biased sources,B_regional_corroborated,multiple North African,2018,TRUE,FALSE,FALSE,FALSE,FALSE,TRUE,TRUE,TRUE,FALSE,FALSE,FALSE,FALSE,1,TRUE
https://openalex.org/W3093465490,Understanding and reducing the impact of fishing on discarded sharks and rays with innovative new tools for conservation and research,C_asserted_no_evidence,multiple North African,2019,FALSE,FALSE,FALSE,FALSE,FALSE,NA,TRUE,FALSE,FALSE,FALSE,FALSE,FALSE,0,FALSE
https://openalex.org/W3037333349,"Individual and environmental drivers of resource use in an endangered vulture: integrating movement, spatial and social ecology",B_regional_corroborated,multiple North African,2020,FALSE,FALSE,FALSE,FALSE,FALSE,TRUE,TRUE,FALSE,FALSE,FALSE,FALSE,TRUE,0,FALSE
https://openalex.org/W4393365762,Human - Waterbird interactions : Uses of waterbird populations by local communities in major Sahelo-Saharan wetlands : towards sustainable management?,C_asserted_no_evidence,multiple North African,2022,FALSE,FALSE,FALSE,FALSE,TRUE,TRUE,TRUE,FALSE,FALSE,FALSE,FALSE,FALSE,1,TRUE
292045994,"Vulnerability of elasmobranchs caught as bycatch in the grouper longline fishery in the Gulf of Gabès, Tunisia",A_named_country_corroborated,Tunisia,2023,TRUE,FALSE,FALSE,FALSE,FALSE,TRUE,TRUE,TRUE,FALSE,FALSE,FALSE,FALSE,1,TRUE
https://openalex.org/W7164091231,Anàlisi del grau de solapament entre l&apos;esforç de pesca aparent i l&apos;hàbitat de la tortuga boba en el Mediterrani occidental,C_asserted_no_evidence,multiple North African,2024,TRUE,TRUE,TRUE,TRUE,FALSE,TRUE,TRUE,FALSE,FALSE,FALSE,FALSE,FALSE,4,TRUE
https://openalex.org/W7167993435,Ferite inferte all’uomo dal sarago maggiore (Diplodus sargus),C_asserted_no_evidence,multiple North African,2024,FALSE,FALSE,FALSE,FALSE,FALSE,NA,TRUE,FALSE,FALSE,FALSE,FALSE,FALSE,0,FALSE
https://openalex.org/W7166600224,Analisi degli attacchi di squali confermati nel Mediterraneo orientale e nel Mar di Marmara (1827-2025),B_regional_corroborated,multiple North African,2025,FALSE,FALSE,FALSE,FALSE,TRUE,TRUE,TRUE,FALSE,FALSE,FALSE,FALSE,TRUE,1,TRUE
309650787,Distribution of sea turtles and their anthropogenic threats: innovative approaches to improve conservation actions,B_regional_corroborated,multiple North African,2028,TRUE,FALSE,FALSE,FALSE,FALSE,FALSE,TRUE,TRUE,FALSE,FALSE,FALSE,FALSE,1,TRUE
https://openalex.org/W2919734443,,C_asserted_no_evidence,multiple North African,2018,TRUE,TRUE,TRUE,FALSE,FALSE,FALSE,TRUE,FALSE,FALSE,FALSE,FALSE,FALSE,3,TRUE
