id,title,cell_country,study_country,in_scope,quote_grounded,verified
https://openalex.org/W7116043374,"Effects of lethal and non‐lethal wolf ( <i>Canis lupus</i> ) management measures on livestock depredation in the Golan Heights, Israel",EG,other country,FALSE,TRUE,TRUE
https://openalex.org/W4211231553,Bibliography,EG,not stated,FALSE,NA,TRUE
https://openalex.org/W4413330259,Evaluating Feral Swine Eradication and Control Pilot Program Impact on Crop Indemnities,MA,other country,FALSE,NA,TRUE
https://openalex.org/W4386046441,Behavioral adjustments of endangered Barbary macaques (<i>Macaca sylvanus</i>) living at the edge of an agricultural landscape in Morocco,MA,Morocco,TRUE,NA,TRUE
https://openalex.org/W2796022831,"Race, then and now: 1918 revisited",LY,multiple North African,TRUE,FALSE,TRUE
https://openalex.org/W2018069372,Effect of type of bait on pelagic longline fishery–loggerhead turtle interactions in the Gulf of Gabes (Tunisia),TN,Tunisia,TRUE,TRUE,TRUE
https://openalex.org/W1757226906,Annual survival probabilities of juvenile loggerhead sea turtles indicate high anthropogenic impact on Mediterranean populations,TN,multiple North African,TRUE,TRUE,TRUE
https://openalex.org/W1898712661,Vulnerabilities and fisheries impacts: the uncertain future of manta and devil rays,EG,not stated,FALSE,NA,TRUE
https://openalex.org/W2981509526,"A stranding record of the short‐beaked common dolphin (<scp><i>Delphinus delphis</i></scp>) in Algerian West Coast, during 2008–2012",DZ,Algeria,TRUE,TRUE,TRUE
https://openalex.org/W2991073745,"Effects of fishing practice changes on pelagic shark longline captures in the Gulf of Gabes, Tunisia",TN,multiple North African,TRUE,TRUE,TRUE
https://openalex.org/W3133867487,The conservation of the endangered Mediterranean common dolphin (<scp><i>Delphinus delphis</i></scp>): Current knowledge and research priorities,TN,multiple North African,TRUE,FALSE,TRUE
https://openalex.org/W3215690827,"Strongly structured populations and reproductive habitat fragmentation increase the vulnerability of the Mediterranean starry ray<scp><i>Raja asterias</i></scp>(Elasmobranchii, Rajidae)",TN,multiple North African,TRUE,TRUE,TRUE
https://openalex.org/W4387895721,"A review of reported effects of pelagic longline fishing gear configurations on target, bycatch and vulnerable species",REGION,not stated,FALSE,NA,TRUE
https://openalex.org/W4390771181,Identifying the foraging grounds of the new loggerhead turtle nesters in the western Mediterranean,TN,multiple North African,TRUE,TRUE,TRUE
https://openalex.org/W7125115970,The Potential Re‐Colonisation of Mediterranean Monk Seals: Evaluating Threats and Management Options,MA,other country,FALSE,NA,TRUE
https://openalex.org/W7167666335,"Assessing the Vulnerability and the Stock Status of the Bluntnose Sixgill Shark, <scp> <i>Hexanchus griseus</i> </scp> , in North‐Eastern Tunisia (Central Mediterranean) Using Data‐Limited Models",TN,Tunisia,TRUE,TRUE,TRUE
https://openalex.org/W2027324331,Harnessing the Hallowed Hollows of the Head: The Mysterious World of the Paranasal Sinuses,EG,not stated,FALSE,NA,TRUE
https://openalex.org/W2908415939,"History of Ecological Sciences, Part 61C: Marine Biogeography, 1690s–1940s",EG,multiple North African,TRUE,FALSE,TRUE
https://openalex.org/W4403764659,Contrasting effects of shooting disturbance on the movement and behavior of sympatric wildfowl species,EG,other country,FALSE,TRUE,TRUE
https://openalex.org/W2969873458,Population ecology and the management of whale watching operations on a data‐deficient dolphin population,EG,Egypt,TRUE,TRUE,TRUE
https://openalex.org/W3016946123,Shelter availability and human attitudes as drivers of rock hyrax (<i>Procavia capensis</i>) expansion along a rural–urban gradient,REGION,other country,FALSE,TRUE,TRUE
https://openalex.org/W4412190053,"Out of Sight, out of Mind? Evidence of Human‐Induced Threats in the Elusive <scp> <i>Ziphius cavirostris</i> </scp> of the Mediterranean Sea",MA,multiple North African,TRUE,TRUE,TRUE
https://openalex.org/W4413922878,"Nile Crocodiles in Lake Nasser, Egypt, Are Found Close to Fishermen's Camps, Indicating Potential Conflicts",EG,Egypt,TRUE,TRUE,TRUE
https://openalex.org/W7124748218,Local Ecological Knowledge and Cultural Perceptions of Snakes in Sudan,EG,other country,FALSE,TRUE,TRUE
https://openalex.org/W4285736444,"Living with a large predator: Assessing the root causes of Human–brown bear conflict and their spatial patterns in Lahaul valley, Himachal Pradesh",REGION,other country,FALSE,TRUE,TRUE
https://openalex.org/W4416097950,Fishing shapes cetacean population density patterns in the Mediterranean basin,LY,multiple North African,TRUE,TRUE,TRUE
https://openalex.org/W4405216067,Harnessing fear of predators and competitors as deterrents for an invasive predator,EG,not stated,FALSE,NA,TRUE
https://openalex.org/W2346372502,"Supplementary feeding and endangered avian scavengers: benefits, caveats, and controversies",EG,not stated,FALSE,NA,TRUE
https://openalex.org/W1491411029,Exploring the apparent absence of psychosis amongst the Borana pastoralist community of Southern Ethiopia. A mixed method follow-up study,MA,multiple North African,FALSE,NA,TRUE
https://openalex.org/W4396236644,MORE THAN JUST GHOST LORE IN <i>A BAD PLACE:</i> MIKAEL HÁFSTRÓM'S CINEMATOGRAPHIC TRANSLATION OF STEPHEN KING'S SHORT STORY “1408”,EG,other country,FALSE,NA,TRUE
https://openalex.org/W4385484261,Youth Capacity Building and Leadership Through <scp>CBPR</scp> and Conflict Transformation with the Montagnard Refugee‐Origin Community,DZ,multiple North African,FALSE,NA,TRUE
https://openalex.org/W2786465808,Feeding wild fish for tourism—A systematic quantitative literature review of impacts and management,EG,not stated,FALSE,NA,TRUE
https://openalex.org/W4388850775,Methods to mitigate human–wildlife conflicts involving common mesopredators: a meta‐analysis,REGION,other country,FALSE,TRUE,TRUE
https://openalex.org/W2795107594,A geography of lake carbon cycling,REGION,not stated,FALSE,NA,TRUE
https://openalex.org/W2996616773,"Analogous losses of large animals and trees, socio‐ecological consequences, and an integrative framework for rewilding‐based megabiota restoration",EG,not stated,FALSE,NA,TRUE
https://openalex.org/W3004921868,Domestic cats and their impacts on biodiversity: A blind spot in the application of nature conservation law,EG,not stated,FALSE,NA,TRUE
https://openalex.org/W4392238910,"Opinions, attitudes and perceptions of local people towards the conservation of Nigeria‐Cameroon chimpanzees in Mpem‐Djim National Park, central Cameroon",EG,other country,FALSE,TRUE,TRUE
https://openalex.org/W4409537332,Behavioural responses of Bonelli's eagles to human disturbances: Assessing the effect on reproduction and suggested mitigating measures,EG,other country,FALSE,TRUE,TRUE
https://openalex.org/W4402733496,"Effects of human–wildlife conflict on local people's livelihoods and wildlife conservation in and around Alitash National Park, northwest Ethiopia",REGION,other country,FALSE,TRUE,TRUE
https://openalex.org/W4405947448,Human–wildlife conflict and coexistence in the African context,EG,multiple North African,TRUE,FALSE,TRUE
https://openalex.org/W7135420856,How Could Hunting and Fishing Policies and Practices Influence the Future of the Congo Basin Biodiversity and Ecosystems?,DZ,other country,FALSE,NA,TRUE
https://openalex.org/W7154999849,Animals and Tourism,EG,multiple North African,TRUE,NA,TRUE
https://openalex.org/W2193249342,"The Conflict Between Pteropodid Bats and Fruit Growers: Species, Legislation and Mitigation",EG,multiple North African,TRUE,FALSE,TRUE
https://openalex.org/W4388197640,"Diet of loggerhead turtles in the Gulf of Manfredonia, South Adriatic Sea: evidence of winter feeding and anthropogenic impacts",TN,other country,FALSE,TRUE,TRUE
https://openalex.org/W2899931711,Communicating for conservation: circumventing conflict with communities over domestic dog ownership in north Morocco,MA,Morocco,TRUE,TRUE,TRUE
https://openalex.org/W4392750860,Effectiveness of attractants and bait for Iberian wolf detection: captivity-based and free-ranging trials,EG,other country,FALSE,NA,TRUE
https://openalex.org/W4220771849,Human pressures constrain Eurasian otter occurrence in semiarid Northern Africa,MA,multiple North African,TRUE,NA,TRUE
https://openalex.org/W4393116054,Human disturbance and habitat structure drive Eurasian otter habitat selection in heavily anthropized river basins,REGION,not stated,FALSE,NA,TRUE
https://openalex.org/W4322201510,Heavy metal exposure risk associated with ingestion of Oreochromis niloticus and Coptodon kottae harvested from a lacustrine ecosystem,EG,other country,FALSE,TRUE,TRUE
https://openalex.org/W2795231704,Conflict between Dolphins and a Data-Scarce Fishery of the European Union,TN,other country,FALSE,TRUE,TRUE
https://openalex.org/W2562670914,Biosocial Conservation: Integrating Biological and Ethnographic Methods to Study Human–Primate Interactions,MA,multiple North African,TRUE,TRUE,TRUE
https://openalex.org/W2943305201,Interpreting People’s Behavior Toward Primates Using Qualitative Data: a Case Study from North Morocco,DZ,Morocco,TRUE,TRUE,TRUE
https://openalex.org/W3185015889,Decolonizing Primate Conservation Practice: A Case Study from North Morocco,MA,multiple North African,TRUE,TRUE,TRUE
https://openalex.org/W4321435198,When non-target wildlife species and alien species both affect negatively to an artisanal fishery: the case of trammel net in the Alboran Sea,TN,multiple North African,TRUE,TRUE,TRUE
https://openalex.org/W4400337172,"Conservation and management of chondrichthyans in the Mediterranean Sea: gaps, overlaps, inconsistencies, and the way forward",TN,multiple North African,TRUE,TRUE,TRUE
https://openalex.org/W4409958323,Socio-economic impacts and responses of the fishing industry and fishery managers to changes in small pelagic fish distribution and abundance,MA,multiple North African,TRUE,FALSE,TRUE
https://openalex.org/W4394988877,Policy-making for peri-urban landscapes as arenas of human-wildlife interactions,MA,other country,FALSE,NA,TRUE
https://openalex.org/W2132561879,The Links Between Resource Dependency and Attitude of Commercial Fishers to Coral Reef Conservation in the Red Sea,EG,multiple North African,TRUE,TRUE,TRUE
https://openalex.org/W4412632852,Great cormorants and grey herons depredating at finfish aquaculture: Factors affecting the human–wildlife conflict,DZ,other country,FALSE,TRUE,TRUE
https://openalex.org/W4402397723,Raising the awareness of fishing professionals about the conservation of species caught incidentally in the Moroccan Mediterranean Sea,TN,multiple North African,TRUE,TRUE,TRUE
https://openalex.org/W2185312405,Seismic surveys and marine turtles: An underestimated global threat?,TN,multiple North African,TRUE,FALSE,TRUE
https://openalex.org/W2901374222,Captive breeding cannot sustain migratory Asian houbara Chlamydotis macqueenii without hunting controls,MA,other country,FALSE,NA,TRUE
https://openalex.org/W4286586067,"Griffon vultures, livestock and farmers: Unraveling a complex socio-economic ecological conflict from a conservation perspective",EG,other country,FALSE,TRUE,TRUE
https://openalex.org/W4393971019,Tracking data highlight the importance of human-induced mortality for large migratory birds at a flyway scale,EG,multiple North African,TRUE,NA,TRUE
https://openalex.org/W4408273783,Sustainability and avian biodiversity tensions in wastewater management in arid zones,EG,Egypt,TRUE,TRUE,TRUE
https://openalex.org/W4412419680,A 25-year longitudinal assessment of Macaca sylvanus population dynamics and forest decline in Morocco's Middle Atlas,DZ,Morocco,TRUE,TRUE,TRUE
https://openalex.org/W4416431899,Assessing familiarity and potential conflict between hunters and non-hunters regarding mesocarnivore expansion,EG,other country,FALSE,TRUE,TRUE
https://openalex.org/W4414163724,Marine biotoxins in Mediterranean seafood: Environmental occurrence and food safety concerns,TN,multiple North African,TRUE,FALSE,TRUE
https://openalex.org/W3139109864,Expansion of native wild boar populations is a new threat for semi-arid wetland areas,DZ,other country,FALSE,TRUE,TRUE
https://openalex.org/W4375854866,Perceptions and attitudes to understand human-wildlife conflict in an urban landscape – A systematic review,EG,other country,FALSE,NA,TRUE
https://openalex.org/W3203855821,"First record of Pteroplatytrygon violacea (Bonaparte, 1832) with annotation of cartilaginous fishes by-catch by gill nets (Egyptian Mediterranean)",TN,multiple North African,TRUE,TRUE,TRUE
https://openalex.org/W4293739944,"An overview of the status of Bardawil Lake environment: Contemporary constraints, current government policy and proposed sustainable actions",EG,other country,FALSE,NA,TRUE
https://openalex.org/W4391827568,(Un)fair chase? Governing “conservation killing” in Africa and Europe,EG,multiple North African,FALSE,NA,TRUE
https://openalex.org/W3131922185,Willingness to pay for the conservation of the Mauritian flying fox,EG,other country,FALSE,NA,TRUE
https://openalex.org/W4283067969,Assessing the use of marine protected areas by loggerhead sea turtles (Caretta caretta) tracked from the western Mediterranean,TN,multiple North African,TRUE,FALSE,TRUE
https://openalex.org/W4412489632,Behavioural adaptability of wild geladas (Theropithecus gelada) in human-impacted areas revealed by encounters with free-roaming dogs and potential threats,MA,other country,FALSE,TRUE,TRUE
https://openalex.org/W4365505864,Better safe than sorry – Understanding the attitude and habits of drivers can help mitigating animal-vehicle collisions,TN,not stated,FALSE,NA,TRUE
https://openalex.org/W3194543166,Experimental diversionary feeding of red kites Milvus milvus reduces chick predation and enhances breeding productivity of northern lapwings Vanellus vanellus,REGION,other country,FALSE,TRUE,TRUE
https://openalex.org/W4312158089,"Disclosing the determinants, drivers and predictors of bird depredation on date palm (Phoenix dactylifera L.) production",TN,multiple North African,TRUE,TRUE,TRUE
https://openalex.org/W2953502263,Quantification of anthropogenic food subsidies to an avian facultative scavenger in urban and rural habitats,EG,other country,FALSE,FALSE,TRUE
https://openalex.org/W2771772028,Reducing fear to influence policy preferences: An experiment with sharks and beach safety policy options,EG,not stated,FALSE,NA,TRUE
https://openalex.org/W3162789037,Cultural heritage and environmental ethical values in governance models: Conflicts between recreational fisheries and other maritime activities in Mediterranean marine protected areas,LY,multiple North African,TRUE,TRUE,TRUE
https://openalex.org/W4401898051,Ecosystem health appears neglected in the management of the human-macaque interface: A systematic review,MA,not stated,FALSE,NA,TRUE
https://openalex.org/W4413915988,"Elasmobranch fisheries in Tunisia: Characterization, fishermen’s insights and conservation options",TN,Tunisia,TRUE,FALSE,TRUE
https://openalex.org/W3175439491,Disentangling drivers of power line use by vultures: Potential to reduce electrocutions,EG,multiple North African,TRUE,TRUE,TRUE
https://openalex.org/W4399916189,Combining ranger records and biogeographical models to identify the current and potential distribution of an expanding mesocarnivore in southern Europe,EG,other country,FALSE,TRUE,TRUE
https://openalex.org/W4388510764,African Buffalo and Colonial Cattle: Is ‘Systems Change’ the Best Future for Farming and Nature in Africa?,EG,multiple North African,TRUE,NA,TRUE
https://openalex.org/W2022452219,"Interactions of loggerhead turtle with bottom longline fishery in the Gulf of Gabès, Tunisia",TN,multiple North African,TRUE,TRUE,TRUE
https://openalex.org/W2157223050,Elasmobranchs longline fisheries in the Gulf of Gabès (southern Tunisia),TN,Tunisia,TRUE,TRUE,TRUE
https://openalex.org/W2064625507,Bats as bushmeat: a global review,REGION,multiple North African,FALSE,NA,TRUE
https://openalex.org/W2152278836,In search of the <i>munzala</i>: distribution and conservation status of the newly-discovered Arunachal macaque <i>Macaca munzala</i>,MA,other country,FALSE,TRUE,TRUE
https://openalex.org/W2043784418,Diagnosing the causes of territory abandonment by the Endangered Egyptian vulture <i>Neophron percnopterus</i>: the importance of traditional pastoralism and regional conservation,EG,other country,FALSE,TRUE,TRUE
https://openalex.org/W2105633026,Sea turtle bycatch and consumption in Egypt threatens Mediterranean turtle populations,EG,Egypt,TRUE,TRUE,TRUE
https://openalex.org/W2031990027,Vultures vs livestock: conservation relationships in an emerging conflict between humans and wildlife,EG,other country,FALSE,TRUE,TRUE
https://openalex.org/W2124816154,"Saharan cheetah <i>Acinonyx jubatus hecki</i>, a ghostly dweller on Niger's Termit massif",DZ,other country,FALSE,TRUE,TRUE
https://openalex.org/W1956177719,Illegal bird hunting in the Maltese Islands: an international perspective,TN,other country,FALSE,NA,TRUE
https://openalex.org/W2290728560,Food consumption patterns of the Vulnerable Socotra cormorant<i>Phalacrocorax nigrogularis</i>indicate minimal overlap with fisheries in the eastern Arabian Gulf,REGION,other country,FALSE,TRUE,TRUE
https://openalex.org/W3089194325,Environmental predictors of livestock predation: a lion's tale,TN,other country,FALSE,TRUE,TRUE
https://openalex.org/W3034594583,The plight of the Endangered mountain gazelle <i>Gazella gazella</i>,EG,other country,FALSE,TRUE,TRUE
https://openalex.org/W3108367984,"The northern bald ibis <i>Geronticus eremita</i>: history, current status and future perspectives",DZ,multiple North African,TRUE,FALSE,TRUE
https://openalex.org/W4407382853,Digital trophies: using social media to assess wildlife crime in Lebanon,EG,other country,FALSE,TRUE,TRUE
https://openalex.org/W4390245077,Methodological approaches to assessing population-level impacts of bird collisions with wind turbines: a critical perspective,EG,not stated,FALSE,NA,TRUE
https://openalex.org/W2152408442,How to manage human-induced mortality in the Eagle Owl <i>Bubo bubo</i>,EG,other country,FALSE,TRUE,TRUE
https://openalex.org/W2105413109,Contribution of research to conservation action for the Northern Bald Ibis <i>Geronticus eremita</i> in Morocco,DZ,multiple North African,TRUE,TRUE,TRUE
https://openalex.org/W2120206903,"Identifying anthropogenic threats to Cape Vultures <i>Gyps coprotheres</i> using community perceptions in communal farmland, Eastern Cape Province, South Africa",EG,other country,FALSE,TRUE,TRUE
https://openalex.org/W2290921243,"Hunting of migratory birds in North Sinai, Egypt",LY,Egypt,TRUE,TRUE,TRUE
https://openalex.org/W2289557866,Preliminary assessment of the scope and scale of illegal killing and taking of birds in the Mediterranean,TN,multiple North African,TRUE,NA,TRUE
https://openalex.org/W2570270172,Testing for errors in estimating bird mortality rates at wind farms and power lines,EG,other country,FALSE,TRUE,TRUE
https://openalex.org/W2894135863,Poisoning causing the decline in South-East Asia’s largest vulture population,EG,other country,FALSE,TRUE,TRUE
https://openalex.org/W2936805834,Vultures attacking livestock: a problem of vulture behavioural change or farmers’ perception?,REGION,other country,FALSE,NA,TRUE
https://openalex.org/W2975492508,"Cabo Verde Egyptian Vulture<i>Neophron percnopterus</i>on the brink: community perceptions, inferences and facts of an extreme population crash",EG,other country,FALSE,NA,TRUE
https://openalex.org/W4285043432,Trade in vulture parts in West Africa: Burkina Faso may be one of the main sources of vulture carcasses,EG,other country,FALSE,NA,TRUE
https://openalex.org/W4296350440,"The effects of powerlines on bustards: how best to mitigate, how best to monitor?",MA,not stated,FALSE,NA,TRUE
https://openalex.org/W4388874656,The conservation status of the Nubian Bustard <i>Nubotis nuba</i>: a review and prognosis,LY,multiple North African,FALSE,NA,TRUE
https://openalex.org/W4409624720,Mahi-mahi metacouplings: quantifying human–nature interactions in dolphinfish (<i>Coryphaena hippurus</i>) fisheries,TN,multiple North African,TRUE,TRUE,TRUE
https://openalex.org/W4290786637,Small-scale fisheries catch more threatened elasmobranchs inside partially protected areas than in unprotected areas,TN,multiple North African,TRUE,FALSE,TRUE
https://openalex.org/W2605447613,Unravelling the drastic range retraction of an emblematic songbird of North Africa: potential threats to Afro-Palearctic migratory birds,TN,multiple North African,TRUE,TRUE,TRUE
https://openalex.org/W2808718785,Evaluating Cost-Effective Methods for Rapid and Repeatable National Scale Detection and Mapping of Invasive Species Spread,REGION,other country,FALSE,TRUE,TRUE
https://openalex.org/W4320726997,Adjusting time-of-day and depth of fishing provides an economically viable solution to seabird bycatch in an albacore tuna longline fishery,EG,other country,FALSE,TRUE,TRUE
https://openalex.org/W4415619738,Human disturbance thresholds determine the ecological role of an apex predator,EG,other country,FALSE,TRUE,TRUE
https://openalex.org/W4406721766,Green magnetically separable molluscicide Ba–Ce–Cu ferrite/TiO2 nanocomposite for controlling terrestrial gastropods Monacha Cartusiana,EG,not stated,FALSE,NA,TRUE
https://openalex.org/W7172483144,Historical climatic and human settlement patterns leading up to the extinction of the Arabian leopard in the Sinai Peninsula,EG,multiple North African,TRUE,TRUE,TRUE
https://openalex.org/W2134477843,Molecular resolution of marine turtle stock composition in fishery bycatch: a case study in the Mediterranean,TN,multiple North African,TRUE,TRUE,TRUE
https://openalex.org/W2075205930,Raptors and Red Grouse: Conservation Conflicts and Management Solutions,EG,other country,FALSE,TRUE,TRUE
https://openalex.org/W2131560581,Effects of Turtle Excluder Devices on bycatch and discard reduction in the demersal fisheries of Mediterranean Sea,TN,other country,FALSE,TRUE,TRUE
https://openalex.org/W2411907806,Flexible Turtle Excluder Device (TED): an effective tool for Mediterranean coastal multispecies bottom trawl fisheries,TN,multiple North African,TRUE,TRUE,TRUE
https://openalex.org/W2565849357,Technical mitigation measures for sharks and rays in fisheries for tuna and tuna-like species: turning possibility into reality,MA,not stated,FALSE,NA,TRUE
https://openalex.org/W3047050104,Conservation Amid COVID-19 Pandemic: Ecotourism Collapse Threatens Communities and Wildlife in Morocco,DZ,multiple North African,TRUE,NA,TRUE
https://openalex.org/W3213140225,Ophidian envenomation in Morocco: Analysis of specific hospitalization records (2012-2015),MA,Morocco,TRUE,TRUE,TRUE
https://openalex.org/W4392665905,The bycatch estimate of threatened marine megavertebrates in Moroccan fleets operating in the Mediterranean Coast,MA,Morocco,TRUE,TRUE,TRUE
https://openalex.org/W2905192939,A renewed framework for urban biodiversity governance: urban pigeons as a case-study,EG,not stated,FALSE,NA,TRUE
https://openalex.org/W4391304733,"Effects of climate, land use, and human population change on human–elephant conflict risk in Africa and Asia",REGION,multiple North African,FALSE,NA,TRUE
https://openalex.org/W1965440783,Factors affecting reproduction of Woodpigeons<i>Columba palumbus</i>in North African forests: 1. Nest habitat selection,TN,multiple North African,TRUE,TRUE,TRUE
https://openalex.org/W2909772018,Grazing in remnant wetland habitats in an arid region: direct and indirect effects on two specialist bird species,EG,other country,FALSE,TRUE,TRUE
https://openalex.org/W2017690781,The historical extirpation of the bearded vulture<i>Gypaetus barbatus</i>in the western Alps (France ‐ Italy): Modelling the impact of human persecution,REGION,other country,FALSE,TRUE,TRUE
https://openalex.org/W3048716714,A Review of Freshwater Crayfish Introductions in Africa,TN,multiple North African,TRUE,TRUE,TRUE
https://openalex.org/W7162558227,Elasmobranch bycatch in the cuttlefish trammel net fishery along the Bizerte coast (Northern Tunisia): composition and biological aspects,TN,Tunisia,TRUE,TRUE,TRUE
https://openalex.org/W4402230205,Unravelling discourses about the management of a migratory declining game species: the case of European Turtle-dove ( <i>Streptopelia turtur</i> ),MA,other country,FALSE,NA,TRUE
https://openalex.org/W7131076040,Hunters’ perception of the ecosystem services provided by the vertebrate scavenger guild,EG,other country,FALSE,TRUE,TRUE
https://openalex.org/W4306702031,A Framework Payment for ecosystem services to reconstitute forest areas closed to grazing in the Ifrane National Park (Morocco).,MA,Morocco,TRUE,TRUE,TRUE
https://openalex.org/W3182482106,Studies of fishermen’s economic loss due to oil spills,EG,not stated,FALSE,NA,TRUE
https://openalex.org/W2150331741,Inferring activity budgets in wild animals to estimate the consequences of disturbances,MA,not stated,FALSE,NA,TRUE
https://openalex.org/W4414055659,Leveraging animal tracking to combat wildlife crime: GPS-tagged vultures and wolves as sentinels of other species’ poaching,EG,other country,FALSE,TRUE,TRUE
https://openalex.org/W2561737833,Assessment of food supplementation and surveillance as techniques to reduce damage caused by black capuchin monkeys Sapajus nigritus to forest plantations,MA,other country,FALSE,TRUE,TRUE
https://openalex.org/W4405598973,New insights toward the design of an effective trapping method for <i>Coraebus undatus</i> F. (Coleoptera: Buprestidae),TN,other country,FALSE,TRUE,TRUE
https://openalex.org/W7167852453,European stranding networks as a tool for monitoring marine mammal populations (Part II): assessing their utility to monitor bycatch mortality,MA,other country,FALSE,NA,TRUE
https://openalex.org/W2100118666,Changes in the catch composition of artisanal fisheries attributable to dolphin depredation in a Mediterranean marine reserve,MA,other country,FALSE,TRUE,TRUE
https://openalex.org/W2027407390,"Seabirds, set-nets, and conservation management: assessment of conflict potential and vulnerability of birds to bycatch in gillnets",REGION,other country,FALSE,TRUE,TRUE
https://openalex.org/W1812861571,Plastic and marine turtles: a review and call for research,LY,not stated,FALSE,NA,TRUE
https://openalex.org/W4412364748,"Distribution, threats, population trends, and ecology of the Saharan Striped Polecat ( <i>Poecilictis libyca</i> ) in Tunisia: a questionnaire and field-based survey",TN,Tunisia,TRUE,TRUE,TRUE
https://openalex.org/W4378650992,More than mortality: Consequences of human activity on migrating birds extend beyond direct mortality,MA,not stated,FALSE,NA,TRUE
https://openalex.org/W4393008659,Do human–wildlife interactions predict offspring hiding strategies in peri-urban fallow deer?,MA,not stated,FALSE,NA,TRUE
https://openalex.org/W2310174079,"New records of Atlantic humpback dolphin in Guinea, Nigeria, Cameroon and Togo underscore fisheries pressure and generalised marine bushmeat demand",MA,multiple North African,FALSE,NA,TRUE
https://openalex.org/W3012305357,Tape lures swell bycatch on a Mediterranean island harbouring illegal bird trapping,EG,other country,FALSE,TRUE,TRUE
https://openalex.org/W3094408696,Altered food habits? Understanding the feeding preference of free-ranging Grey langur ( <i>Semnopithecus entellus</i> ) within an urban settlement,MA,other country,FALSE,TRUE,TRUE
https://openalex.org/W3108294470,How human intervention and climate change shaped the fate of the Northern Bald Ibis from ancient Egypt to the presence: an interdisciplinary approach to extinction and recovery of an iconic bird species,DZ,multiple North African,TRUE,TRUE,TRUE
https://openalex.org/W3110888851,Major threats to a migratory raptor vary geographically along the eastern Mediterranean flyway,EG,multiple North African,TRUE,TRUE,TRUE
https://openalex.org/W3193643954,Cascading effects of elephant-human interactions in a savanna ecosystem and the implications for ecology and conservation,REGION,other country,FALSE,NA,TRUE
https://openalex.org/W3200894589,Herbivorous fish of Sinai marine protected areas (Gulf of Aqaba): Structure baseline for potential thermal stress impact management,EG,multiple North African,TRUE,TRUE,TRUE
https://openalex.org/W4388163756,"What is Known, Unknown, and Needed to be Known about Damage Caused by Wild Pigs",REGION,other country,FALSE,NA,TRUE
https://openalex.org/W4412659435,Connections in the Dark: Social-Ecological Networks as a Promising Tool for Bat Conservation and One Health,REGION,not stated,FALSE,NA,TRUE
https://openalex.org/W2951881378,Evaluating Cost-Effective Methods for Rapid and Repeatable National Scale Detection and Mapping of Invasive Species Spread,REGION,other country,FALSE,TRUE,TRUE
https://openalex.org/W2962784656,A tale of two species: human and peafowl interactions in human dominated landscape influence each other’s behaviour,MA,other country,FALSE,TRUE,TRUE
https://openalex.org/W2931379993,The thin edge of the wedge: extremely high extinction risk in wedgefishes and giant guitarfishes,TN,multiple North African,TRUE,FALSE,TRUE
https://openalex.org/W3120453700,Sexual segregation in the foraging behaviour of a slightly dimorphic seabird: Influence of the environment and fishery activity,TN,multiple North African,FALSE,NA,TRUE
https://openalex.org/W3201185233,Preserving wintering frugivorous birds in agro‐ecosystems under land use change: Lessons from intensive and super‐intensive olive orchards,DZ,other country,FALSE,TRUE,TRUE
https://openalex.org/W4223523542,Hotspots in the grid: Avian sensitivity and vulnerability to collision risk from energy infrastructure interactions in Europe and North Africa,TN,multiple North African,TRUE,TRUE,TRUE
https://openalex.org/W4413766820,Seabird‐vessel interactions in industrial fisheries of Northwest Africa: Implications for international bycatch management,MA,multiple North African,TRUE,TRUE,TRUE
https://openalex.org/W7122612845,Forage over fear: Assessing drivers of site use in response to shooting disturbance in a managed goose species,EG,other country,FALSE,TRUE,TRUE
https://openalex.org/W4409637993,THE COSMOPOLITICS OF CATS AND WILDLIFE ON CAPE TOWN'S URBAN EDGE,EG,other country,FALSE,NA,TRUE
https://openalex.org/W4382583546,Automatic detection of migrating soaring bird flocks using weather radars by deep learning,EG,not stated,FALSE,NA,TRUE
https://openalex.org/W2905336371,Conserving wildlife facing mass‐tourism calls for effective management,REGION,multiple North African,TRUE,TRUE,TRUE
https://openalex.org/W4386421765,Blind shots: non‐natural mortality counteracts conservation efforts of a threatened waterbird,DZ,other country,FALSE,NA,TRUE
https://openalex.org/W4405400421,The future of the barbary sheep and the dorcas gazelle populations in Algerian Sahara: On the brink of extinction?,TN,Algeria,TRUE,TRUE,TRUE
https://openalex.org/W4392197217,Demographic and evolutionary consequences of hunting of wild birds,EG,not stated,FALSE,NA,TRUE
https://openalex.org/W2139408739,"Clarifying values, risk perceptions, and attitudes to resolve or avoid social conflicts in invasive species management",EG,not stated,FALSE,NA,TRUE
https://openalex.org/W4385664438,Wildlife mortality risk posed by high and low traffic roads,EG,other country,FALSE,NA,TRUE
https://openalex.org/W2144503057,Another Continental Vulture Crisis: Africa's Vultures Collapsing toward Extinction,EG,multiple North African,TRUE,FALSE,TRUE
https://openalex.org/W4404190222,First Evidence of Individual Sharks Involved in Multiple Predatory Bites on People,EG,multiple North African,TRUE,FALSE,TRUE
https://openalex.org/W4400959948,A scoping review of academic papers on human–lion conflict in Africa,REGION,multiple North African,FALSE,NA,TRUE
https://openalex.org/W4385290138,The natural history of lions in North Africa and the relevance of their depiction in the “Lions Attacking a Dromedary” diorama,TN,multiple North African,TRUE,TRUE,TRUE
https://openalex.org/W1972887459,Fiddling in biodiversity hotspots while deserts burn? Collapse of the <scp>S</scp>ahara's megafauna,REGION,multiple North African,TRUE,TRUE,TRUE
https://openalex.org/W2016312766,Migratory corridors and foraging hotspots: critical habitats identified for Mediterranean green turtles,TN,multiple North African,TRUE,FALSE,TRUE
https://openalex.org/W2316595866,Shelf life: neritic habitat use of a turtle population highly threatened by fisheries,TN,multiple North African,TRUE,FALSE,TRUE
https://openalex.org/W3008175089,Distribution of breeding humpback whale habitats and overlap with cumulative anthropogenic impacts in the Eastern Tropical Atlantic,MA,multiple North African,FALSE,NA,TRUE
https://openalex.org/W2066068096,Effect of human activities on Egyptian vulture breeding success,EG,other country,FALSE,TRUE,TRUE
https://openalex.org/W2334098974,"Elasmobranch captures in shrimps trammel net fishery off the Gulf of Gabès (Southern Tunisia, Mediterranean Sea)",TN,multiple North African,TRUE,TRUE,TRUE
310448895,"Insight into the biology, ecology and population trends of the brown skate, Raja miraletus Linnaeus, 1758, in the Balearic Islands",TN,other country,FALSE,TRUE,TRUE
https://openalex.org/W2272792297,Multiple mortality events in bats: a global review,EG,other country,FALSE,NA,TRUE
https://openalex.org/W3111684087,Drivers and facilitators of hunting behaviour in domestic cats and options for management,EG,not stated,FALSE,NA,TRUE
https://openalex.org/W2529754331,"Border Fences and their Impacts on Large Carnivores, Large Herbivores and Biodiversity: An International Wildlife Law Perspective",MA,multiple North African,FALSE,NA,TRUE
https://openalex.org/W2954385770,Human Scalp Hair (HSH) Waste as an Alternative for Reducing Invasive Activity of Wild Hog: A Preliminary Study,EG,other country,FALSE,TRUE,TRUE
https://openalex.org/W3172003661,A management plan for a declining population of the Souss valley tortoise in an arid steppe-land of west-central Morocco,DZ,Morocco,TRUE,TRUE,TRUE
https://openalex.org/W3126146416,Mediterranean sharks and rays need action,TN,multiple North African,TRUE,NA,TRUE
https://openalex.org/W2525382658,Do White Shark Bites on Surfers Reflect Their Attack Strategies on Pinnipeds?,EG,not stated,FALSE,NA,TRUE
https://openalex.org/W4406963710,Migratory Wave due to Conflicts: Risk of Increased Infection From Zoonotic Diseases,LY,not stated,FALSE,NA,TRUE
https://openalex.org/W4312050156,Outdoor Cats: An Introduction,EG,not stated,FALSE,NA,TRUE
https://openalex.org/W2050251391,Effect of bait on sea turtles bycatch rates in pelagic longlines: An overview,TN,other country,FALSE,TRUE,TRUE
https://openalex.org/W2994692848,Increased songbird nest depredation due to Aleppo pine (Pinus halepensis) encroachment in Mediterranean shrubland,EG,other country,FALSE,TRUE,TRUE
https://openalex.org/W2769307605,Exploring differences in stakeholders’ perceptions of illegal bird trapping in Cyprus,EG,other country,FALSE,TRUE,TRUE
https://openalex.org/W4403177590,Blastocystis occurrence and subtype diversity in European wild boar (Sus scrofa) from the Iberian Peninsula,REGION,other country,FALSE,TRUE,TRUE
https://openalex.org/W2301751969,Snakebites notified to the poison control center of Morocco between 2009 and 2013,MA,Morocco,TRUE,TRUE,TRUE
https://openalex.org/W4402276370,Intentional Killings and Culling of Small Cetaceans due to Perceived Competition with Fisheries in the Mediterranean Sea and Northeast Atlantic between the Eighteenth and Twentieth Centuries,DZ,multiple North African,TRUE,TRUE,TRUE
https://openalex.org/W3169892409,Eastern imperial eagle Aquila heliaca,REGION,multiple North African,TRUE,FALSE,TRUE
https://openalex.org/W2559397068,"Seasonal residency of loggerhead turtles Caretta caretta tracked from the Gulf of Manfredonia, south Adriatic",DZ,other country,FALSE,TRUE,TRUE
https://openalex.org/W1993434971,Alien Marine Species in the Mediterranean - the 100 ‘Worst Invasives’ and their Impact,TN,multiple North African,TRUE,TRUE,TRUE
https://openalex.org/W2969783162,Shark pelagic longline fishery in the Gulf of Gabes: Inter-decadal inspection reveals management needs,TN,multiple North African,TRUE,TRUE,TRUE
https://openalex.org/W3199856067,The use of fishers’ Local Ecological Knowledge to reconstruct fish behavioural traits and fishers’ perception of conservation relevance of elasmobranchs in the Mediterranean Sea,TN,multiple North African,FALSE,NA,TRUE
https://openalex.org/W4365151733,"Vulnerability of elasmobranchs caught as bycatch in the grouper longline fishery in the Gulf of Gabès, Tunisia",TN,Tunisia,TRUE,TRUE,TRUE
https://openalex.org/W2131901272,African Bats: Conservation in the time of Ebola,EG,multiple North African,TRUE,FALSE,TRUE
https://openalex.org/W2793242130,"Viability of leopards Panthera pardus (Linnaeus, 1758) in South Africa",EG,other country,FALSE,NA,TRUE
https://openalex.org/W2528835440,Conservation of the spinner dolphin in the Egyptian Red Sea,EG,Egypt,TRUE,TRUE,TRUE
https://openalex.org/W2765616982,The influence of invasive alien plant control on the foraging habitat quality of the Mauritian flying fox (Pteropus niger),EG,other country,FALSE,TRUE,TRUE
https://openalex.org/W4293677438,Analysis of differences and commonalities in wildlife hunting across the Africa-Europe South-North gradient,REGION,multiple North African,FALSE,NA,TRUE
https://openalex.org/W3179990605,Help from the sky: Can vultures contribute to Cystic Echinococcosis control in endemic areas?,EG,other country,FALSE,NA,TRUE
https://openalex.org/W4384820034,"Snakes and Souks: Zoonotic pathogens associated to reptiles in the Marrakech markets, Morocco",DZ,Morocco,TRUE,FALSE,TRUE
https://openalex.org/W4401165658,"From fangs to antidotes: A scoping review on snakebite burden, species, and antivenoms in the Eastern Mediterranean Region",TN,multiple North African,TRUE,TRUE,TRUE
https://openalex.org/W7161964681,Climate change induced complex shifts in snake distributions expose people to snakebite and threaten biodiversity,EG,not stated,FALSE,NA,TRUE
https://openalex.org/W2017504858,"Mortality, Recruitment and Change of Desert Tree Populations in a Hyper-Arid Environment",EG,Egypt,TRUE,TRUE,TRUE
https://openalex.org/W2161217137,Buying Years to Extinction: Is Compensatory Mitigation for Marine Bycatch a Sufficient Conservation Measure for Long-Lived Seabirds?,MA,multiple North African,TRUE,NA,TRUE
https://openalex.org/W2088965171,Examining the Extinction of the Barbary Lion and Its Implications for Felid Conservation,TN,multiple North African,TRUE,TRUE,TRUE
https://openalex.org/W2134692257,Setback Distances as a Conservation Tool in Wildlife-Human Interactions: Testing Their Efficacy for Birds Affected by Vehicles on Open-Coast Sandy Beaches,TN,multiple North African,TRUE,NA,TRUE
https://openalex.org/W2092419926,"Characteristics of Fishing Operations, Environment and Life History Contributing to Small Cetacean Bycatch in the Northeast Atlantic",MA,other country,FALSE,TRUE,TRUE
https://openalex.org/W1998876562,Is Diet Flexibility an Adaptive Life Trait for Relictual and Peri-Urban Populations of the Endangered Primate Macaca sylvanus?,DZ,multiple North African,TRUE,TRUE,TRUE
https://openalex.org/W2589778093,A balanced solution to the cumulative threat of industrialized wind farm development on cinereous vultures (Aegypius monachus) in south-eastern Europe,EG,other country,FALSE,TRUE,TRUE
https://openalex.org/W2766457898,Conservation of reef manta rays (Manta alfredi) in a UNESCO World Heritage Site: Large-scale island development or sustainable tourism?,EG,other country,FALSE,TRUE,TRUE
https://openalex.org/W2794195016,"Wildlife-vehicle collisions in Lanzarote Biosphere Reserve, Canary Islands",DZ,other country,FALSE,TRUE,TRUE
https://openalex.org/W2801429878,Assessing the applicability of stable isotope analysis to determine the contribution of landfills to vultures’ diet,EG,multiple North African,TRUE,TRUE,TRUE
https://openalex.org/W2967370839,Quantifying the damage caused by fruit bats to backyard lychee trees in Mauritius and evaluating the benefits of protective netting,EG,other country,FALSE,TRUE,TRUE
https://openalex.org/W4362657385,Elephant ‘selfies’: Evaluating the effectiveness of Instagram’s warning of the potential negative impacts of photo opportunities with wild animals,MA,not stated,FALSE,NA,TRUE
https://openalex.org/W4367042407,Social perception of mesocarnivores within hunting areas differs from actual species abundance,EG,multiple North African,TRUE,NA,TRUE
https://openalex.org/W4387362891,"Human-hippo conflicts around Lake Tana Biosphere Reserve, Ethiopia: Vulnerability of hippopotamus in human-dominated landscape",DZ,other country,FALSE,NA,TRUE
https://openalex.org/W4411801036,"Population size, habitat association, and local residents’ attitude towards rock hyrax (Procavia capensis) in Zegie Peninsula, Ethiopia",EG,other country,FALSE,TRUE,TRUE
https://openalex.org/W4406918266,"Impact of long-term cyanotoxin exposure on cattle: Biochemical, histological, and oxidative stress assessment",DZ,Algeria,TRUE,TRUE,TRUE
https://openalex.org/W4200213882,"6. Silenced by Power: Repression, Isolation &amp; Persecution",TN,multiple North African,TRUE,FALSE,TRUE
https://openalex.org/W2785533475,"Home Range and Habitat Use of Crop-Raiding Barbary Macaques in the Upper Ourika Valley, Western High Atlas Mountains, Morocco",DZ,multiple North African,TRUE,TRUE,TRUE
https://openalex.org/W4391378766,Is there an effect of electromagnetic waves from base stations on the breeding success of Ciconia ciconia ciconia in Algeria?,DZ,Algeria,TRUE,TRUE,TRUE
https://openalex.org/W157833054,Relationships between fauna and people and the role of ethnozoology in animal conservation,MA,not stated,FALSE,NA,TRUE
https://openalex.org/W4313228603,eco.mont Vol. 15 No. 1,MA,multiple North African,TRUE,FALSE,TRUE
https://openalex.org/W4407107407,"ASSESSING THE POPULATION PARAMETERS OF EUROPEAN ANCHOVY, ENGRAULIS ENCRASICOLUS (LINNAEUS, 1758) IN ALGERIAN EAST COAST (SOUTHWESTERN MEDITERRANEAN SEA)",TN,Algeria,TRUE,TRUE,TRUE
https://openalex.org/W3165463768,"Sinai: Tourism, Colonialism, and Sea",EG,multiple North African,TRUE,TRUE,TRUE
https://openalex.org/W4319032897,The major threats to the Endangered Barbary macaque Macaca sylvanus in North Africa,DZ,multiple North African,TRUE,TRUE,TRUE
https://openalex.org/W2992131427,Snake bites in morocco: Progress and challenges,MA,multiple North African,TRUE,NA,TRUE
https://openalex.org/W1540840170,The politics of flood insecurity : framing contested river management projects,LY,multiple North African,TRUE,TRUE,TRUE
https://openalex.org/W3129957199,Don't kill your allies : The impact of chemical and biological locust and grasshopper control on birds,TN,multiple North African,TRUE,FALSE,TRUE
https://openalex.org/W4237097071,Sentinel animals : Enriching artificial intelligence with wildlife ecology to guard rhinos,EG,multiple North African,TRUE,TRUE,TRUE
https://openalex.org/W3196770489,Economic Losses Caused By Rodents in Some Cultivars of Rodents in Maize Fields,EG,Egypt,TRUE,TRUE,TRUE
https://openalex.org/W4307710763,"Damage of the Egyptian Fruit Bat (Rousettus aegyptiacus) at El-Dakhla Oasis, New-Valley Governorate, Egypt",EG,Egypt,TRUE,TRUE,TRUE
https://openalex.org/W3135714080,A global modification in avifaunal behavior by use of waste disposal sites (waste dumps/rubbish dumps): A review paper,EG,other country,FALSE,NA,TRUE
https://openalex.org/W4389682426,Department of Biology - Faculty of Science - Islamic University of Gaza - Gaza Strip - Palestine,EG,other country,FALSE,TRUE,TRUE
https://openalex.org/W3009078277,"On the Occurrence, Ecology and Risks of the Egyptian Mongoose (Herpestes ichneumon Linnaeus, 1758) in the Gaza Strip – Palestine",EG,other country,FALSE,TRUE,TRUE
https://openalex.org/W3039198569,The Human Crocodile Conflicts and the Sustainable Conflict Resolutions Review,EG,multiple North African,TRUE,FALSE,TRUE
https://openalex.org/W7125499556,A new record of the critically endangered Smoothback angelshark Squatina oculata from Algerian waters (GFCM-GSA 04): biological data and implications for management,DZ,multiple North African,TRUE,TRUE,TRUE
https://openalex.org/W2997838219,"Pomen in vplivi vran, s poudarkom na sivi vrani (Corvus cornix), v (sub)urbanem okolju",EG,other country,FALSE,TRUE,TRUE
https://openalex.org/W4242830021,Shark Conservation – Analysis and Synthesis,MA,multiple North African,TRUE,NA,TRUE
https://openalex.org/W4206431590,Shark Conservation – Analysis and Synthesis,MA,multiple North African,TRUE,NA,TRUE
https://openalex.org/W4319039938,"Feasibility of Hunting Invasive Locusts and Studying its Economic, Social, and Environmental Effects (Approach: Preventing the Spraying of Locusts)",MA,not stated,FALSE,NA,TRUE
https://openalex.org/W4399241889,Preliminary Insights on the Habitat Use and Vertical Movements of Pelagic Stingray (Pteroplatytrygon violacea) in the Western Mediterranean Sea,TN,multiple North African,TRUE,TRUE,TRUE
https://openalex.org/W4401129331,Ghost Gear in the Gulf of Gabès (Tunisia): An Urgent Need for a Conservation Code of Conduct,TN,Tunisia,TRUE,TRUE,TRUE
https://openalex.org/W2969373973,Invasion of non-indigenous suckermouth armoured catfish of the genus Pterygoplichthys (Loricariidae) in the East Kolkata Wetlands: Stakeholders’ perception,EG,other country,FALSE,TRUE,TRUE
https://openalex.org/W4233545537,Increased songbird nest depredation due to Aleppo pine (Pinus halepensis) encroachment in Mediterranean shrubland,EG,other country,FALSE,TRUE,TRUE
https://openalex.org/W4382049684,Elasmobranch Bycatch in a bottom trawl fishery at Al Hoceima Port in Morocco (Mediterranean Sea),TN,multiple North African,TRUE,TRUE,TRUE
https://openalex.org/W4235674053,ENVENIMATIONS VIPERINES,MA,Morocco,TRUE,TRUE,TRUE
https://openalex.org/W3183573263,"Assessment of damage caused by rodents in some maize varieties in Farshut area, Qena governorate, Egypt",EG,Egypt,TRUE,TRUE,TRUE
https://openalex.org/W4294096698,"Losses of tomato crop by wild birds in El-Beheira and Matrouh governorates, Egypt",EG,multiple North African,TRUE,TRUE,TRUE
https://openalex.org/W2987030567,Assessment of house sparrows passer domesticus damage to single and double winter cultivations under field conditions,EG,not stated,FALSE,NA,TRUE
https://openalex.org/W3108985652,Impact of Nile Crocodiles on Fish Production in Lake Nasser,EG,multiple North African,TRUE,TRUE,TRUE
https://openalex.org/W3164722733,Linking Territorial and Coastal Planning: Conservation Status and Management of Mangrove Ecosystem at the Egyptian - African Red Sea Coast,EG,multiple North African,TRUE,NA,TRUE
https://openalex.org/W4292236166,"Impact of a Wind Energy Projects on Bird Migration Gabel Al-Zeit - Eastern Desert, Egypt",EG,Egypt,TRUE,TRUE,TRUE
https://openalex.org/W3119471733,"THE ENCRUSTATION OF THE SPIDER CRAB HYASTENUS HILGENDORFI IN RELATION TO ITS REPRODUCTIVE BIOLOGY IN THE SUEZ CANAL, EGYPT",LY,Egypt,TRUE,TRUE,TRUE
https://openalex.org/W4395694977,"The Most Effective Methods Used to Control Mole Rats, Spalax ehrenbergi, on Benghazi Plain Project in Libya",LY,Libya,TRUE,TRUE,TRUE
https://openalex.org/W3090749294,"Status of Sepia officinalis and 19 Main Fisheries Species Caught from Southeast Mediterranean Sea, North Sinai, Egypt.",EG,multiple North African,TRUE,TRUE,TRUE
https://openalex.org/W3134637697,"Status of Indo-Pacific Bottlenose Dolphin, Tursiops aduncus (Family Delphinidae: Order Cetacea) in the Northern Protected Islands, Hurghada, Red Sea, Egypt",DZ,Egypt,TRUE,TRUE,TRUE
https://openalex.org/W4224103651,"Preliminary data on bycatch and stranding of marine turtles in Al Hoceima, Morocco",MA,multiple North African,TRUE,TRUE,TRUE
https://openalex.org/W4303646489,"Age, Growth and mortality of the rabbit fish Siganus rivulatus (Forsskål 1775) from the Egyptian Mediterranean coast off Alexandria, Egypt",TN,Egypt,TRUE,TRUE,TRUE
https://openalex.org/W4303646466,"Herbivorous Reef Fishes of South Sinai Marine Protected Areas (Gulf of Aqaba, Egypt): Influence of Fisheries Management and Protection Status",LY,Egypt,TRUE,TRUE,TRUE
https://openalex.org/W4310824678,Impact of the Bottlenose Dolphins (Tursiops truncatus) Depredation on Purse-Seine Fishery in the Region of M’diq (Northwestern Morocco),DZ,Morocco,TRUE,TRUE,TRUE
https://openalex.org/W4361010327,"Age and Growth of the Freshwater Pufferfish Tetraodon lineatus Linnaeus 1758 from Lake Nasser, Egypt",EG,Egypt,TRUE,TRUE,TRUE
https://openalex.org/W7114772952,"Nesting Biology of the Aquatic Mallards Anas platyrhynchos Linnaeus, 1758 in Lake Tonga, El Kala National Park, Algeria",DZ,Algeria,TRUE,TRUE,TRUE
https://openalex.org/W4416845933,Fishery Bycatch of Sea Turtles in the Moroccan Western Mediterranean Sea: An Assessment Based on Interviews with Fishermen,TN,multiple North African,TRUE,TRUE,TRUE
https://openalex.org/W4412859634,Analysis of Cetacean Strandings Along the Moroccan Mediterranean Coast: Spatial and Temporal Patterns,DZ,Morocco,TRUE,TRUE,TRUE
https://openalex.org/W3121622394,"DETERMINATION OF HOODED CROW (CORVUS CORONE L.) POPULATION AND METHODS OF CONTROL IN SHEEP FARM AT RAS SEDR, SOUTH SINAI, EGYPT",EG,multiple North African,TRUE,TRUE,TRUE
https://openalex.org/W3003427061,"RODENT DAMAGE AND CONTROL IN WHEAT GROWING STAGES, SOHAG GOVERNORATE, EGYPT",EG,Egypt,TRUE,TRUE,TRUE
https://openalex.org/W2981571986,SURVEYS OF WILD VERTEBRATES IN THE KHARGA AND DAKHLA OASIS AND THEIR IMPACT ON THE NEW RECLAMATION AREAS IN EGYPT,LY,multiple North African,TRUE,TRUE,TRUE
https://openalex.org/W3134709212,Scaring Birds: The concept of the Scarecrow in Ancient Egypt,EG,multiple North African,TRUE,TRUE,TRUE
https://openalex.org/W4378554658,The Impact of Airports Bird Hazard Management on Climate Changes and Bird-watching Tourism: Applying to Sharm El-Sheikh International Airport,EG,Egypt,TRUE,TRUE,TRUE
https://openalex.org/W4392625107,A mini-review on fish mass kills within the Egyptian fisheries and aquaculture sectors: Impacts and proposed solutions,EG,multiple North African,TRUE,TRUE,TRUE
https://openalex.org/W4405163001,Crucial Conservation of Birds and Bats: Providing Ecosystem Services in Egypt,EG,Egypt,TRUE,TRUE,TRUE
https://openalex.org/W3019311997,WILD BIRDS INJURIOUS TO SOME FIELD CROPS AT ISMAILIA GOVERNORATE UNDER FIELD CONDITIONS,EG,other country,FALSE,TRUE,TRUE
https://openalex.org/W3024115241,"PESTS ATTACKING POST-HARVEST SUGAR BEET ROOTS, AND THEIR ADVERSE EFFECTS ON SUGAR CONTENT",EG,multiple North African,TRUE,FALSE,TRUE
https://openalex.org/W2976496276,"AN ESTIMATION OF BIRD DAMAGES ON SOME FIELD, VEGETABLE AND FRUIT CROPS AT SHARKIA GOVERNORATE, EGYPT",EG,Egypt,TRUE,TRUE,TRUE
https://openalex.org/W2599219730,An overview of fisheries and sea turtle bycatch along the Atlantic coast of Africa,MA,multiple North African,FALSE,NA,TRUE
https://openalex.org/W4407867762,"Estimating the Damage of Birds to Wheat, Gurma Melon and Cowpea Crops During the Ripening Period at Sharkia Governorate, Egypt",EG,Egypt,TRUE,TRUE,TRUE
https://openalex.org/W4307253959,"On the occurrence, trapping and potential risks of the invasive Indian Myna (Acridotheres tristis Linnaeus, 1766) in the Gaza Strip: Palestine",EG,other country,FALSE,TRUE,TRUE
https://openalex.org/W4362683912,"Propolis, bee venom and Beauveria bassiana toxicity with field application; Controlling the terrestrial gastropod Monacha cartusiana",EG,multiple North African,TRUE,FALSE,TRUE
https://openalex.org/W4410014986,"Spotlights on the desert lynx (Caracal caracal Schreber, 1776) attacking Israeli soldiers in the Negev desert, Palestine",TN,other country,FALSE,NA,TRUE
https://openalex.org/W4410099651,"First report on biometric parameters and life-history priors of whitespot sandsmelt Parapercis alboguttata (Gunther, 1872) from North-eastern Arabian Sea",TN,other country,FALSE,TRUE,TRUE
https://openalex.org/W4409537258,Exploring Bear Responses to Encounters with Humans Through an Evolutionary Lens,REGION,other country,FALSE,NA,TRUE
https://openalex.org/W4308513386,Wildlife and power lines: guidelines for preventing and mitigating wildlife mortality associated with electricity distribution networks,DZ,not stated,FALSE,NA,TRUE
https://openalex.org/W4205402711,"Traditional fishery of Dolphinfish (Coryphaena hippurus) in the Gulf of Hammamet, Tunisia: implications for management of the entire Mediterranean fishery",TN,multiple North African,TRUE,NA,TRUE
https://openalex.org/W4414278990,Community Perspectives on Engaging Stakeholders for Human-Sumatran Tiger Coexistence in the Bukit Barisan Selatan Landscape,DZ,other country,FALSE,FALSE,TRUE
https://openalex.org/W2184907909,The conservation biology and ecology of the African leopard Panthera pardus pardus,MA,other country,FALSE,NA,TRUE
https://openalex.org/W3153388724,"Conservation of vervets, Africa’s most ubiquitous primates",TN,other country,FALSE,TRUE,TRUE
https://openalex.org/W4406218147,"Toxicity, antifeedant and repellent activities of five essential oils on adult Cassida vittata Vill. (Coleoptera: Chrysomelidae)",TN,Morocco,TRUE,FALSE,TRUE
https://openalex.org/W3174028600,"Long-term lead intoxication of Griffon Vulture ( <i>Gyps fulvus</i> Hablizl, 1783) supposedly the result of illegal shooting",EG,multiple North African,FALSE,NA,TRUE
https://openalex.org/W3023985392,Mercury Distribution and Concentration in Nile Tilapia (Oreochromis Niloticus) and Catfish (Clarius Gariepinus),REGION,other country,FALSE,FALSE,TRUE
https://openalex.org/W2803269565,SOME OBSERVATIONS ON SPECIES COMPOSITION AND DETERIORATION OF CROP PLANTATIONS AND FOREST FLORA BY PORCUPINES IN CONSORT WITH CONTROL TECHNIQUES,REGION,not stated,FALSE,NA,TRUE
https://openalex.org/W2554497487,"The ecology, conservation and management of Nile crocodiles Crocodylus niloticus in a human dominated landscape",EG,other country,FALSE,TRUE,TRUE
https://openalex.org/W562448692,Movement Ecology of the Reef Manta Ray Manta alfredi in the Eastern Red Sea,EG,other country,FALSE,TRUE,TRUE
https://openalex.org/W2900025260,Socio-economic drivers affecting marine turtle conservation status: causes and consequences,DZ,other country,FALSE,NA,TRUE
https://openalex.org/W4403710517,Human Fatalities Resulting from Wild Pig Attacks Worldwide: 2000–2019,MA,multiple North African,FALSE,NA,TRUE
https://openalex.org/W3135380705,Tolerance of Bearded Vultures to Human Activities: Response to Comor et al. (2019),EG,other country,FALSE,TRUE,TRUE
https://openalex.org/W7164761189,"The Eurasian wild boar (<em>Sus scrofa</em> L., 1758): Recent advances in ecology, forest management, and human−wildlife interactions",REGION,multiple North African,TRUE,TRUE,TRUE
https://openalex.org/W7125912476,A REVIEW ON BIOLOGY AND MANAGEMENT OF GIANT AFRICAN SNAILS,MA,multiple North African,TRUE,FALSE,TRUE
https://openalex.org/W2341829960,Vultures are Again in the City Sky,EG,multiple North African,TRUE,FALSE,TRUE
https://openalex.org/W4414071798,44,EG,multiple North African,TRUE,FALSE,TRUE
https://openalex.org/W2114661499,"The Distribution, Density and Movements of Feral Pigeons Columba livia and their Relationship with People",REGION,other country,FALSE,TRUE,TRUE
https://openalex.org/W3112537102,"On the Ocean Sunfishes (Mola mola, Linnaeus 1758) By-Caught Off the Mediterranean Coast of the Gaza Strip, Palestine",EG,other country,FALSE,TRUE,TRUE
https://openalex.org/W4380090609,"""On the Risks of Wild Boars (Sus Scrofa Linnaeus, 1758) in Palestine, with Particular Emphasis on the West Bank""",TN,other country,FALSE,TRUE,TRUE
https://openalex.org/W4380324072,"""The Goldfinch (Carduelis Carduelis Linnaeus, 1758) in Palestine: An Appreciated Bird and A Threatened Species""",TN,other country,FALSE,TRUE,TRUE
https://openalex.org/W4200579228,"The effects of traps hung in different places in the cherry orchard on the capture and flower damage of Tropinota (Epicometis) hirta (Poda, 1761) (Coleoptera: Cetoniidae)",MA,not stated,FALSE,NA,TRUE
https://openalex.org/W2918785101,Impact of human activities on the reproduction of Hooded Vultures <i>Necrosyrtes monachus</i> in Burkina Faso,EG,other country,FALSE,TRUE,TRUE
https://openalex.org/W4393069821,Impact of interactions between common bottlenose dolphins and purse-seiners in the Moroccan Mediterranean region: case study in the Al Hoceima fishing grounds,MA,Morocco,TRUE,TRUE,TRUE
https://openalex.org/W4408203385,Nesting tree selection in urban Woodpigeon; applications in urban planning to reduce the conflicts with human activities,REGION,other country,FALSE,NA,TRUE
https://openalex.org/W4281756481,"Using Fishermen’s Knowledge and GIS to Identify Fishing Grounds, Gears and Species in the Projected Marine Protected Area ‘Jabal Moussa’",MA,multiple North African,TRUE,TRUE,TRUE
https://openalex.org/W4382645742,"The occurrence of the Chinese Sinanodonta woodiana (Lea, 1834) (Mollusca Bivalvia Unionidae) in Algerian dams",DZ,multiple North African,TRUE,TRUE,TRUE
https://openalex.org/W4387645544,National Inventory and status of Chondrichthyes in the South Mediterranean Sea (Libyan Coast),TN,multiple North African,TRUE,TRUE,TRUE
https://openalex.org/W4320916377,Why is sustainable conservation of the remaining populations of endangered African wild dog (Lycaon pictus) important?,REGION,other country,FALSE,NA,TRUE
https://openalex.org/W4312852253,Managing Conflicts with Wildlife: Living with Snakes,REGION,other country,FALSE,NA,TRUE
https://openalex.org/W4381144597,"Griffon Vultures restrict movements around roosts and supplementary feeding stations, even when carrion is available on the field: a call for wind energy zonation to avoid ecological traps on Mediterranean islands",REGION,other country,FALSE,TRUE,TRUE
https://openalex.org/W4213155945,Lake Chad: Fluctuating Water Level and Its Implications for People’s Livelihood in the Area,TN,other country,FALSE,NA,TRUE
https://openalex.org/W2134628371,Assessing accidental entanglement as a threat to the Mediterranean monk seal Monachus monachus,DZ,other country,FALSE,TRUE,TRUE
https://openalex.org/W2325438561,Diving behavior of the giant devil ray in the Mediterranean Sea,MA,other country,FALSE,TRUE,TRUE
https://openalex.org/W2320328969,"Marine mammal bycatch in gillnet and other entangling net fisheries, 1990 to 2011",TN,not stated,FALSE,NA,TRUE
https://openalex.org/W2319203504,Threats from trading and hunting of pottos and angwantibos in Africa resemble those faced by slow lorises in Asia,EG,multiple North African,FALSE,NA,TRUE
https://openalex.org/W2338260637,How much sea turtle bycatch is too much? A stationary age distribution model for simulating population abundance and potential biological removal in the Mediterranean,TN,multiple North African,TRUE,TRUE,TRUE
https://openalex.org/W2159155195,Ecosystem models clarify the trophic role of whales off Northwest Africa,MA,multiple North African,TRUE,TRUE,TRUE
https://openalex.org/W2020587463,Mortality rates in by-caught loggerhead turtle Caretta caretta in the Mediterranean Sea and implications for the Atlantic populations,DZ,multiple North African,TRUE,FALSE,TRUE
https://openalex.org/W2959299246,Competition between marine mammals and fisheries in contemporary harvested marine ecosystems,EG,not stated,FALSE,NA,TRUE
https://openalex.org/W2022767620,Population structure and historical demography of eastern North Atlantic harbour porpoises inferred through mtDNA sequences,REGION,other country,FALSE,NA,TRUE
https://openalex.org/W3197734155,Reviewing the Role of Vultures at the Human-Wildlife-Livestock Disease Interface: An African Perspective,EG,not stated,FALSE,NA,TRUE
https://openalex.org/W3196772912,"The Last-Surviving Moroccan Dorcas Gazelle (Gazella dorcas massaesyla) Viability Analysis [M’Sabih Talaa Reserve, Morocco]",MA,Morocco,TRUE,TRUE,TRUE
https://openalex.org/W4210478547,Biodiversity Exploitation for Online Entertainment,REGION,other country,FALSE,NA,TRUE
https://openalex.org/W4212804010,Guidelines to Facilitate Human-Wildlife Interactions in Conservation Translocations,MA,not stated,FALSE,NA,TRUE
https://openalex.org/W4283746364,Stakeholder Perceptions of Success in Human-Carnivore Coexistence Interventions,MA,other country,FALSE,TRUE,TRUE
https://openalex.org/W4405061621,Wildlife culling as a biophobic response to zoonotic disease risk: why we need a one health approach to risk communication,EG,not stated,FALSE,NA,TRUE
https://openalex.org/W7165652291,What do fishermen think? Local perspectives on human–crocodile coexistence in Lake Nasser,EG,Egypt,TRUE,TRUE,TRUE
https://openalex.org/W3017956184,Social-Environmental Analysis for the Management of Coastal Lagoons in North Africa,TN,multiple North African,TRUE,TRUE,TRUE
https://openalex.org/W4303021564,Monitoring dryland trees with remote sensing. Part B: Combining tree cover and plant architecture data to assess degradation and recovery of Argania spinosa woodlands of South Morocco,MA,Morocco,TRUE,TRUE,TRUE
https://openalex.org/W2914943439,Lions at the Gates: Trans-disciplinary Design of an Early Warning System to Improve Human-Lion Coexistence,MA,other country,FALSE,TRUE,TRUE
https://openalex.org/W2963082981,A Global Review on Locusts (Orthoptera: Acrididae) and Their Interactions With Livestock Grazing Practices,DZ,not stated,FALSE,NA,TRUE
https://openalex.org/W2990239705,License to Kill? Domestic Cats Affect a Wide Range of Native Fauna in a Highly Biodiverse Mediterranean Country,REGION,other country,FALSE,TRUE,TRUE
https://openalex.org/W2996903207,"Status of Road Ecology Research in Africa: Do We Understand the Impacts of Roads, and How to Successfully Mitigate Them?",DZ,other country,FALSE,NA,TRUE
https://openalex.org/W3146219665,The Critical Importance of Old World Fruit Bats for Healthy Ecosystems and Economies,EG,not stated,FALSE,NA,TRUE
https://openalex.org/W3185887245,Management Actions Promote Human-Wildlife Coexistence in Highly Anthropized Landscapes: The Case of an Endangered Avian Scavenger,EG,other country,FALSE,TRUE,TRUE
https://openalex.org/W4295532898,Human impacts on the world’s raptors,EG,multiple North African,FALSE,NA,TRUE
https://openalex.org/W2594633798,Best Practice Framework and Principles for Monitoring the Effect of Coastal Development on Marine Mammals,EG,multiple North African,TRUE,FALSE,TRUE
https://openalex.org/W3039710209,Using Local Ecological Knowledge of Fishers to Reconstruct Abundance Trends of Elasmobranch Populations in the Strait of Sicily,TN,other country,FALSE,TRUE,TRUE
https://openalex.org/W3128499169,Industrial Fishing Near West African Marine Protected Areas and Its Potential Effects on Mobile Marine Predators,MA,multiple North African,FALSE,NA,TRUE
https://openalex.org/W4220872594,"The Portuguese Man-of-War Has Always Entered the Mediterranean Sea—Strandings, Sightings, and Museum Collections",TN,multiple North African,FALSE,NA,TRUE
https://openalex.org/W4293171358,Assessment of the interactions between cetaceans and fisheries at the south of the Cetacean Migration Corridor and neighboring waters (Western Mediterranean),MA,other country,FALSE,NA,TRUE
https://openalex.org/W4321600304,Artificial intelligence for fish behavior recognition may unlock fishing gear selectivity,TN,not stated,FALSE,NA,TRUE
https://openalex.org/W4323044561,Mitigating effects on target and by-catch species fished by drifting longlines using circle hooks in the South Adriatic Sea (Central Mediterranean),TN,other country,FALSE,TRUE,TRUE
https://openalex.org/W4384944169,Jaws from the deep: biological and ecological insights on the kitefin shark Dalatias licha from the Mediterranean Sea,DZ,multiple North African,FALSE,NA,TRUE
https://openalex.org/W4389393978,Editorial: Elasmobranch - fisheries interactions in the Mediterranean,DZ,multiple North African,TRUE,NA,TRUE
https://openalex.org/W4402784425,Assessing the vulnerability of sensitive species in Mediterranean fisheries: insights from productivity-susceptibility analysis,TN,multiple North African,TRUE,NA,TRUE
https://openalex.org/W7154112871,"Solving Ariadne’s thread in the blue crab invasion to turn it to a true paradigm of circular economy: eco-biological traits and valorization of by-products to enhance fisheries value, a scoping review",MA,multiple North African,TRUE,FALSE,TRUE
https://openalex.org/W2900565592,High Grazing Pressure of Geese Threatens Conservation and Restoration of Reed Belts,EG,not stated,FALSE,NA,TRUE
https://openalex.org/W4391690017,"On the genetic diversity of Chimaera monstrosa Linnaeus, 1758 (Chordata, Chondrichthyes, Holocephali) in the Mediterranean Sea",DZ,multiple North African,TRUE,NA,TRUE
https://openalex.org/W4380997808,Barn Owls Can Decrease Pesticide Use,MA,other country,FALSE,TRUE,TRUE
https://openalex.org/W2620939781,A Century Spent Combating Rabies in Morocco (1911–2015): How Much Longer?,MA,Morocco,TRUE,TRUE,TRUE
https://openalex.org/W2913877902,A Global Reassessment of Solitary-Sociable Dolphins,TN,not stated,FALSE,NA,TRUE
https://openalex.org/W3200123832,Ecological and Human Diet Value of Locusts in a Changing World,TN,multiple North African,TRUE,FALSE,TRUE
https://openalex.org/W4308721592,Re-Thinking Felid–Human Entanglements through the Lenses of Compassionate Conservation and Multispecies Studies,EG,not stated,FALSE,NA,TRUE
https://openalex.org/W4376631244,Fishermen Interviews: A Cost-Effective Tool for Evaluating the Impact of Fisheries on Vulnerable Sea Turtles in Tunisia and Identifying Levers of Mitigation,TN,Tunisia,TRUE,TRUE,TRUE
https://openalex.org/W4377116035,Road Infrastructure and Primate Conservation: Introducing the Global Primate Roadkill Database,MA,not stated,FALSE,NA,TRUE
https://openalex.org/W4382727787,Adaptive Response to Gillnets Bycatch in a North Sardinia Mediterranean Shag (Gulosus aristotelis desmarestii) Population,LY,other country,FALSE,TRUE,TRUE
https://openalex.org/W4382752399,Understanding the Interactions between Small-Scale Fisheries and the Mediterranean Monk Seal Using Fishermen’s Ecological Knowledge,MA,other country,FALSE,TRUE,TRUE
https://openalex.org/W4385602704,First Record of Cetacean Killed in an Artisanal Fish Aggregating Device in the Mediterranean Sea,TN,other country,FALSE,TRUE,TRUE
https://openalex.org/W4399810808,"Attitudes and Perceptions of Local Communities towards Nile Crocodiles (Crocodylus niloticus) in the Sudd Wetlands, South Sudan",EG,other country,FALSE,TRUE,TRUE
https://openalex.org/W4416337265,Context Matters: How Decontextualization Influences Public Perception and Conservation Attitudes Toward Barbary Macaques in Algeria,DZ,Algeria,TRUE,TRUE,TRUE
https://openalex.org/W7163541962,Catchability Pattern of Cartilaginous Fishes with an Updated Their Diversity and Distribution Along the Egypt’s Mediterranean Coast: Conservation and Bycatch Challenges,EG,Egypt,TRUE,TRUE,TRUE
https://openalex.org/W4303685494,"The Blue Swimming Crab Portunus segnis in the Mediterranean Sea: Invasion Paths, Impacts and Management Measures",TN,multiple North African,TRUE,NA,TRUE
https://openalex.org/W7163334447,"Bayesian Growth Modeling and Length-Based Indicators: Stock Assessment of Nile Tilapia (Oreochromis niloticus) in Lake Nasser, Egypt",EG,Egypt,TRUE,TRUE,TRUE
https://openalex.org/W4404061647,Barn Owls as a Nature-Based Solution for Pest Control: A Multinational Initiative Around the Mediterranean and Other Regions,MA,multiple North African,TRUE,FALSE,TRUE
https://openalex.org/W4388858561,Quantifying Abundance and Mapping Distribution of Loggerhead Turtles in the Mediterranean Sea Using Aerial Surveys: Implications for Conservation,TN,multiple North African,TRUE,TRUE,TRUE
https://openalex.org/W4406905422,Wildlife Fences to Mitigate Human–Wildlife Conflicts in Africa: A Literature Analysis,TN,multiple North African,FALSE,NA,TRUE
https://openalex.org/W4392545263,Another One Bites the Net: Assessing the Economic Impacts of Lagocephalus sceleratus on Small-Scale Fisheries in Greece,LY,multiple North African,TRUE,TRUE,TRUE
https://openalex.org/W4399809350,Preliminary Insights on the Habitat Use and Vertical Movements of the Pelagic Stingray (Pteroplatytrygon violacea) in the Western Mediterranean Sea,TN,multiple North African,TRUE,TRUE,TRUE
https://openalex.org/W3081500063,"A Landscape without Nonhuman Primates? The Case of the Barbary Macaque, Macaca sylvanus, (Linnaeus, 1758) and Its Interaction with Humans throughout Recorded Time",TN,multiple North African,TRUE,FALSE,TRUE
https://openalex.org/W4388221773,IoT Sensor Network for Wild-Animal Detection near Roads,MA,not stated,FALSE,NA,TRUE
https://openalex.org/W2800277589,"Predicting Migratory Corridors of White Storks, Ciconia ciconia, to Enhance Sustainable Wind Energy Planning: A Data-Driven Agent-Based Model",EG,not stated,FALSE,NA,TRUE
https://openalex.org/W4379411076,Drivers of Small-Scale Fishers’ Acceptability across Mediterranean Marine Protected Areas at Different Stages of Establishment,TN,multiple North African,TRUE,TRUE,TRUE
https://openalex.org/W4396218332,High Loggerhead (Caretta caretta) Bycatch Rate along with Several Endangered Target Species: Two Reasons to Look for Alternative to Traditional Large-Mesh Bottom-Set Gillnets (Garrasia) for More Sustainable Fisheries in the Gulf of Gabès (Tunisia),TN,Tunisia,TRUE,TRUE,TRUE
https://openalex.org/W4402524969,Ghost Gear in the Gulf of Gabès (Tunisia): An Urgent Need for a Conservation Code of Conduct,TN,multiple North African,TRUE,TRUE,TRUE
https://openalex.org/W7160186947,SARS-CoV-2 Lockdown and Ungulate Raids on Golf Courses,REGION,other country,FALSE,TRUE,TRUE
https://openalex.org/W4402750361,Climate Warming and Mismanagement Drive the Shift of Fish Communities in the Wadi El-Rayan Arid Lakes,MA,multiple North African,TRUE,TRUE,TRUE
https://openalex.org/W7128432763,When Domestic Goats Go Wild. Effects of Feral Goats on Ecosystems and Management Strategies,EG,multiple North African,FALSE,NA,TRUE
https://openalex.org/W7134063062,Protecting Elephants Through Science and Dance: A Powerful Environmental Education Approach,EG,other country,FALSE,NA,TRUE
https://openalex.org/W3174641225,"On the Hunting of the Common Quail (Coturnix coturnix Linnaeus, 1758) Along the Mediterranean Coast of the Gaza Strip – Palestine",EG,other country,FALSE,NA,TRUE
https://openalex.org/W3172350477,"On the Hunting of, and Threats Facing, the Cape Hare (Lepus capensis Linnaeus, 1758) in the Gaza Strip, Palestine",TN,other country,FALSE,TRUE,TRUE
https://openalex.org/W2286354200,L’évolution récente de l’avifaune du Nord-Est marocain : pertes et gains depuis 35 ans,MA,Morocco,TRUE,TRUE,TRUE
https://openalex.org/W2299960256,"Valorisation des eaux de surface de la réserve de Mergueb (M’sila, Algérie) au profit de la faune sauvage protégée dont la Gazelle de Cuvier, espèce emblématique de la région",DZ,Algeria,TRUE,TRUE,TRUE
https://openalex.org/W3163071799,Status and trends of the Canada Goose Branta canadensis in France,REGION,other country,FALSE,TRUE,TRUE
https://openalex.org/W4390354179,"What does the diet of the Common Starling (Sturnus vulgaris Linnaeus, 1758) in the Ziban Oasis (Algeria) indicate: pest or useful in agriculture?",TN,Algeria,TRUE,TRUE,TRUE
https://openalex.org/W3183479500,"Economic losses caused by rodents in some types of maize fields at Farshout District, Qena Governorate, Egypt",EG,Egypt,TRUE,TRUE,TRUE
https://openalex.org/W4413435269,"Assessment of Morphometric Characteristics and Conservation Challenges of Pteroplatytrygon Violacea (Bonaparte, 1832) in Libyan Waters",LY,multiple North African,TRUE,TRUE,TRUE
https://openalex.org/W2580434062,"Silver-cheeked toadfish, Lagocephalus sceleratus (Actinopterygii: Tetraodontiformes: Tetraodontidae), causes a substantial economic losses in the Turkish Mediterranean coast: A call for decision makers",EG,other country,FALSE,NA,TRUE
https://openalex.org/W3210000181,Status of Chinese Carp Fisheries in Tunisian Freshwater Reservoirs: Threats and Opportunities,TN,Tunisia,TRUE,TRUE,TRUE
https://openalex.org/W4399672673,"Additional records of the little sleeper shark, Somniosus rostratus (Elasmobranchii: Squaliformes: Somniosidae), in Mediterranean Sea",TN,multiple North African,TRUE,TRUE,TRUE
https://openalex.org/W3029444820,First study of sea turtle strandings in Algeria (western Mediterranean) and associated threats: 2016–2017,DZ,Algeria,TRUE,TRUE,TRUE
https://openalex.org/W3188375666,Economic costs of invasive alien species in the Mediterranean basin,TN,multiple North African,TRUE,TRUE,TRUE
56420063,Gestión del corzo en Zaragoza: de conservación a control poblacional,REGION,other country,FALSE,NA,TRUE
https://openalex.org/W1543624443,Seabird mortality from longline fishing in the Mediterranean Sea and Macaronesian waters: a review and a way forward,TN,multiple North African,TRUE,NA,TRUE
https://openalex.org/W1863567874,Incidental capture of sea turtles by longlines in the Gulf of Gabès (South Tunisia): A comparative study between bottom and surface longlines,TN,multiple North African,TRUE,TRUE,TRUE
https://openalex.org/W13500458,Mitochondrial DNA reveals regional and interregional importance of the central Mediterranean African shelf for loggerhead sea turtles (Caretta caretta),TN,multiple North African,TRUE,TRUE,TRUE
https://openalex.org/W2078997650,Fishing activity and impacts along the main nesting area of loggerhead sea turtle Caretta caretta in Italy: overwhelming discrepancy with the official data,LY,other country,FALSE,TRUE,TRUE
https://openalex.org/W2201706815,"Roles of tourism in the local people’s opinion regarding human-macaque conflict in the central High Atlas, Morocco",MA,multiple North African,TRUE,TRUE,TRUE
https://openalex.org/W3186672508,Incidental catch of vulnerable species in Mediterranean and Black Sea fisheries - A review,TN,multiple North African,TRUE,TRUE,TRUE
125199137,Quantifying the nutritional and income loss caused by crop raiding in a rural African subsistence farming community in South Africa,REGION,other country,FALSE,TRUE,TRUE
https://openalex.org/W2568954900,A Cultural Herpetology of Nile Crocodiles in Africa,EG,multiple North African,TRUE,FALSE,TRUE
https://openalex.org/W2155616904,Do Marine Protected Areas in the Red Sea Afford Protection to Dugongs and Sea Turtles?,EG,multiple North African,TRUE,TRUE,TRUE
https://openalex.org/W2808697371,Geographical distribution of health indicators related to snake bites and envenomation in Morocco between 1999 and 2013,MA,Morocco,TRUE,TRUE,TRUE
https://openalex.org/W3129014826,"Occurrence and Some Ecological Aspects of the Golden Jackal (&amp;lt;i&amp;gt;Canis aureus&amp;lt;/i&amp;gt; Linnaeus, 1758) in the Gaza Strip, Palestine",DZ,other country,FALSE,TRUE,TRUE
https://openalex.org/W2317344285,REVIEW OF THE FACTORS UNDERLYING THE MECHANISMS AND EFFECTS OF ROADS ON VERTEBRATES,EG,not stated,FALSE,NA,TRUE
https://openalex.org/W2920964506,REPORT OF INJURIES IN BATOIDS CAUGHT IN SMALL-SCALE FISHERIES: IMPLICATIONS FOR MANAGEMENT PLANS,TN,not stated,FALSE,NA,TRUE
https://openalex.org/W4390757936,Threats and Mitigation,MA,multiple North African,TRUE,FALSE,TRUE
https://openalex.org/W4382585571,First data about movements and threats of Rüppell's Vultures (Gyps rueppellii) tagged in Morocco: an international and multi-institutional study.,DZ,multiple North African,TRUE,TRUE,TRUE
https://openalex.org/W3016553572,Wildlife trafficking and criminogenic asymmetries in a globalised world,DZ,multiple North African,TRUE,TRUE,TRUE
https://openalex.org/W5658784,A first assessment of feeding habits in the fruit bat Rousettus aegyptiacus on Cyprus island,EG,other country,FALSE,TRUE,TRUE
https://openalex.org/W2598288044,Golden jackal expansion in Europe: a case of mesopredator release triggered by continent-wide wolf persecution?,EG,other country,FALSE,TRUE,TRUE
https://openalex.org/W4414777589,GLOBAL AND LOCAL DRIVERS OF CORAL REEF DEGRADATION: KEY STRATEGIES FOR MITIGATING DAMAGE AND FOSTERING RESILIENCE,EG,multiple North African,TRUE,NA,TRUE
https://openalex.org/W4412637076,Myths about Wildlife use for Medicinal Purposes,EG,multiple North African,TRUE,FALSE,TRUE
https://openalex.org/W4387024935,Injuries in cetaceans in the Strait of Gibraltar: an update for the period 2016-2020,MA,multiple North African,TRUE,TRUE,TRUE
https://openalex.org/W4391197122,"Population biology, conservation threats and status of Mediterranean striped dolphins (Stenella coeruleoalba)",MA,multiple North African,TRUE,FALSE,TRUE
https://openalex.org/W4416113596,Smart Agriculture: Deep Learning Approach for Bird Detection on Crops in the Field,MA,not stated,FALSE,NA,TRUE
https://openalex.org/W2917364974,Shark Attack versus Ecotourism: Negative and Positive Interactions,EG,other country,FALSE,TRUE,TRUE
https://openalex.org/W4411617346,10.51847/g9duHRt,DZ,multiple North African,TRUE,TRUE,TRUE
https://openalex.org/W4408823380,Mitigating dolphin depredation in Mediterranean fisheries: results and insights from collaborative efforts for cetacean conservation and sustainable fisheries,TN,multiple North African,TRUE,TRUE,TRUE
https://openalex.org/W7118164958,Elephant (Research) Routes,EG,not stated,FALSE,NA,TRUE
https://openalex.org/W4289548230,"Analysis Of Fish Community At The First Artificial Reef In Morocco (Martil, Mediterranean).",MA,Morocco,TRUE,TRUE,TRUE
https://openalex.org/W4288349131,The shifting distribution of Mediterranean fishes: a spatio-temporal assessment based on Local Ecological Knowledge.,TN,multiple North African,TRUE,FALSE,TRUE
https://openalex.org/W4286380219,D7.9 Review of species-specific collision risks for sea birds,TN,multiple North African,TRUE,FALSE,TRUE
https://openalex.org/W4301525508,Review of species-specific collision risks for seabirds,TN,multiple North African,TRUE,FALSE,TRUE
https://openalex.org/W4303457477,"IPBES Sustainable Use of Wild Species Assessment - Chapter 3. Status of and trends in the use of wild species and its implications for wild species, the environment and people",REGION,multiple North African,TRUE,FALSE,TRUE
https://openalex.org/W4309601661,IPBES Sustainable Use of Wild Species Assessment - Chapter 4. The drivers of the sustainable use of wild species,REGION,multiple North African,TRUE,FALSE,TRUE
https://openalex.org/W4323066251,IPBES Sustainable Use of Wild Species Assessment - Chapter 4. The drivers of the sustainable use of wild species,REGION,multiple North African,TRUE,FALSE,TRUE
https://openalex.org/W3015183224,Phylogeny and ecology of the Himalayan wolf,REGION,other country,FALSE,NA,TRUE
https://openalex.org/W4410473255,Mole rat and human: measures to limit the presence of the rodents,LY,not stated,FALSE,NA,TRUE
https://openalex.org/W4415743148,"&lt;b&gt;Impact of light pollution on the success of loggerhead turtle nesting in Chebba, Tunisia&lt;/b&gt;",TN,Tunisia,TRUE,TRUE,TRUE
https://openalex.org/W4411035654,"&lt;b&gt;Artisanal fisher ecological knowledge with morphometric measurements of Angel Sharks form Libya, Central Mediterranean&lt;/b&gt;",LY,Libya,TRUE,TRUE,TRUE
https://openalex.org/W7138888116,Latest sightings of the striped hyena in North Africa: major threats and conservation actions,TN,multiple North African,TRUE,TRUE,TRUE
https://openalex.org/W4411744005,Spatiotemporal dynamics of wild boar-induced crop damage in Southern Tunisian agroecosystems and the role of oasis characteristics,TN,multiple North African,TRUE,TRUE,TRUE
https://openalex.org/W4386830300,Rethinking Marine Resource Management and the Livelihoods of Artisanal Fishers,EG,multiple North African,TRUE,FALSE,TRUE
https://openalex.org/W4297053121,Rewilding and its implications for agriculture,REGION,not stated,FALSE,NA,TRUE
https://openalex.org/W1503887661,Biological and Ecological Studies on Land Snails and Their Control,EG,multiple North African,TRUE,TRUE,TRUE
https://openalex.org/W4407427266,Sea Turtles in Tunisia: An Overview on their Status and Conservation Effort,TN,multiple North African,TRUE,NA,TRUE
https://openalex.org/W4408717697,"Vulnerable Marine Vertebrates along the Egyptian Mediterranean Coast: Challenges to the Anthropogenic, Fisheries Bycatch and Climatic Changes",EG,Egypt,TRUE,TRUE,TRUE
https://openalex.org/W4318473726,"Queens of the Night, the Owls of Iraq and Syria - Species, Current Distribution, and Conservation Status",EG,multiple North African,FALSE,NA,TRUE
https://openalex.org/W2946779578,Cheetahs Race for Survival: Ecology and Conservation,TN,other country,FALSE,NA,TRUE
https://openalex.org/W3158865426,The Limit to the Density of Species (A Reflection on Human Intervention in Conservation and Its Effects),EG,multiple North African,FALSE,NA,TRUE
https://openalex.org/W4320163714,Diagnosing injuries caused by Indian wild boar: A case report,REGION,other country,FALSE,TRUE,TRUE
https://openalex.org/W2317734999,The effects of power lines on ungulates and implications for power line routing and rights-of-way management,MA,not stated,FALSE,NA,TRUE
https://openalex.org/W4379795531,The Red Sea Fisheries - Threats and Proposed Solutions,EG,multiple North African,TRUE,TRUE,TRUE
https://openalex.org/W4380050798,The Red Sea Fisheries - Threats and Proposed Solutions,EG,multiple North African,TRUE,TRUE,TRUE
https://openalex.org/W7137890517,Impact of bycatch in tunisian coastal fisheries:Proposed fishing gear and practice modifications to Mitigate the effect on threatened sea turtles,TN,multiple North African,TRUE,NA,TRUE
https://openalex.org/W2206652945,Spanish Imperial Eagles and other eagles found electrocuted in Morocco and proposition of correction measures,DZ,multiple North African,TRUE,TRUE,TRUE
https://openalex.org/W4414984302,Blue Carbon and Food Security: A Systematic Review of Mangrove Ecosystem Services for SDG 13 (Climate Action) and SDG 2 (Zero Hunger),REGION,multiple North African,TRUE,FALSE,TRUE
https://openalex.org/W4403787636,Advances in Vertebrate Pest Management,EG,not stated,FALSE,NA,TRUE
https://openalex.org/W4406349403,Guidelines for the management of cetacean watching activities in the ACCOBAMS area,EG,multiple North African,TRUE,TRUE,TRUE
https://openalex.org/W4406692881,Guidelines for technical measures to minimise cetacean-fishery conflicts in the Mediterranean and Black Seas,TN,multiple North African,TRUE,FALSE,TRUE
https://openalex.org/W4245410401,Ecology of Caracals and Their Distribution in Africa: A Review Paper,TN,multiple North African,TRUE,TRUE,TRUE
https://openalex.org/W2954627580,"Water Hyacinth (Eichhornia crassipes) Biology and Its Impacts on Ecosystem, Biodiversity, Economy and Human Well-being",EG,multiple North African,TRUE,NA,TRUE
https://openalex.org/W4220899193,"Some Morphometric Measurements of the Critically Endangered Angular Rough Shark (Oxynotus centrina (Linnaeus, 1758) Caught by Trammel Nets in the Sea of Marmara",TN,other country,FALSE,TRUE,TRUE
11603729,"PRIDE IN OUR PRIDES: MITIGATING HUMAN-LION CONFLICT IN THE OKAVANGO DELTA, BOTSWANA",REGION,other country,FALSE,TRUE,TRUE
153891072,Apex Predators in the Anthropocene: African Large Carnivore Ecology at the Human-Wildlife Interface,REGION,other country,FALSE,NA,TRUE
https://openalex.org/W2513225841,Liposomal Microencapsulation of Rodent-repelling Agents onto Jute Burlaps: Assessment of Cytotoxicity and Rat Behavioral Test,EG,Egypt,TRUE,TRUE,TRUE
https://openalex.org/W7133661491,Fruitful outcomes without fatal costs: non-lethal alternatives show promise in alleviating human-wildlife conflict involving an island flying fox,EG,not stated,FALSE,NA,TRUE
https://openalex.org/W2131413306,"Boat traffic in Lampedusa waters (Strait of Sicily, Mediterranean Sea) and its relation to the coastal distribution of common bottlenose dolphin (Tursiops truncatus)",TN,other country,FALSE,TRUE,TRUE
https://openalex.org/W3042821301,Fishing co-operation between the Kingdom of Morocco and the European Union : towards integrated and sustainable fisheries management,MA,Morocco,TRUE,TRUE,TRUE
https://openalex.org/W3131003730,Studies on the Ecology and Conservation of Marine Turtles: With Particular Reference to the Mediterranean,TN,multiple North African,TRUE,NA,TRUE
https://openalex.org/W7139743578,National Oceanic and Atmospheric Administration Report 26,TN,multiple North African,TRUE,FALSE,TRUE
https://openalex.org/W96465938,Coral reef health indicators: integrating ecological and perceptual assessments of anchor damage,EG,not stated,FALSE,NA,TRUE
https://openalex.org/W2154998326,ECOSYSTEM EFFECTS OF FISHING IN THE MEDITERREAN: AN ANALYSIS OF THE MAJOR THREATS OF FISHING GEAR AND PRACTICES TO BIODIVERSITY AND MARINE HABITATS,REGION,multiple North African,TRUE,FALSE,TRUE
https://openalex.org/W2586754777,Global priorities for reduction of cetacean bycatch,MA,not stated,FALSE,NA,TRUE
https://openalex.org/W2556430982,EXTENDED ABSTRACT Trionyx triunguis: The brackish water turtle that also lives in the Mediterranean Sea,EG,multiple North African,TRUE,TRUE,TRUE
https://openalex.org/W2502035066,"07. Impact of trawl fishery on marine turtles in the Gulf of Gabès, Tunisia",TN,multiple North African,TRUE,TRUE,TRUE
https://openalex.org/W279080803,"Spoor density, movement and rehabilitation of cheetahs in Botswana",REGION,other country,FALSE,NA,TRUE
https://openalex.org/W2479764566,"05. Gillnet fishery – loggerhead turtle interactions in the Gulf of Gabes, Tunisia",TN,Tunisia,TRUE,TRUE,TRUE
https://openalex.org/W3124911220,Managing Bluefin Tuna in the Mediterranean Sea,TN,multiple North African,TRUE,TRUE,TRUE
https://openalex.org/W85167139,USE OF SUB-SAHARAN VULTURES IN TRADITIONAL MEDICINE AND CONSERVATION AND POLICY ISSUES FOR THE AFRICAN GREY PARROT (Psittacus erithacus),EG,multiple North African,FALSE,NA,TRUE
291552225,"Human ‐ Wildlife Conflict Involving Ethiopian Wolf (Canis simensis) and Gelada Baboon (Theropithicus gelada) in and around Guassa Community Conservation Area, North Shoa, Ethiopia",REGION,other country,FALSE,NA,TRUE
https://openalex.org/W648173432,"Assessing conservation of a tropical African estuary : waterbird disturbance, livelihoods, and ecotourism",TN,other country,FALSE,TRUE,TRUE
https://openalex.org/W2159977700,"Local attitudes and elephant spatial distribution in the Bénoué region, Cameroon: implications for human-elephant conflict and conservation",MA,other country,FALSE,TRUE,TRUE
https://openalex.org/W7139462097,"Fisheries Centre research reports. Volume 17, number 2",MA,multiple North African,TRUE,TRUE,TRUE
https://openalex.org/W2173045119,"An Analysis of Global Chondrichthyan Species Decline: Insight into Management Issues and Potential Solutions to Reverse the Effects of Shark ""Finning,"" Bycatch, and Habitat Destruction",EG,not stated,FALSE,NA,TRUE
https://openalex.org/W2230709838,Non-chemical control of the Red-billed Quelea (Quelea Quelea) and use of the birds as a food resource,TN,other country,FALSE,NA,TRUE
https://openalex.org/W930013270,Evaluating the Potential of Swordfish Buoy Gear as an Alternative to Pelagic Driftnets in the Artisanal Fisheries of Morocco and Turkey,MA,multiple North African,TRUE,TRUE,TRUE
https://openalex.org/W128877399,The bush meat and conservation status of the African dwarf crocodile Osteolaemus tetraspis,EG,other country,FALSE,TRUE,TRUE
17470985,Evaluating land use options at the wildlife/livestock interface: an integrated spatial land use analysis,REGION,other country,FALSE,NA,TRUE
7496319,"Ecology, impacts and management of pest birds",REGION,multiple North African,FALSE,NA,TRUE
https://openalex.org/W142839631,Ecology of marine turtles across the eastern Mediterranean and the Middle East,TN,multiple North African,TRUE,TRUE,TRUE
https://openalex.org/W1425153572,"DISTRIBUTION, ECOLOGY, AND TROPHIC RELATIONSHIPS OF A COLONIAL WATERBIRD: THE DOUBLE-CRESTED CORMORANT",TN,other country,FALSE,NA,TRUE
https://openalex.org/W1568492928,"Biodiversity and Status of Cetaceans in Benin, West Africa: an Initial Assessment",MA,other country,FALSE,NA,TRUE
https://openalex.org/W2600438549,Fighting Over Fish: How Climate Change Could Influence Violent Conflict,LY,multiple North African,TRUE,FALSE,TRUE
https://openalex.org/W280442085,"Including People in Primate Conservation: A Case Study of Shepherds and Barbary Macaques in Bouhachem forest, Northern Morocco",TN,Morocco,TRUE,TRUE,TRUE
147626847,Assessing Perceived And Documented Crop Damage In A Tanzanian Village Impacted By Human-Elephant Conflict (HEC),REGION,other country,FALSE,TRUE,TRUE
https://openalex.org/W2341723205,"The impact of Bedouin agricultural gardens on biodiversity in South Sinai, Egypt",TN,Egypt,TRUE,TRUE,TRUE
https://openalex.org/W2498567220,An experimental assessment of the efficacy of falconry to mitigate human-wildlife conflict: Egyptian Geese Alopochen aegyptiaca at golf courses,EG,other country,FALSE,NA,TRUE
9052239,Trawling and creeling for nephrops: impacts on biodiversity and populations structure,MA,multiple North African,TRUE,TRUE,TRUE
312874712,Migratory corridors and foraging hotspots: Critical habitats identified for Mediterranean green turtles,LY,multiple North African,TRUE,FALSE,TRUE
https://openalex.org/W2417103374,Multiple approaches and novel techniques to study the spatial ecology of marine vertebrates,TN,not stated,FALSE,NA,TRUE
https://openalex.org/W3206083542,"Western Africa's Missing Fish: The impact of illegal, unreported and unregulated fishing and under-reporting catches by foreign fleets.",MA,other country,FALSE,NA,TRUE
https://openalex.org/W2468522283,Sea Turtle Conservation: Reviewing the Efficacy of Land- and Sea-based Management Strategies for Loggerhead (Caretta caretta) and Leatherback (Dermochelys coriacea) Sea Turtles,MA,multiple North African,FALSE,NA,TRUE
https://openalex.org/W2967004853,Cranes and crops: investigating the viability of blue cranes in agricultural lands of the Western Cape,EG,other country,FALSE,NA,TRUE
https://openalex.org/W2339644731,The pursuit of hippo-ness : hippopotamus and human,EG,not stated,FALSE,NA,TRUE
https://openalex.org/W2465773937,"Anthropogenic Influences on the Wildlife Conservation Efforts in Maze National Park, Southern Ethiopia",REGION,other country,FALSE,TRUE,TRUE
https://openalex.org/W2966621811,Using Conditioned Food Aversion (CFA) to reduce Pied Crow (Corbus albus) predation of plover nests,REGION,other country,FALSE,TRUE,TRUE
310900409,Shelf life: Neritic habitat use of a turtle population highly threatened by fisheries,TN,multiple North African,TRUE,FALSE,TRUE
https://openalex.org/W2788326307,Fish and fishing monitoring methods and indicators in Marine Protected Areas in Tunisia,TN,Tunisia,TRUE,TRUE,TRUE
https://openalex.org/W2766810319,Using the KoBoCollect tool to analyze the socio-economic and socio-cultural aspects of commercial hunting and consumption of migratory waterbirds in the Lakes Chad and Fitri (Chad),EG,multiple North African,FALSE,NA,TRUE
https://openalex.org/W2612610849,"A Bird in the Hand: Shotguns, Deadly Oil Pits, Cute Kittens, and the Migratory Bird Treaty Act",EG,other country,FALSE,NA,TRUE
138701980,"Distribution, abundance and population structure of Hexaplex trunculus and Bolinus brandaris (Gastropoda: Muricidae) in offshore areas of the Gulf of Gabès, southern Tunisia",TN,Tunisia,TRUE,TRUE,TRUE
https://openalex.org/W2943862379,Current and future interactions between nature and society,TN,multiple North African,TRUE,TRUE,TRUE
https://openalex.org/W2908417904,Effects of Human Activities on Coastal Dolphin Behavior,MA,multiple North African,TRUE,NA,TRUE
https://openalex.org/W2885055189,#PrimatesAreNOTPets: The Role of Social Media in the Primate Pet Trade and Primate Conservation,MA,not stated,FALSE,NA,TRUE
https://openalex.org/W2916056239,Integrating GIS approaches with geographic profiling as a novel conservation tool,EG,other country,FALSE,NA,TRUE
https://openalex.org/W2805063913,"Trophic Shifts Introduced To The Saco River Estuary By A Central Secondary Consumer, The Invasive European Green Crab (Carcinus Maenas)",REGION,other country,FALSE,NA,TRUE
304099714,"Vulnerability of elasmobranchs as longline bycatch in the gulf of Gabes (Southern Tunisia, central Mediterranean sea).",TN,multiple North African,TRUE,FALSE,TRUE
14327335,Important areas at sea for adult loggerhead sea turtles in the Mediterranean Sea: satellite tracking corroborates findings from potentially biased sources,REGION,multiple North African,TRUE,TRUE,TRUE
https://openalex.org/W3093465490,Understanding and reducing the impact of fishing on discarded sharks and rays with innovative new tools for conservation and research,TN,multiple North African,TRUE,FALSE,TRUE
https://openalex.org/W3024851867,The Social and Ecological Dimensions of Vertebrate Management: Reintroductions and Invasions,LY,other country,FALSE,TRUE,TRUE
https://openalex.org/W3037333349,"Individual and environmental drivers of resource use in an endangered vulture: integrating movement, spatial and social ecology",EG,multiple North African,TRUE,NA,TRUE
https://openalex.org/W3033097807,A Modern Cat-tas-trophe? The Relationships and Impacts between Feral Cat Management and Sustainable Urban Development: A Literature Review,EG,not stated,FALSE,NA,TRUE
86290493,Predicting livestock depredation risk by African lions (Panthera leo) in a multi-use area of northern Tanzania,REGION,other country,FALSE,TRUE,TRUE
https://openalex.org/W4393365762,Human - Waterbird interactions : Uses of waterbird populations by local communities in major Sahelo-Saharan wetlands : towards sustainable management?,TN,multiple North African,TRUE,TRUE,TRUE
https://openalex.org/W7163616233,"Situación del meloncillo (Herpestes ichneumon) en Castilla-La Mancha, efectos sobre sus presas y percepción social",EG,other country,FALSE,NA,TRUE
https://openalex.org/W4400638569,Perception visuelle des éoliennes par les oiseaux,TN,not stated,FALSE,NA,TRUE
292045994,"Vulnerability of elasmobranchs caught as bycatch in the grouper longline fishery in the Gulf of Gabès, Tunisia",TN,Tunisia,TRUE,TRUE,TRUE
https://openalex.org/W7164091231,Anàlisi del grau de solapament entre l&apos;esforç de pesca aparent i l&apos;hàbitat de la tortuga boba en el Mediterrani occidental,TN,multiple North African,TRUE,TRUE,TRUE
https://openalex.org/W2768693021,Considerations for Human and Non-human Primate Coexistence,DZ,not stated,FALSE,NA,TRUE
https://openalex.org/W7137649246,Chapter 1 Contested airport lands in the Global South,MA,not stated,FALSE,NA,TRUE
https://openalex.org/W7112711032,Shark News,EG,not stated,FALSE,NA,TRUE
https://openalex.org/W7167993435,Ferite inferte all’uomo dal sarago maggiore (Diplodus sargus),EG,multiple North African,TRUE,FALSE,TRUE
https://openalex.org/W7166600224,Analisi degli attacchi di squali confermati nel Mediterraneo orientale e nel Mar di Marmara (1827-2025),LY,multiple North African,TRUE,TRUE,TRUE
https://openalex.org/W7112527345,Défis liés aux conflits armés dans les aires protégées en Afrique : cas de quelques sites du patrimoine mondial,REGION,other country,FALSE,NA,TRUE
https://openalex.org/W7163606199,Landscape and spatial correlates of vehicle collisions involving large and medium-sized mammals: a systematic review and meta-analysis,REGION,not stated,FALSE,NA,TRUE
309650787,Distribution of sea turtles and their anthropogenic threats: innovative approaches to improve conservation actions,TN,multiple North African,TRUE,FALSE,TRUE
https://openalex.org/W1522713085,,EG,other country,FALSE,TRUE,TRUE
https://openalex.org/W2919734443,,REGION,multiple North African,TRUE,FALSE,TRUE
